cd_cvm;cnpj;empresa;ano;roe;roa;endividamento;liquidez_corrente;margem_operacional;caixa;crescimento_receita;crescimento_ativos;receita;ativo_total;lucro_liquido;patrimonio_liquido
001023;00.000.000/0001-91;BCO BRASIL S.A.;2020;78.6811600379;0.784799271721;88.7516900129;56.8662347114;11.7342770459;16784560000;;;98659704000;1.693794003e+12;13292883000;16894620000
001023;00.000.000/0001-91;BCO BRASIL S.A.;2021;101.200950083;1.03840627238;88.5159867471;26.5418449893;19.0474959046;18023001000;27.6582149486;12.1352719183;125947217000;1.899340511e+12;19722871000;19488820000
001023;00.000.000/0001-91;BCO BRASIL S.A.;2022;135.940895681;1.48672207301;87.4603936448;24.8937911174;16.1918709198;18310546000;87.8160205795;5.70658422607;236549051000;2.007727977e+12;29849335000;21957583000
001023;00.000.000/0001-91;BCO BRASIL S.A.;2023;152.226257292;1.53980792041;87.6054598275;21.9145294616;15.5015850087;17327745000;12.21292323;7.27939624662;265438605000;2.153878452e+12;33165591000;21787037000
001023;00.000.000/0001-91;BCO BRASIL S.A.;2024;111.77267125;1.21613084335;88.0022095392;10.060536145;10.1316470409;20079736000;3.03899615506;11.3674355567;273505274000;2.398719197e+12;29171564000;26099013000
001023;00.000.000/0001-91;BCO BRASIL S.A.;2025;43.3755179164;0.6835421102;87.7472654342;13.3271664863;1.75721499662;19737849000;16.8029045027;2.35225765778;319462104000;2.455143253e+12;16781938000;38689885000
014206;00.000.208/0001-00;BRB BANCO DE BRASILIA S.A.;2020;1.99460534724;1.6605052226;0;;18.3013594828;2973131000;;;3373121000;25496999000;423379000;21226204000
014206;00.000.208/0001-00;BRB BANCO DE BRASILIA S.A.;2021;-59.3215625696;-1.28322335518;80.582808638;;-9.18198849868;0;2.46074777632;24.5313615143;3456125000;31751760000;-407446000;686843000
014206;00.000.208/0001-00;BRB BANCO DE BRASILIA S.A.;2022;12.7768610375;0.219777679822;85.9236000929;;-1.72577145843;266632000;77.2794386777;30.2632924915;6126999000;41360888000;90902000;711458000
014206;00.000.208/0001-00;BRB BANCO DE BRASILIA S.A.;2023;25.3562861955;0.379380692679;87.5983632301;;5.47857394935;190398000;-29.981088621;20.7907020758;4290058000;49960107000;189539000;747503000
014206;00.000.208/0001-00;BRB BANCO DE BRASILIA S.A.;2024;39.4915676052;0.497595273754;86.2544375267;;4.60190388621;179074000;107.674488317;25.108643182;8909356000;62504412000;311019000;787558000
002437;00.001.180/0001-26;CENTRAIS ELET BRAS S.A. - ELETROBRAS;2020;8.6606114328;3.56900024317;58.7904356308;1.71180394019;29.6566020001;3859969000;;;29080513000;178966449000;6387313000;73751294000
002437;00.001.180/0001-26;CENTRAIS ELET BRAS S.A. - ELETROBRAS;2021;7.47693660517;3.0342750282;59.4182057649;1.66412833163;34.6943093011;2737253000;29.3520544153;5.2169666729;37616241000;188303069000;5713633000;76416764000
002437;00.001.180/0001-26;AXIA ENERGIA S.A.;2022;3.2769762208;1.34646442649;58.9113763492;1.87675805446;22.6587785556;13837527000;-9.41616680944;43.5013584404;34074233000;270217462000;3638382000;111028636000
002437;00.001.180/0001-26;AXIA ENERGIA S.A.;2023;3.90777122808;1.64566000419;57.887503947;1.7635309123;36.9507575411;13494059000;9.05280832;-1.16935744145;37158908000;267057654000;4394861000;112464644000
002437;00.001.180/0001-26;AXIA ENERGIA S.A.;2024;8.5088295572;3.58115892317;57.9124379082;2.03763351488;55.3709423668;27081256000;8.13437251708;8.54260331366;40181552000;289871330000;10380753000;121999776000
002437;00.001.180/0001-26;AXIA ENERGIA S.A.;2025;5.53549981162;2.34536893003;57.6304035796;1.68151311882;9.56014878882;16417860000;2.73768419896;-3.51388217662;41281596000;279685593000;6559659000;118501657000
014451;00.070.698/0001-11;COMPANHIA ENERGÉTICA DE BRASÍLIA - CEB;2020;51.6613104654;12.1388432132;76.503028855;1.1664315457;51.46564359;136703000;;;255178000;3833792000;465378000;900825000
014451;00.070.698/0001-11;COMPANHIA ENERGÉTICA DE BRASÍLIA - CEB;2021;122.319156395;85.4740469075;30.1221088943;2.17216003552;547.732651681;714792000;34.4504620304;-60.4990046408;343088000;1514386000;1294407000;1058221000
014451;00.070.698/0001-11;COMPANHIA ENERGÉTICA DE BRASÍLIA - CEB;2022;21.031951405;17.9599214102;14.6064905518;4.62039511222;88.2569820959;739509000;-6.08327892552;-5.12148157735;322217000;1436827000;258053000;1226957000
014451;00.070.698/0001-11;COMPANHIA ENERGÉTICA DE BRASÍLIA - CEB;2023;18.5197763976;16.599334114;10.3696839655;6.96567588891;63.0531155427;682918000;9.42035957134;-1.45939629475;352571000;1415858000;235023000;1269038000
014451;00.070.698/0001-11;COMPANHIA ENERGÉTICA DE BRASÍLIA - CEB;2024;17.149298902;15.1906859575;11.4209505335;7.28192610192;63.1006167783;708612000;-0.624555054159;4.85797304532;350369000;1484640000;225527000;1315080000
014451;00.070.698/0001-11;COMPANHIA ENERGÉTICA DE BRASÍLIA - CEB;2025;20.1791779971;17.3483320358;14.0285494373;6.6816590605;44.7534359851;424671000;45.6561510864;-8.63886194633;510334000;1356384000;235310000;1166103000
026190;00.080.671/0001-00;CARAMURU ALIMENTOS S.A.;2020;18.4035333244;4.56108104218;75.2162752566;1.28883383135;15.7051169573;858574000;;;6069525000;4863825000;221843000;1205437000
026190;00.080.671/0001-00;CARAMURU ALIMENTOS S.A.;2021;23.3615207332;5.40238218571;76.8748693743;1.36253057322;8.14938810637;2000811000;25.0880587855;34.6718477741;7592251000;6550203000;353867000;1514743000
026190;00.080.671/0001-00;CARAMURU ALIMENTOS S.A.;2022;19.1824267796;4.03292402835;78.9759446254;1.34908058058;5.25297065651;2668412000;13.6207957298;32.017633652;8626376000;8647423000;348744000;1818039000
026190;00.080.671/0001-00;CARAMURU ALIMENTOS S.A.;2023;11.9424409567;3.82028416924;68.010859898;1.59548890397;4.0814522929;1088465000;-11.9848474029;-27.3944156542;7592518000;6278512000;239857000;2008442000
026190;00.080.671/0001-00;CARAMURU ALIMENTOS S.A.;2024;12.1623814443;3.76786622604;69.0203251453;1.6198048063;9.59398878342;2536096000;-4.21090868668;15.0106426491;7272804000;7220957000;272076000;2237029000
026190;00.080.671/0001-00;CARAMURU ALIMENTOS S.A.;2025;20.7645122659;8.07525505783;61.1103070739;1.79785467531;6.65073363883;2017378000;12.1699003576;-2.11138218937;8157897000;7068495000;570799000;2748916000
014613;00.192.769/0001-59;NEUMARKT TRADE AND FINANCIAL CENTER S/A;2020;12.1757833148;-31.7128750475;360.458602355;4.15789473684;972.54509018;32000;;;499000;21064000;-6680000;-54863000
014613;00.192.769/0001-59;NEUMARKT TRADE AND FINANCIAL CENTER S/A;2021;16.1757066463;-47.2001783326;391.796700847;18.25;127.803738318;4000;-14.2284569138;6.48499810103;428000;22430000;-10587000;-65450000
014613;00.192.769/0001-59;NEUMARKT TRADE AND FINANCIAL CENTER S/A;2022;6.92948298894;-21.2582290622;406.779439334;2.59090909091;-128.174603175;12000;17.7570093458;2.26036558181;504000;22937000;-4876000;-70366000
014613;00.192.769/0001-59;NEUMARKT TRADE AND FINANCIAL CENTER S/A;2023;1.44127740038;-5.26665984236;465.416112192;0.0159558146671;-735.361842105;1000;20.6349206349;-14.8188516371;608000;19538000;-1029000;-71395000
026174;00.194.724/0001-13;AUREN OPERAÇÕES S.A.;2020;-1.9034354689;-1.9034354689;0;;;40000;;;0;2154000;-41000;2154000
026174;00.194.724/0001-13;AUREN OPERAÇÕES S.A.;2021;11.195507162;4.3888810007;60.7978366931;1.97056347257;17.0084475102;1651053000;;546262.534819;2511746000;11768649000;516512000;4613565000
026174;00.194.724/0001-13;AUREN OPERAÇÕES S.A.;2022;7.65660685931;2.61419344866;65.857023918;2.09096354969;24.522536864;36114000;10.7427263744;-3.24819781778;2781576000;11386380000;297662000;3887649000
026174;00.194.724/0001-13;AUREN OPERAÇÕES S.A.;2023;8.49054613813;3.04156997414;64.1769807896;1.35544696868;30.6854507185;227692000;8.5284745051;-3.53272945396;3018802000;10984130000;334090000;3934847000
026174;00.194.724/0001-13;AUREN OPERAÇÕES S.A.;2024;0.769285415682;0.254146799271;66.9632630373;0.786615148082;14.0251598666;1178754000;13.9025348466;0.856808868795;3438492000;11078243000;28155000;3659890000
026174;00.194.724/0001-13;AUREN OPERAÇÕES S.A.;2025;2.127661839;0.95859805478;54.9459393778;0.718380176485;17.1428363654;810873000;3.97874998691;-5.87859464718;3575301000;10426998000;99953000;4697786000
026069;00.242.184/0001-04;ARMAC LOCAÇÃO, LOGÍSTICA E SERVIÇOS S.A.;2020;20.6125088173;4.07717636991;80.2198926582;1.36060774711;35.7791075889;84767000;;;111294000;430028000;17533000;85060000
026069;00.242.184/0001-04;ARMAC LOCAÇÃO, LOGÍSTICA E SERVIÇOS S.A.;2021;5.21831190342;1.76944171956;66.091683435;6.09206423624;33.2109484444;0;250.202167233;663.086822253;389754000;3281487000;58064000;1112697000
026069;00.242.184/0001-04;ARMAC LOCAÇÃO, LOGÍSTICA E SERVIÇOS S.A.;2022;12.826008333;3.98265868841;68.9485724241;3.28357460883;33.6550200997;938358000;144.193516936;13.69769254;951754000;3730975000;148592000;1158521000
026069;00.242.184/0001-04;ARMAC LOCAÇÃO, LOGÍSTICA E SERVIÇOS S.A.;2023;13.2756666575;4.09977887011;69.1180942103;1.58845977958;33.4385036522;254405000;42.9956690489;6.74761959005;1360967000;3982727000;163283000;1229942000
026069;00.242.184/0001-04;ARMAC LOCAÇÃO, LOGÍSTICA E SERVIÇOS S.A.;2024;13.3971565586;3.7874839375;71.729195513;2.13087550121;29.6184700864;210912000;29.7583997261;16.4366274666;1765969000;4637353000;175639000;1311017000
026069;00.242.184/0001-04;ARMAC LOCAÇÃO, LOGÍSTICA E SERVIÇOS S.A.;2025;5.54528247708;1.38126858916;75.0911050093;2.55818556096;22.3803699311;239639000;6.89638379836;15.1694727574;1887757000;5340815000;73771000;1330338000
014818;00.272.185/0001-93;CIMS S.A.;2020;-713.515470969;-688.205844685;3.54717274033;21.0634573304;;19252;;;0;25767;-177330;24853
014818;00.272.185/0001-93;CIMS S.A.;2021;-553.920341394;-542.378405482;2.08368154215;41.922459893;;31358;;39.3177319828;0;35898;-194703;35150
014818;00.272.185/0001-93;CIMS S.A.;2022;-293.608944717;-289.28041997;1.47424825579;64.0793357934;;69462;;104.827566995;0;73529;-212705;72445
014818;00.272.185/0001-93;CIMS S.A.;2023;-2962.51646904;-2472.02066843;16.5567282322;4.96746347942;;7481;;-87.6293707245;0;9096;-224855;7590
011258;00.336.701/0001-04;TELEC BRASILEIRAS S.A. TELEBRAS;2020;-6.83899902076;-2.50296123033;63.4016436802;4.37437367924;-26.8848637486;143883000;;;266823000;4244013000;-106226000;1553239000
011258;00.336.701/0001-04;TELEC BRASILEIRAS S.A. TELEBRAS;2021;-8.86376312416;-3.09386019311;65.0954098189;4.50113064162;-23.4298256976;272839000;7.05711276764;-3.41561159214;285653000;4099054000;-126819000;1430758000
011258;00.336.701/0001-04;TELEC BRASILEIRAS S.A. TELEBRAS;2022;-7.67777765754;-3.16478296758;58.7799607029;4.75322979339;-10.8443537259;352611000;21.7701196907;-1.55262653285;347840000;4035411000;-127712000;1663398000
011258;00.336.701/0001-04;TELEC BRASILEIRAS S.A. TELEBRAS;2023;-8.93325224757;-3.18107237335;64.3906576777;5.72703270862;-16.1709528836;380712000;19.8367065317;-0.788618557069;416840000;4003587000;-127357000;1425651000
011258;00.336.701/0001-04;TELEC BRASILEIRAS S.A. TELEBRAS;2024;-4.49200141429;-1.62768323111;63.7648548833;5.64568611183;4.46423614882;425387000;-0.605748008828;2.15801480023;414315000;4089985000;-66572000;1482012000
011258;00.336.701/0001-04;TELEC BRASILEIRAS S.A. TELEBRAS;2025;8.01922733377;3.18425116477;60.2922946035;6.29203812201;48.2068556788;698514000;18.5110362888;7.8846499437;491009000;4412466000;140504000;1752089000
015423;00.359.742/0001-08;FICTOR ALIMENTOS S.A.;2020;84.8647532521;45.2560102771;46.6727839971;6.76103500761;32.0198643254;14791000;;;30809000;27245000;12330000;14529000
015423;00.359.742/0001-08;FICTOR ALIMENTOS S.A.;2021;38.3788568538;22.7043201795;40.8415934169;11.1490364026;20.0334008457;17887000;-8.6533155896;-1.87190310149;28143000;26735000;6070000;15816000
015423;00.359.742/0001-08;FICTOR ALIMENTOS S.A. - EM RECUPERAÇÃO JUDICIAL;2022;42.7280477408;28.6064895408;33.0498558831;10.5522433927;26.2578703962;23650000;27.541484561;31.0678885356;35894000;35041000;10024000;23460000
015423;00.359.742/0001-08;FICTOR ALIMENTOS S.A. - EM RECUPERAÇÃO JUDICIAL;2023;-3.0430158355;-1.98489169814;34.7722192245;30.6380145278;-9.14697297806;19559000;-40.8201927899;-25.9553094946;21242000;25946000;-515000;16924000
015423;00.359.742/0001-08;FICTOR ALIMENTOS S.A. - EM RECUPERAÇÃO JUDICIAL;2024;16.7275727926;-141900;848400;0.0232558139535;;0;-100;-99.9961458414;0;1000;-1419000;-8483000
015423;00.359.742/0001-08;FICTOR ALIMENTOS S.A. - EM RECUPERAÇÃO JUDICIAL;2025;-60.2583234704;-28.6259075464;52.4946830616;1.39445834135;-29.8414716413;661000;;8181300;77084000;81814000;-23420000;38866000
016772;00.383.281/0001-09;BNDES PARTICIPACOES S.A. - BNDESPAR;2020;1.63544820729;1.45097603147;11.2796097732;15.3626850443;40.3824844174;38923297000;;;2408621000;116774155000;1694365000;103602486000
016772;00.383.281/0001-09;BNDES PARTICIPACOES S.A. - BNDESPAR;2021;11.7778487434;10.5826929125;10.147488365;8.06417170672;135.254211444;50629913000;241.445914488;-1.43001591405;8224138000;115104266000;12181131000;103424074000
016772;00.383.281/0001-09;BNDES PARTICIPACOES S.A. - BNDESPAR;2022;43.0381246155;35.0095021504;18.6546754461;3.17143614316;135.111158713;11075505000;129.441079418;-37.5042311638;18869551000;71935296000;25184189000;58516000000
016772;00.383.281/0001-09;BNDES PARTICIPACOES S.A. - BNDESPAR;2023;9.90624134656;8.30971647879;16.1163534373;5.06185369544;74.0200445063;6866274000;-58.7003527535;14.7624971196;7793058000;82554742000;6860065000;69249928000
016772;00.383.281/0001-09;BNDES PARTICIPACOES S.A. - BNDESPAR;2024;11.7253115272;9.90693431276;15.5081356282;6.90974324932;83.3980030218;14482186000;22.3474276722;12.7937581102;9534606000;93116596000;9225000000;78675948000
016772;00.383.281/0001-09;BNDES PARTICIPACOES S.A. - BNDESPAR;2025;8.71628406924;7.60524611603;12.7466927922;7.17797433879;89.3294465037;17570130000;-30.4359823573;5.55633713243;6632655000;98290468000;7475232000;85761684000
024880;00.389.481/0001-79;LM TRANSPORTES INTERESTADUAIS SERVIÇOS E COMÉRCIO S.A.;2020;11.6291978906;1.86542574147;83.9591194594;1.20550329586;27.1648782426;537361000;;;523459000;1931677000;36034000;309858000
024880;00.389.481/0001-79;LM TRANSPORTES INTERESTADUAIS SERVIÇOS E COMÉRCIO S.A.;2021;36.5543712233;4.99030162331;86.3482766731;0.664712108866;30.9652006132;271034000;50.296011722;2.35329198412;786738000;1977135000;98665000;269913000
024880;00.389.481/0001-79;LM TRANSPORTES INTERESTADUAIS SERVIÇOS E COMÉRCIO S.A.;2022;6.16141950933;1.72349531313;72.0276259307;0.589351256401;38.798705997;977623000;58.1075275378;313.48076889;1243892000;8175073000;140897000;2286762000
024880;00.389.481/0001-79;LM TRANSPORTES INTERESTADUAIS SERVIÇOS E COMÉRCIO S.A.;2023;6.80910343047;1.31454893392;80.6942434149;0.45820076651;29.5630154938;1611137000;138.208542221;49.2304472388;2963057000;12199698000;160371000;2355244000
024880;00.389.481/0001-79;LM TRANSPORTES INTERESTADUAIS SERVIÇOS E COMÉRCIO S.A.;2024;8.18543244577;1.18404534038;85.5347246682;0.612309191586;29.6799277814;2097849000;40.0454328081;38.583635431;4149626000;16906785000;200184000;2445613000
024880;00.389.481/0001-79;LM TRANSPORTES INTERESTADUAIS SERVIÇOS E COMÉRCIO S.A.;2025;1.76353256006;0.234969428703;86.6762069482;0.372952301795;32.2994462723;1087685000;26.9104010819;13.7498229261;5266307000;19231438000;45188000;2562357000
024406;00.416.968/0001-01;BANCO INTER S.A.;2020;;0;83.2916081548;0.834268824555;-9.54208682593;486929000;;;930897000;19766642000;0;0
024406;00.416.968/0001-01;BANCO INTER S.A.;2021;-0.137506197639;-0.104669393056;0.181633466454;7.5199477077;-10.9099761021;464337000;112.482906272;85.3586107342;1977997000;36639173000;-38350000;27889652000
024406;00.416.968/0001-01;BANCO INTER S.A.;2022;-0.0911713971501;-0.0706742598303;0.196872007693;15.4078009521;-13.6214580354;501525000;-63.4152630161;5.42021513422;723645000;38625095000;-27298000;29941408000
014966;00.545.378/0001-70;SERRA AZUL WATER PARK SA;2020;-9.24782785378;-7.0444126708;23.8262997303;1.91714810924;-16.6469893743;256000;;;20328000;67841000;-4779000;51677000
014966;00.545.378/0001-70;SERRA AZUL WATER PARK SA;2021;-2.66001827645;-1.85154456705;30.3935396443;1.59723005073;-0.819822127878;258000;34.4106650925;6.59925413835;27323000;72318000;-1339000;50338000
014966;00.545.378/0001-70;SERRA AZUL WATER PARK SA;2022;4.04125126289;2.89194756299;28.4393032043;1.66801252472;6.40099626401;405000;61.6403762398;1.36757100584;44165000;73307000;2120000;52459000
014966;00.545.378/0001-70;SERRA AZUL WATER PARK SA;2023;10.2865069626;7.47277166962;27.3536517616;1.98724193923;12.0706082945;290000;35.4534133364;5.58473269947;59823000;77401000;5784000;56229000
022594;00.622.416/0001-41;STATKRAFT ENERGIAS RENOVAVEIS S.A.;2020;4.50411853135;2.53446642633;43.730023784;1.05945408296;27.2375204325;235645000;;;477180000;2347792000;59504000;1321102000
022594;00.622.416/0001-41;STATKRAFT ENERGIAS RENOVAVEIS S.A.;2021;8.87975750518;5.35033335596;39.7468528522;0.719394695497;42.279852899;186403000;18.4152730626;46.1763648569;565054000;3431917000;183619000;2067838000
022594;00.622.416/0001-41;STATKRAFT ENERGIAS RENOVAVEIS S.A.;2022;7.42245350394;4.79229698724;35.4351363105;2.12992666169;33.8836013705;584145000;52.5310855246;44.5962125541;861883000;4962422000;237814000;3203981000
022594;00.622.416/0001-41;STATKRAFT ENERGIAS RENOVAVEIS S.A.;2023;8.00150125679;5.06652609052;36.6803062585;1.40663241636;45.207677878;559750000;9.60141921815;51.5294547703;944636000;7519531000;380979000;4761344000
018589;00.644.907/0001-93;INVESTCO S.A.;2020;3.78774465221;2.97444064073;21.4719862652;2.38417437924;51.2560761407;88552000;;;146886000;1157932000;34442000;909301000
018589;00.644.907/0001-93;INVESTCO S.A.;2021;3.02144132042;2.38072832537;21.2055415648;3.33522872476;45.1718210349;130430000;-13.6622959302;0.0318671562752;126818000;1158301000;27576000;912677000
018589;00.644.907/0001-93;INVESTCO S.A.;2022;11.3962338192;8.69171413967;23.7316970013;2.99551522737;67.6507588853;255744000;74.2512892492;9.61477198069;220982000;1269669000;110356000;968355000
018589;00.644.907/0001-93;INVESTCO S.A.;2023;9.3989227578;7.25290995867;22.8325400094;3.58162538195;60.7153046668;258002000;-11.1782860142;-0.95229544078;196280000;1257578000;91211000;970441000
018589;00.644.907/0001-93;INVESTCO S.A.;2024;6.06787505063;4.62085449704;23.8472371549;3.71133070627;49.2812090177;261818000;-18.4175667414;-0.228614050182;160130000;1254703000;57978000;955491000
018589;00.644.907/0001-93;INVESTCO S.A.;2025;7.08808947009;5.09328308223;28.1430757369;3.81583994421;43.4158218097;305814000;-1.50565165803;7.08924741552;157719000;1343652000;68436000;965507000
015091;00.743.065/0001-27;LITEL PARTICIPACOES S.A.;2020;13.7391292705;12.605096213;8.25403877593;1.93361418403;;9572000;;;0;2930529000;369396000;2688642000
015091;00.743.065/0001-27;LITEL PARTICIPACOES S.A.;2021;62.7207937169;62.5243515774;0.313200978411;1.47845758355;;5931000;;5.95476106874;0;3105035000;1941403000;3095310000
015091;00.743.065/0001-27;LITEL PARTICIPACOES S.A.;2022;56.9163779623;52.5629231854;7.64886124645;0.720102921518;;1890000;;8.98450420044;0;3384007000;1778733000;3125169000
015091;00.743.065/0001-27;LITEL PARTICIPACOES S.A.;2023;24.1163995986;23.9357501584;0.749073009317;0.959663207362;;491000;;0.735016210073;0;3408880000;815941000;3383345000
015091;00.743.065/0001-27;LITEL PARTICIPACOES S.A.;2024;15.0451506017;14.7605853911;1.89140818899;1.13051836884;;36994000;;10.5251284879;0;3767669000;556130000;3696407000
015091;00.743.065/0001-27;LITEL PARTICIPACOES S.A.;2025;6.45696280775;6.26054899112;3.04189171413;2.93963137011;;22266000;;-4.56372361797;0;3595723000;225112000;3486345000
020990;00.776.574/0001-56;AMERICANAS S.A. - EM RECUPERAÇÃO JUDICIAL;2020;-2.22184832631;-0.932278044967;58.040428146;2.95996715858;1.78355206514;6634287000;;;10124347000;22606775000;-210758000;9485706000
020990;00.776.574/0001-56;AMERICANAS S.A. - EM RECUPERAÇÃO JUDICIAL;2021;3.41773502769;1.2214948593;64.2601064916;1.6430327572;3.33174405677;2706888000;124.171109505;96.9268593154;22695861000;44518812000;543795000;15910976000
020990;00.776.574/0001-56;AMERICANAS S.A. - EM RECUPERAÇÃO JUDICIAL;2022;48.4183504164;-41.2611233577;185.217945268;0.341390223988;-30.2621389686;2477168000;13.7163555945;-29.7100290996;25808906000;31292260000;-12911538000;-26666621000
020990;00.776.574/0001-56;AMERICANAS S.A. - EM RECUPERAÇÃO JUDICIAL;2023;7.87521663778;-8.37912594505;206.398672322;0.21769660071;-27.9614509436;1758000000;-42.1052562243;-13.3491796374;14942000000;27115000000;-2272000000;-28850000000
020990;00.776.574/0001-56;AMERICANAS S.A. - EM RECUPERAÇÃO JUDICIAL;2024;166.61971831;47.4148296593;71.5430861723;1.61524418074;4.52993239947;1129000000;-3.96867889171;-35.589157293;14349000000;17465000000;8281000000;4970000000
020990;00.776.574/0001-56;AMERICANAS S.A. - EM RECUPERAÇÃO JUDICIAL;2025;-5.69447362891;-1.66779494123;70.7120438181;1.66616638079;2.6899634295;879000000;-14.2448951146;-6.96249642141;12305000000;16249000000;-271000000;4759000000
015253;00.864.214/0001-06;ENERGISA S.A.;2020;21.3883022257;3.52803987691;83.5048156713;1.09618216521;13.2927611956;1062102000;;;20330208000;45562807000;1607474000;7515669000
015253;00.864.214/0001-06;ENERGISA S.A.;2021;30.9811062829;5.18781930775;83.2548932876;1.27330591603;17.4749610055;773505000;30.2274133152;19.0839712751;26475504000;54258000000;2814807000;9085560000
015253;00.864.214/0001-06;ENERGISA S.A.;2022;19.4494411616;4.06903438721;79.078913613;1.11337539547;21.5889839757;916207000;0.104371950766;9.97579711748;26503137000;59670668000;2428020000;12483752000
015253;00.864.214/0001-06;ENERGISA S.A.;2023;16.439195566;3.79549292359;76.9119303414;1.1209485343;21.1949603843;1298424000;7.65464480676;14.0735863725;28531858000;68068471000;2583534000;15715696000
015253;00.864.214/0001-06;ENERGISA S.A.;2024;20.9377027426;6.00697422223;71.3102516734;1.22947766834;18.1249761979;899139000;18.1678248924;13.3882572447;33715476000;77181653000;4636282000;22143222000
015253;00.864.214/0001-06;ENERGISA S.A.;2025;14.8224667947;3.76184262903;74.6206708968;1.55641116927;19.0538634346;1386005000;5.11894597009;8.14959741793;35441353000;83471647000;3140072000;21184544000
015199;00.897.864/0001-58;SANTA CATARINA PART INVEST SA;2020;9.90420642083;-39563.545318;399562.043065;0.000230097909418;;1836000;;;0;1997000;-790084000;-7977257000
015199;00.897.864/0001-58;SANTA CATARINA PART INVEST SA;2021;0.00114074127374;-4.58207452165;401775.176234;0;;0;;-0.550826239359;0;1986000;-91000;-7977269000
015199;00.897.864/0001-58;SANTA CATARINA PART INVEST SA;2022;0.000965243947231;-3.85;398962.9;8.02084215835e-06;;64000;;0.704934541793;0;2000000;-77000;-7977258000
015199;00.897.864/0001-58;SANTA CATARINA PART INVEST SA;2023;0.00140398028411;-5.91966173362;421734.249471;1.25325658724e-07;;1000;;-5.4;0;1892000;-112000;-7977320000
015199;00.897.864/0001-58;SANTA CATARINA PART INVEST SA;2024;11.0878394682;-2371586.44068;21389176.2712;0;;0;;-96.8816067653;0;59000;-1399236000;-12619555000
015199;00.897.864/0001-58;SANTA CATARINA PART INVEST SA;2025;12.4188085569;-3032893.22034;24421872.8814;0;;0;;0;0;59000;-1789407000;-14408846000
015369;00.924.429/0001-75;FERROVIA CENTRO-ATLANTICA S.A.;2020;-4.37229833054;-2.24909190372;48.5604198595;0.686915756435;-0.0227561489011;360825000;;;2689383000;9099806000;-204663000;4680902000
015369;00.924.429/0001-75;FERROVIA CENTRO-ATLANTICA S.A.;2021;-9.20510544547;-4.89075886628;46.8690620086;0.486410216857;-8.09067677096;193828000;7.3366270256;-6.41986213772;2886693000;8515611000;-416478000;4524424000
015369;00.924.429/0001-75;FERROVIA CENTRO-ATLANTICA S.A.;2022;-128.187261445;-38.6272902723;69.866514163;0.722778534049;-59.3813707292;443958000;5.6091174226;-22.730747095;3048611000;6579949000;-2541656000;1982768000
015369;00.924.429/0001-75;FERROVIA CENTRO-ATLANTICA S.A.;2023;-84.2525977731;-16.2446987492;80.7190529686;0.551321549797;-17.1522320538;192436000;14.5038182963;-15.1782179467;3490776000;5581230000;-906654000;1076114000
015369;00.924.429/0001-75;FERROVIA CENTRO-ATLANTICA S.A.;2024;17.6579043228;3.66410402327;79.2494966771;0.695462509211;13.1591142545;517618000;11.8883594937;15.6751110418;3905772000;6456094000;236558000;1339672000
015369;00.924.429/0001-75;FERROVIA CENTRO-ATLANTICA S.A.;2025;1.2792392907;0.624142409926;51.2098780531;0.992492939574;2.00004493112;573208000;-7.6874174939;7.39735202121;3605519000;6933674000;43276000;3382948000
019208;00.938.574/0001-05;CONC RIO-TERESOPOLIS S.A.;2020;18.1251373727;13.5437424724;25.2764699442;3.12558376724;23.7893492089;95227000;;;245240000;182660000;24739000;136490000
019208;00.938.574/0001-05;CONC RIO-TERESOPOLIS S.A.;2021;42.4081727611;33.0987081373;21.9520531485;3.88636974639;45.5180475108;110042000;1.51443483934;2.51231796781;248954000;187249000;61977000;146144000
019208;00.938.574/0001-05;CONC RIO-TERESOPOLIS S.A.;2022;23.3823379424;18.9874466096;18.7957737314;7.00090206186;32.2971865894;133046000;-22.5310699969;-9.72555260642;192862000;169038000;32096000;137266000
019208;00.938.574/0001-05;CONC RIO-TERESOPOLIS S.A.;2023;-139.214698552;-100.047633565;28.1342885451;4.47952700318;;40761000;-100;-68.9513600492;0;52484000;-52509000;37718000
019208;00.938.574/0001-05;CONC RIO-TERESOPOLIS S.A.;2024;-24.2726763533;-17.4863517683;27.9586992642;4.12756995286;;39313000;;-19.7279170795;0;42130000;-7367000;30351000
019208;00.938.574/0001-05;CONC RIO-TERESOPOLIS S.A.;2025;-21.6375440846;-14.0522110304;35.0563493923;4.11113508848;;36426000;;-8.80370282459;0;38421000;-5399000;24952000
024937;00.974.211/0001-25;LINHA AMARELA S.A. - LAMSA;2020;29.8995661842;6.62045445373;77.8576906002;0.303954084696;34.6106425035;9960000;;;153291000;495540000;32807000;109724000
024937;00.974.211/0001-25;LINHA AMARELA S.A. - LAMSA;2021;12.7043500396;4.14564081265;67.3683360445;0.387401990549;31.2474983322;44073000;-21.769705984;-12.5408645114;119920000;433395000;17967000;141424000
024937;00.974.211/0001-25;LINHA AMARELA S.A. - LAMSA;2022;29.9657954601;11.8275795988;60.5297325929;0.606342954707;49.9931211456;105552000;39.408772515;7.15928887043;167179000;464423000;54930000;183309000
024937;00.974.211/0001-25;LINHA AMARELA S.A. - LAMSA;2023;27.4685336418;17.0168730112;38.0495761692;0.498721589726;53.3475083531;15262000;0.431872424168;-19.4764255862;167901000;373970000;63638000;231676000
024937;00.974.211/0001-25;LINHA AMARELA S.A. - LAMSA;2024;13.7277070927;10.0943839419;26.4670795074;0.59566544932;31.1896539144;11444000;-2.04465726827;-6.0820386662;164468000;351225000;35454000;258266000
024937;00.974.211/0001-25;LINHA AMARELA S.A. - LAMSA;2025;10.5126833342;9.12692905714;13.181737079;1.76240230586;28.1041040046;34523000;-2.15969063891;0.53014449427;160916000;353087000;32226000;306544000
015717;00.979.969/0001-56;CAIXA ADM DIV PUB ESTADUAL SA;2020;-0.0713872623437;-0.0712745513763;0.157886664441;73814;;221442000;;;0;221678000;-158000;221328000
015717;00.979.969/0001-56;CAIXA ADM DIV PUB ESTADUAL SA;2021;-0.0691747408208;-0.0690635791184;0.160696955334;55324;;221296000;;-0.0645079800431;0;221535000;-153000;221179000
015717;00.979.969/0001-56;CAIXA ADM DIV PUB ESTADUAL SA;2022;-0.727670503187;-0.714585960488;1.7981411424;5290.5;;21162000;;-90.3351614869;0;21411000;-153000;21026000
015717;00.979.969/0001-56;CAIXA ADM DIV PUB ESTADUAL SA;2023;-1.35942923255;-0.0391047508112;97.1234434368;1.02975125856;;720830000;;3268.0818271;0;721140000;-282000;20744000
015717;00.979.969/0001-56;CAIXA ADM DIV PUB ESTADUAL SA;2024;-0.0206773569064;-0.0122031221975;40.9831621484;2.44135358646;;1220689000;;69.3151121835;0;1220999000;-149000;720595000
015717;00.979.969/0001-56;CAIXA ADM DIV PUB ESTADUAL SA;2025;7.92767251311;7.76408235743;2.06353321747;46.7545121056;;1272138000;;8.66528146215;0;1326802000;103014000;1299423000
021733;01.027.058/0001-91;CIELO S.A. -  INSTITUIÇÃO DE PAGAMENTO;2020;-2.47073498778;-0.378333345206;84.6874170206;1.12863037668;-1.29163983628;3507241000;;;11186013000;91807398000;-347338000;14058084000
021733;01.027.058/0001-91;CIELO S.A. -  INSTITUIÇÃO DE PAGAMENTO;2021;-2.40297513879;-0.316109634513;86.8450726181;1.1608603167;0.888250677767;5340203000;4.4647453923;9.24392062609;11685440000;100294001000;-317039000;13193603000
021733;01.027.058/0001-91;CIELO S.A. -  INSTITUIÇÃO DE PAGAMENTO;2022;12.4101345814;1.56185530134;87.4146787764;1.14963840316;25.1095051335;1882866000;-8.49205507024;9.46299569802;10693106000;109784818000;1714680000;13816772000
021733;01.027.058/0001-91;CIELO S.A. -  INSTITUIÇÃO DE PAGAMENTO;2023;16.47307561;2.29023530787;86.0970995211;1.15025015677;33.0669585859;1254164000;-0.860376769855;-1.82413018164;10601105000;107782200000;2468466000;14984852000
021733;01.027.058/0001-91;CIELO S.A. -  INSTITUIÇÃO DE PAGAMENTO;2024;14.7878817348;1.57126038192;89.3746757643;1.06257477579;19.4939627007;1361042000;-2.88513320074;4.51409694736;10295249000;112647593000;1769987000;11969172000
021733;01.027.058/0001-91;CIELO S.A. -  INSTITUIÇÃO DE PAGAMENTO;2025;16.3210653791;1.92349563215;88.2146441579;1.15986861472;21.0289731321;2804916000;6.34807375713;5.33454807152;10948799000;118656833000;2282359000;13984130000
015539;01.083.200/0001-18;NEOENERGIA S.A.;2020;13.5059742433;4.38179706472;67.5566013545;1.24808333333;15.2489918409;5060000000;;;31989000000;66297000000;2905000000;21509000000
015539;01.083.200/0001-18;NEOENERGIA S.A.;2021;16.7753114943;4.73892773893;71.7505827506;1.09227683049;18.2369975675;5545000000;34.937009597;29.4176207068;43165000000;85800000000;4066000000;24238000000
015539;01.083.200/0001-18;NEOENERGIA S.A.;2022;17.7710955192;5.1853376373;70.8215082649;1.17224152911;21.8267230701;6802000000;-0.875709486853;7.59673659674;42787000000;92318000000;4787000000;26937000000
015539;01.083.200/0001-18;NEOENERGIA S.A.;2023;15.0518685995;4.5675599322;69.6545322463;1.06571731416;22.0981891167;7448000000;3.63661859911;7.35934487316;44343000000;99112000000;4527000000;30076000000
015539;01.083.200/0001-18;NEOENERGIA S.A.;2024;11.243778056;3.36129850923;70.1052573922;1.21617000489;19.8007878677;7730000000;10.4864352885;10.5224392606;48993000000;109541000000;3682000000;32747000000
015539;01.083.200/0001-18;NEOENERGIA S.A.;2025;13.8229827247;4.2396753802;69.3287949161;1.32085714286;21.4143218133;8453000000;7.42963280469;8.88890917556;52633000000;119278000000;5057000000;36584000000
015784;01.104.937/0001-70;ELETROBRÁS PARTICIPAÇÕES S.A. - ELETROPAR;2020;22.2209129918;18.2174583305;18.0166074311;3.01420669578;;182000;;;0;248443000;45260000;203682000
015784;01.104.937/0001-70;ELETROBRÁS PARTICIPAÇÕES S.A. - ELETROPAR;2021;10.3650767531;8.7781259581;15.3105551729;2.8917164101;;3811000;;1.0883784208;0;251147000;22046000;212695000
015784;01.104.937/0001-70;ELETROBRÁS PARTICIPAÇÕES S.A. - ELETROPAR;2022;12.3393327879;10.3753611447;15.9163520186;2.31001516042;;267000;;4.18918004197;0;261668000;27149000;220020000
015784;01.104.937/0001-70;ELETROBRÁS PARTICIPAÇÕES S.A. - ELETROPAR;2023;8.80669916813;8.35199762494;5.16313245753;10.8114847535;;107000;;-12.4665606799;0;229047000;19130000;217221000
015784;01.104.937/0001-70;ELETROBRÁS PARTICIPAÇÕES S.A. - ELETROPAR;2024;11.478907073;10.4292562202;9.14417066128;4.31824552297;;119000;;9.02172916476;0;249711000;26043000;226877000
024660;01.107.327/0001-20;BBM LOGÍSTICA S.A.;2020;6.97758297592;1.09262981348;84.3408553183;0.879001595713;3.41780628472;22507000;;;1002017000;814457000;8899000;127537000
024660;01.107.327/0001-20;BBM LOGÍSTICA S.A.;2021;8.79491455993;1.24954141217;85.7924553598;0.904621570747;1.53709005832;6248000;35.346905292;18.1392019468;1356199000;962193000;12023000;136704000
024660;01.107.327/0001-20;BBM LOGÍSTICA S.A.;2022;-103.853288734;-6.69924940969;93.5493141417;0.818029950969;2.14179650084;15155000;20.3186995419;10.2999086462;1631761000;1061298000;-71099000;68461000
024660;01.107.327/0001-20;BBM LOGÍSTICA S.A.;2023;-367.821511548;-4.6366412411;98.7394317364;0.707071015711;1.69219243956;7105000;-1.42520871623;9.38539411174;1608505000;1160905000;-53827000;14634000
024660;01.107.327/0001-20;BBM LOGÍSTICA S.A.;2024;94.9671626717;-33.0264270083;134.77668078;0.21658645119;-17.2934777588;25329000;-9.82701328252;-10.7279234735;1450437000;1036364000;-342274000;-360413000
024660;01.107.327/0001-20;BBM LOGÍSTICA S.A.;2025;39.1503321603;-25.5541183723;165.271779222;0.203065100925;-1.53647768826;34365000;-7.23623294221;-4.51327911815;1345480000;989590000;-252881000;-645923000
015709;01.258.944/0001-26;RUMO MALHA SUL S.A.;2020;-7.59353760751;-3.23250958007;57.4307819734;0.574821765889;5.8110815345;286467000;;;1406141000;4461085000;-144205000;1899049000
015709;01.258.944/0001-26;RUMO MALHA SUL S.A.;2021;-4.47611252682;-1.85976640651;58.4513035505;2.18000794962;3.46563491989;986342000;14.1453808686;39.4153440251;1605045000;6219437000;-115667000;2584095000
015709;01.258.944/0001-26;RUMO MALHA SUL S.A.;2022;-10.3181591389;-4.15182679417;59.7619426268;1.78282521862;-1.88913505676;1333668000;11.5018582034;-6.37876064988;1789655000;5822714000;-241749000;2342947000
015709;01.258.944/0001-26;RUMO MALHA SUL S.A.;2023;-2.40821362559;-1.02105523371;57.6011354282;1.71374937543;8.80835491191;716500000;14.4537913732;-7.32194643254;2048328000;5396378000;-55100000;2288003000
015709;01.258.944/0001-26;RUMO MALHA SUL S.A.;2024;364.855593517;-150.560479187;141.265772504;1.25175707255;-131.864547979;642649000;5.95344105046;-61.1860585007;2170274000;2094547000;-3153560000;-864331000
015709;01.258.944/0001-26;RUMO MALHA SUL S.A.;2025;-422.973290013;-42.8915516728;89.8595129561;1.37942321316;-26.3447947161;429536000;-7.57812147222;-33.7755132733;2005808000;1387103000;-594950000;140659000
015741;01.319.044/0001-41;WTC AMAZONAS SUITE HOTEL S.A.;2020;23.3210894984;-95.2782598987;508.549780254;1.16355810617;;0;;;0;197046000;-187742000;-805031000
015741;01.319.044/0001-41;WTC AMAZONAS SUITE HOTEL S.A.;2021;18.0339703019;-89.8881479451;598.4379282;1.16522988506;;0;;0;0;197046000;-177121000;-982152000
015741;01.319.044/0001-41;WTC AMAZONAS SUITE HOTEL S.A.;2022;6.13721723673;-32.5903596115;631.028287811;1.18049490539;;0;;0;0;197046000;-64218000;-1046370000
015741;01.319.044/0001-41;WTC AMAZONAS SUITE HOTEL S.A.;2023;-2.96059558272;15.2695309725;615.758756839;1.18049490539;;0;;0;0;197046000;30088000;-1016282000
015741;01.319.044/0001-41;WTC AMAZONAS SUITE HOTEL S.A.;2024;7.21896434971;-39.9291665605;653.114887762;0;;0;;-0.411579022157;0;196235000;-78355000;-1085405000
015741;01.319.044/0001-41;WTC AMAZONAS SUITE HOTEL S.A.;2025;-0.920591648195;5.04548118328;648.069406579;0;;0;;0;0;196235000;9901000;-1075504000
017949;01.417.222/0001-77;MRS LOGISTICA S.A.;2020;9.97681562801;3.86606554904;61.249503918;0.875014309602;26.7126033124;1206484000;;;3604965000;11129713000;430282000;4312819000
017949;01.417.222/0001-77;MRS LOGISTICA S.A.;2021;14.4319497172;5.2072776123;63.9184052444;1.11729629064;31.8280203777;1836612000;22.8135363311;20.7105340452;4427385000;13434736000;699584000;4847467000
017949;01.417.222/0001-77;MRS LOGISTICA S.A.;2022;15.854806467;6.01575079932;62.0572423143;0.757238899377;32.013594849;866856000;26.3074704368;8.16329401635;5592118000;14531453000;874176000;5513634000
017949;01.417.222/0001-77;MRS LOGISTICA S.A.;2023;18.794021487;6.64347753499;64.6511123786;1.38443145804;39.0440873762;3385798000;15.3252667415;24.3170383581;6449125000;18065072000;1200149000;6385802000
017949;01.417.222/0001-77;MRS LOGISTICA S.A.;2024;18.959576005;6.86704685888;63.7805884632;1.58480548694;36.2268153913;4144613000;8.92908727928;14.1046213378;7024973000;20613082000;1415510000;7465937000
017949;01.417.222/0001-77;MRS LOGISTICA S.A.;2025;17.9747164358;6.2874688141;65.0204839861;1.53814248052;37.1428405689;4377047000;7.9727708562;19.9856236928;7585058000;24732735000;1555063000;8651391000
025666;01.468.594/0001-22;LG INFORMÁTICA S.A.;2020;14.9802455953;9.06799216594;39.4669993342;1.18217283367;17.736092587;14590000;;;116215000;154709000;14029000;93650000
025666;01.468.594/0001-22;LG INFORMÁTICA S.A.;2021;16.6504760054;7.65539316642;54.0229770973;0.841362522917;14.540374135;17864000;24.1027406101;30.2477554635;144226000;201505000;15426000;92646000
025577;01.543.032/0001-04;EQUATORIAL GOIÁS DISTRIBUIDORA DE ENERGIA S.A.;2020;2.24430408049;1.01268733124;54.8774455277;0.506487120834;6.07889816449;133598;;;7116997;13291763;134604;5997583
025577;01.543.032/0001-04;EQUATORIAL GOIÁS DISTRIBUIDORA DE ENERGIA S.A.;2021;-2.01006215217;-0.627624013369;68.7758902036;0.627793944057;3.08536436677;302147;36.7919503128;42.4367407093;9735479;18932354;-118824;5911459
025577;01.543.032/0001-04;EQUATORIAL GOIÁS DISTRIBUIDORA DE ENERGIA S.A.;2022;-15.6962867335;-4.14920119292;73.5657148512;0.332479123456;0.00855817739386;83454000;92677.1196466;102812.073163;9032297000;19483678000;-808417000;5150371000
025577;01.543.032/0001-04;EQUATORIAL GOIÁS DISTRIBUIDORA DE ENERGIA S.A.;2023;-13.5228859361;-2.75168863614;79.6516169023;1.35651987993;4.4820361566;431981000;2.00285708054;14.5145439172;9213201000;22311645000;-613947000;4540059000
025577;01.543.032/0001-04;EQUATORIAL GOIÁS DISTRIBUIDORA DE ENERGIA S.A.;2024;7.37751937392;1.50086710767;79.6562091999;1.38250882528;12.450985251;85029000;17.8244781591;6.57687499062;10855406000;23779054000;356892000;4837561000
025577;01.543.032/0001-04;EQUATORIAL GOIÁS DISTRIBUIDORA DE ENERGIA S.A.;2025;-7.81054225812;-1.34571970527;82.7704702081;1.0435114671;12.1137995913;42214000;17.1019398077;10.2977014981;12711891000;26227750000;-352952000;4518918000
016101;01.545.826/0001-07;GAFISA S.A.;2020;-4.94100313914;-2.05333388089;58.4429755848;1.73340918046;0.407558438767;29038000;;;884045000;3749999000;-77000000;1558388000
016101;01.545.826/0001-07;GAFISA S.A.;2021;4.46321878197;1.71635229502;61.5445180068;2.12718764281;25.7384749996;35424000;-7.43593369116;25.9260069136;818308000;4722224000;81050000;1815954000
016101;01.545.826/0001-07;GAFISA S.A.;2022;-4.6924089602;-1.51625556758;67.6870541242;2.10412812376;-11.5430762581;23005000;38.8226682374;16.1883468467;1135997000;5486674000;-83192000;1772906000
016101;01.545.826/0001-07;GAFISA S.A.;2023;-11.4491319875;-3.81303321164;66.6958751474;1.72626938417;-3.3556797628;12323000;-2.85784205416;-6.56698393234;1103532000;5126365000;-195470000;1707291000
016101;01.545.826/0001-07;GAFISA S.A.;2024;-2.08622353734;-0.768015491949;63.1863279173;1.50463026809;-5.88431691744;8951000;-8.26256057822;3.43327094345;1012352000;5302367000;-40723000;1951996000
016101;01.545.826/0001-07;GAFISA S.A.;2025;-35.4286472704;-11.5178205251;67.4900923054;1.24755394353;-66.8993629093;17650000;-38.7869041598;-10.8343311581;619692000;4727891000;-544550000;1537033000
006041;01.548.981/0001-79;INVESTIMENTOS BEMGE S.A.;2020;1.47174644937;1.46835967688;0.230119290732;595.642335766;88.4534412955;2000;;;6175000;231619000;3401000;231086000
006041;01.548.981/0001-79;INVESTIMENTOS BEMGE S.A.;2021;;2.74679372809;0;;89.571589628;2000;72.3724696356;2.84346275565;10644000;238205000;6543000;0
006041;01.548.981/0001-79;INVESTIMENTOS BEMGE S.A.;2022;;6.87100792452;0.497601441785;;93.5350377046;2000;104.321683578;-36.6411284398;21748000;150924000;10370000;0
006041;01.548.981/0001-79;INVESTIMENTOS BEMGE S.A.;2023;;7.34813727289;0;;92.5116445718;2000;-10.1664520875;8.31279319393;19537000;163470000;12012000;0
006041;01.548.981/0001-79;INVESTIMENTOS BEMGE S.A.;2024;;6.48423188569;0;;92.2173193602;2000;-7.20171981369;8.53061723864;18130000;177415000;11504000;0
006041;01.548.981/0001-79;INVESTIMENTOS BEMGE S.A.;2025;305500;7.8577528113;0;;94.0288767436;2000;35.2344180916;9.5702167235;24518000;194394000;15275000;5000
025160;01.599.101/0001-93;SEQUOIA LOGÍSTICA E TRANSPORTES S.A.;2020;1.70862456695;0.510801103005;70.1045441529;2.16078674052;4.37767818946;409183000;;;998109000;1375878000;7028000;411325000
025160;01.599.101/0001-93;SEQUOIA LOGÍSTICA E TRANSPORTES S.A.;2021;-2.97271612151;-0.901082247151;69.68825107;1.24529014197;3.15603506282;168931000;52.3237442003;44.0659709654;1520357000;1982172000;-17861000;600831000
025160;01.599.101/0001-93;SEQUOIA LOGÍSTICA E TRANSPORTES S.A.;2022;-21.3151864121;-5.38981496845;74.7137329028;1.14326223289;3.34718340342;119350000;18.6775869089;0.0342553522096;1804323000;1982851000;-106872000;501389000
025160;01.599.101/0001-93;SEQUOIA LOGÍSTICA E TRANSPORTES S.A.;2023;-699.37056632;-52.6683201677;92.4691826188;0.42154130558;-94.4263844746;30045000;-58.724629681;-21.2683151684;744741000;1561132000;-822222000;117566000
025160;01.599.101/0001-93;SEQUOIA LOGÍSTICA E TRANSPORTES S.A.;2024;138.270054653;-103.752365772;175.036034398;0.2390594742;-140.154431117;21853000;3.259522438;-21.0729137575;769016000;1232156000;-1278391000;-924561000
025160;01.599.101/0001-93;SEQUOIA LOGÍSTICA E TRANSPORTES S.A.;2025;106.651021912;-25.9654568091;124.346186603;0.386955567386;-4.67038156403;56564000;-22.897833075;-38.9182051623;592928000;752623000;-195422000;-183235000
019186;01.616.929/0001-02;SANEAMENTO DE GOIAS SA;2020;10.9287270213;5.82010362278;46.7449080626;1.10106566569;20.9464784033;168144000;;;2541759000;5779038000;336346000;3077632000
019186;01.616.929/0001-02;SANEAMENTO DE GOIAS SA;2021;10.4997053757;5.51246261419;47.4988829027;1.84644911481;19.1741674497;138808000;-0.643491377428;10.6378431843;2525403000;6393803000;352456000;3356818000
019186;01.616.929/0001-02;SANEAMENTO DE GOIAS SA;2022;10.9223827044;5.59666437488;48.7596751885;1.73516191002;18.7453617027;81606000;20.7467085451;12.2390852518;3049341000;7176346000;401636000;3677183000
019186;01.616.929/0001-02;SANEAMENTO DE GOIAS SA;2023;14.2928764752;7.2646183934;49.1731534515;1.82993159128;24.078745613;59266000;14.1651917578;11.9926631185;3481286000;8036981000;583856000;4084944000
019186;01.616.929/0001-02;SANEAMENTO DE GOIAS SA;2024;13.5236025693;7.24962401543;46.3928048886;1.74858085914;22.0147009386;389201000;10.6526438793;6.68377839888;3852135000;8574155000;621594000;4596364000
019186;01.616.929/0001-02;SANEAMENTO DE GOIAS SA;2025;13.1145579702;7.10330580967;45.8364831982;1.69515731409;20.568632446;515164000;8.62978582007;9.96974045839;4184566000;9428976000;669769000;5107065000
016292;01.838.723/0001-27;BRF S.A.;2020;15.7719820449;2.79889586421;82.2540004405;1.48390526419;7.21260359212;7576625000;;;39469700000;49664906000;1390069000;8813534000
016292;01.838.723/0001-27;BRF S.A.;2021;4.95584277733;0.782392666119;84.2127222095;1.23640827694;6.2258610577;7528820000;22.4820685234;12.5611452884;48343305000;55903387000;437384000;8825623000
016292;01.838.723/0001-27;BRF S.A.;2022;-26.5724503925;-5.43022388581;79.5644594097;1.1886455515;-0.253301605939;8130929000;11.2977857017;3.49005687258;53805028000;57854447000;-3141626000;11822869000
016292;01.838.723/0001-27;BRF S.A.;2023;-11.9463890027;-3.26311122922;72.6853760706;1.33851450216;1.55951531872;9264664000;-0.352361121344;-1.00658986508;53615440000;57272090000;-1868852000;15643656000
016292;01.838.723/0001-27;BRF S.A.;2024;22.3762552424;5.89054570911;73.6750155676;1.48076996137;11.1444985501;11165364000;14.4801534782;9.43389005011;61379038000;62675076000;3691904000;16499204000
016292;01.838.723/0001-27;BRF S.A.;2025;21.8772895649;4.81719756712;77.9808300621;1.36415804217;10.216580551;14447697000;5.97873984275;8.90992138566;65048731000;68259376000;3288189000;15030148000
016284;01.851.771/0001-55;524 PARTICIPACOES S.A.;2020;-84;-84;0;;;146000;;;0;150000;-126000;150000
016284;01.851.771/0001-55;524 PARTICIPACOES S.A.;2021;-114.285714286;-114.285714286;0;;;109000;;-25.3333333333;0;112000;-128000;112000
016284;01.851.771/0001-55;524 PARTICIPACOES S.A.;2022;-98.2905982906;-98.2905982906;0;;;115000;;4.46428571429;0;117000;-115000;117000
016284;01.851.771/0001-55;524 PARTICIPACOES S.A.;2023;-71.7391304348;-71.7391304348;0;;;134000;;17.9487179487;0;138000;-99000;138000
016284;01.851.771/0001-55;524 PARTICIPACOES S.A.;2024;-120.37037037;-120.37037037;0;;;104000;;-21.7391304348;0;108000;-130000;108000
016284;01.851.771/0001-55;524 PARTICIPACOES S.A.;2025;-181.081081081;-181.081081081;0;;;68000;;-31.4814814815;0;74000;-134000;74000
020044;01.896.779/0001-38;CSU DIGITAL S.A.;2020;16.00581644;8.66661479407;45.8533413365;1.156924886;15.5083725512;83760000;;;456850000;539784000;46781000;292275000
020044;01.896.779/0001-38;CSU DIGITAL S.A.;2021;17.6451371084;10.6246245824;39.7872370321;1.17107964452;17.8113370515;83292000;12.5203020685;5.48034028426;514049000;569366000;60493000;342831000
020044;01.896.779/0001-38;CSU DIGITAL S.A.;2022;19.2674533713;12.1162216597;37.1156040901;1.16980140262;19.4559244035;86455000;4.49743117874;6.64827193756;537168000;607219000;73572000;381846000
020044;01.896.779/0001-38;CSU DIGITAL S.A.;2023;20.5943319763;14.4591651187;29.7905601633;1.38665419649;22.1564859222;75290000;-1.29102999434;0.710946133108;530233000;611536000;88423000;429356000
020044;01.896.779/0001-38;CSU DIGITAL S.A.;2024;19.1090665214;13.0966060892;31.4639149195;1.2205787002;23.0176221155;96197000;7.05463447202;13.8425211271;567639000;696188000;91177000;477140000
020044;01.896.779/0001-38;CSU DIGITAL S.A.;2025;22.8011747708;14.1226400898;38.0617874659;1.47501321564;18.0596251337;75674000;9.846046519;7.86296230329;623529000;750929000;106051000;465112000
023000;01.917.818/0001-36;LIGHT ENERGIA S.A.;2020;57.3426335766;9.65308644885;83.1659520207;0.90159340299;86.1082868434;164603000;;;1131070000;4369763000;421817000;735608000
023000;01.917.818/0001-36;LIGHT ENERGIA S.A.;2021;21.4130477733;3.35756697459;84.3199949389;1.76255237581;50.7674372283;865000;-24.5413634877;-29.8237455899;853490000;3066536000;102961000;480833000
023000;01.917.818/0001-36;LIGHT ENERGIA S.A.;2022;29.5549118469;5.43407895573;81.6136181225;2.7752789157;63.9311600724;403000;-5.6135397017;-12.1982914924;805579000;2692471000;146311000;495048000
023000;01.917.818/0001-36;LIGHT ENERGIA S.A.;2023;58.3680459205;11.5418032568;80.2258186396;0.498384954473;67.1660462787;466000;1.11286416354;18.4519721847;814544000;3189285000;368101000;630655000
023000;01.917.818/0001-36;LIGHT ENERGIA S.A.;2024;13.4000737245;3.77454632081;71.8318988505;1.85784699389;56.4852676481;80659000;5.65285607653;10.8239307556;860589000;3534491000;133411000;995599000
023000;01.917.818/0001-36;LIGHT ENERGIA S.A.;2025;14.6114283435;5.41444739384;62.9437501486;0.885896003117;32.3690560977;4859000;-21.8489894712;-11.9390599665;672559000;3112506000;168525000;1153378000
018708;01.938.783/0001-11;CIA PARTICIPACOES ALIANCA DA BAHIA;2020;82.3432974964;52.4701452588;36.2787903155;2.08246492164;392.396063689;216005000;;;180880000;885454000;464599000;564222000
018708;01.938.783/0001-11;CIA PARTICIPACOES ALIANCA DA BAHIA;2021;20.4598788425;17.8542465811;12.7353259587;16.0382483919;562.894780724;20731000;-83.4227111897;-14.3532018603;29985000;758363000;135400000;661783000
018708;01.938.783/0001-11;CIA PARTICIPACOES ALIANCA DA BAHIA;2022;5.90955956452;4.98347642305;15.6709333641;15.3206981664;100.454747896;2767000;42.2744705686;7.3748323692;42661000;814291000;40580000;686684000
018708;01.938.783/0001-11;CIA PARTICIPACOES ALIANCA DA BAHIA;2023;1.7689916966;1.37814255684;22.0944586972;8.60845295056;2.37494703283;3383000;16.1693349898;8.13492965046;49559000;880533000;12135000;685984000
018708;01.938.783/0001-11;CIA PARTICIPACOES ALIANCA DA BAHIA;2024;4.57926343485;3.31175795116;27.6792436539;5.20527273136;35.6505669503;3712000;76.8841179201;40.7353273529;87662000;1239221000;41040000;896214000
018708;01.938.783/0001-11;CIA PARTICIPACOES ALIANCA DA BAHIA;2025;3.69444873704;2.605635327;29.4716069308;3.34227497048;26.4088350674;10625000;33.7637744975;4.39590678337;117260000;1293696000;33709000;912423000
016438;01.957.772/0001-89;SUL 116 PARTICIPACOES S.A.;2020;-5.27089072544;-5.09316770186;3.37178349601;2.75789473684;;1002000;;;0;11270000;-574000;10890000
016438;01.957.772/0001-89;SUL 116 PARTICIPACOES S.A.;2021;-4.49966420416;-4.30828587176;4.25316920816;1.35421166307;;606000;;-3.40727595386;0;10886000;-469000;10423000
016438;01.957.772/0001-89;SUL 116 PARTICIPAÇÕES S.A. - EM LIQUIDAÇÃO;2022;2.10387902696;1.98370527807;5.71200850159;0.446511627907;;258000;;3.72956090391;0;11292000;224000;10647000
016438;01.957.772/0001-89;SUL 116 PARTICIPAÇÕES S.A. - EM LIQUIDAÇÃO;2023;0.224908630869;0.208188757807;7.43407356003;0.0595099183197;11.5523465704;18000;;2.08997520368;277000;11528000;24000;10671000
016438;01.957.772/0001-89;SUL 116 PARTICIPAÇÕES S.A. - EM LIQUIDAÇÃO;2024;-4.69976452119;-3.97510373444;15.4190871369;0.0279870828848;;16000;-100;4.5281054823;0;12050000;-479000;10192000
016438;01.957.772/0001-89;SUL 116 PARTICIPAÇÕES S.A. - EM LIQUIDAÇÃO;2025;-1.5646800877;-1.22925148763;21.4375195741;0.0197224251278;;15000;;5.99170124481;0;12772000;-157000;10034000
016497;01.971.614/0001-83;EMPRESA NAC COM REDITO PART S.A.ENCORPAR;2020;-35.0427620959;-19.5665083135;44.1639096256;1.42068273092;;510000;;;0;282912000;-55356000;157967000
016497;01.971.614/0001-83;EMPRESA NAC COM REDITO PART S.A.ENCORPAR;2021;-12.2812349798;-6.28765809615;48.8027213346;2.96793587174;;765000;;-2.32475115937;0;276335000;-17375000;141476000
016551;01.989.044/0001-59;WTC RIO EMPREEND. E PARTICIPAÇÕES S.A.;2020;13.2734386321;;;0;;0;;;0;0;-916000;-6901000
016551;01.989.044/0001-59;WTC RIO EMPREEND. E PARTICIPAÇÕES S.A.;2021;11.0925019325;;;0;;0;;;0;0;-861000;-7762000
016551;01.989.044/0001-59;WTC RIO EMPREEND. E PARTICIPAÇÕES S.A.;2022;4.06624644667;;;0;;0;;;0;0;-329000;-8091000
016551;01.989.044/0001-59;WTC RIO EMPREEND. E PARTICIPAÇÕES S.A.;2023;-1.1754407903;;;0;;0;;;0;0;94000;-7997000
016551;01.989.044/0001-59;WTC RIO EMPREEND. E PARTICIPAÇÕES S.A.;2024;4.85390578414;;;0;;0;;;0;0;-407000;-8385000
016551;01.989.044/0001-59;WTC RIO EMPREEND. E PARTICIPAÇÕES S.A.;2025;-0.0596658711217;;;0;;0;;;0;0;5000;-8380000
016527;02.016.440/0001-62;RGE SUL DISTRIBUIDORA DE ENERGIA S.A.;2020;19.420560584;5.70895307078;70.6035618999;0.94850504367;12.622426442;392601000;;;8222080000;12044415000;687610000;3540629000
016527;02.016.440/0001-62;RGE SUL DISTRIBUIDORA DE ENERGIA S.A.;2021;26.4281286268;6.30933305633;76.1264414417;1.32255409805;16.4809396378;322437000;29.6563400016;28.5241998055;10660448000;15479988000;976684000;3695623000
016527;02.016.440/0001-62;RGE SUL DISTRIBUIDORA DE ENERGIA S.A.;2022;26.8597168889;6.56900618687;75.5432783821;1.02816960486;20.5551612672;464913000;-2.06087023735;4.80957091181;10440750000;16224509000;1065789000;3967983000
016527;02.016.440/0001-62;RGE SUL DISTRIBUIDORA DE ENERGIA S.A.;2023;23.9086460837;6.4046932005;73.2118114172;0.957082225522;22.7942263261;289851000;-1.502095156;8.21687115462;10283920000;17557656000;1124514000;4703378000
016527;02.016.440/0001-62;RGE SUL DISTRIBUIDORA DE ENERGIA S.A.;2024;17.3985636853;4.85991300109;72.0671597437;1.01021339687;19.6677882472;153619000;7.17650467915;11.2774734851;11021946000;19537716000;949516000;5457439000
016527;02.016.440/0001-62;RGE SUL DISTRIBUIDORA DE ENERGIA S.A.;2025;20.7185386725;6.16210126396;70.2580314115;0.948090271387;20.508749341;327373000;12.0674697553;10.9600835635;12352016000;21679066000;1335886000;6447781000
016586;02.062.747/0001-08;SUDESTE S.A.;2020;-160.014579683;-159.69800628;0.19784034922;505.458064516;;75374;;;0;78346;-125117;78191
016586;02.062.747/0001-08;SUDESTE S.A.;2021;-101.296879055;-101.134468071;0.160331676033;623.707070707;;120810;;57.6264263651;0;123494;-124895;123296
016586;02.062.747/0001-08;SUDESTE S.A.;2022;-88.7112662401;-88.5532886841;0.178080600828;561.543478261;;125799;;4.58402837385;0;129155;-114371;128925
016586;02.062.747/0001-08;SUDESTE S.A.;2023;-1.0216074496;-1.0216074496;0;;;133000;;94105.4121017;0;121671000;-1243000;121671000
016586;02.062.747/0001-08;SUDESTE S.A.;2024;2.09040407884;2.09038817146;0.000760971303772;316;;124000;;8.00519433554;0;131411000;2747000;131410000
016586;02.062.747/0001-08;SUDESTE S.A.;2025;3.43680874122;3.43670669972;0.0029690770624;64.5;;250000;;2.51957598679;0;134722000;4630000;134718000
018287;02.105.040/0001-23;VIRGO II COMPANHIA DE SECURITIZACAO;2020;8.56785881618;5.95514643625;30.4943444563;3.42221158449;79.1248560619;3958000;;;6079000;46061000;2743000;32015000
018287;02.105.040/0001-23;VIRGO II COMPANHIA DE SECURITIZACAO;2021;1.09645047389;0.694798822375;36.6319921492;1.57216805104;10.7571801567;4118000;-36.996216483;10.6141855366;3830000;50950000;354000;32286000
016659;02.149.205/0001-69;PORTO SEGURO S.A.;2020;18.8267149021;4.59626113682;75.5864941881;1.20803175645;9.0448959074;915881000;;;18619960000;36730202000;1688216000;8967130000
016659;02.149.205/0001-69;PORTO SEGURO S.A.;2021;16.4902066563;3.70956345634;77.5044453132;1.09423644335;5.87516047225;1400834000;13.9939774307;13.3378956097;21225633000;41629238000;1544263000;9364728000
016659;02.149.205/0001-69;PORTO SEGURO S.A.;2022;10.8287174855;2.28217267021;78.9248110566;1.08523896057;2.55195357654;2433908000;30.6144367991;21.2871612015;27723741000;50490921000;1152290000;10641057000
016659;02.149.205/0001-69;PORTO SEGURO S.A.;2023;18.5221188565;5.23254516841;71.749748455;1.13255786227;8.66394298121;1105403000;16.849587507;-12.3810813433;32395077000;44239599000;2314857000;12497798000
016659;02.149.205/0001-69;PORTO SEGURO S.A.;2024;19.0223138296;5.61588852099;70.4773637355;1.14923720742;8.79449824827;2191494000;8.79266006992;8.30508658092;35243466000;47913736000;2690782000;14145398000
016659;02.149.205/0001-69;PORTO SEGURO S.A.;2025;21.5741282194;6.12920151981;71.5900385059;1.2533267202;7.51812097803;1897923000;16.0020441803;16.5949426277;40883141000;55864993000;3424078000;15871223000
016624;02.162.616/0001-94;UPTICK PARTICIPACOES S.A. - EM LIQUIDAÇÃO;2020;18.2655878153;17.4217799488;4.61965897329;1.75963050314;;3331000;;;0;110138000;19188000;105050000
016624;02.162.616/0001-94;UPTICK PARTICIPACOES S.A. - EM LIQUIDAÇÃO;2021;26.2201730693;26.1807625248;0.150306195192;33.2914285714;;3986000;;5.7119250395;0;116429000;30482000;116254000
016624;02.162.616/0001-94;UPTICK PARTICIPACOES S.A. - EM LIQUIDAÇÃO;2022;30.9911092216;30.9493483959;0.134750987559;38.4383561644;;2768000;;-6.94071064769;0;108348000;33533000;108202000
016624;02.162.616/0001-94;UPTICK PARTICIPACOES S.A. - EM LIQUIDAÇÃO;2023;29.2658799636;28.9147977409;1.19962981863;3.36265320836;;2593000;;6.71078377081;0;115619000;33431000;114232000
016632;02.193.750/0001-52;DEXXOS PARTICIPAÇÕES S.A.;2020;45.5086581798;17.010593864;62.6211922205;1.59695007044;17.6956693519;40602000;;;994701000;845867000;143887000;316175000
016632;02.193.750/0001-52;DEXXOS PARTICIPAÇÕES S.A.;2021;43.358635388;17.7291196458;59.1105220745;1.98300958434;14.3188604109;97947000;78.384660315;53.1593028218;1774394000;1295524000;229685000;529733000
016632;02.193.750/0001-52;DEXXOS PARTICIPAÇÕES S.A.;2022;26.1497899034;13.7576199696;47.3891758963;2.72032924226;13.321621194;198753000;18.2436369825;0.943556429676;2098108000;1307748000;179915000;688017000
016632;02.193.750/0001-52;DEXXOS PARTICIPAÇÕES S.A.;2023;24.5990027022;14.4475382171;41.2677888126;3.3086014985;15.0808898311;452932000;-16.8167224947;11.8285785947;1745275000;1462436000;211286000;858921000
016632;02.193.750/0001-52;DEXXOS PARTICIPAÇÕES S.A.;2024;16.1063742549;9.83858071767;38.9149875572;3.28331190982;12.7429719718;341761000;3.73115984587;6.47474487772;1810394000;1557125000;153199000;951170000
016632;02.193.750/0001-52;DEXXOS PARTICIPAÇÕES S.A.;2025;14.337213399;8.90173532189;37.9116772961;3.64516016434;10.1769070791;395276000;18.0311026219;3.63740868588;2136828000;1613764000;143653000;1001959000
016675;02.201.787/0001-85;CEL PARTICIPAÇÕES S.A. - CELPAR;2020;-1.84294869669;2.25099460716;222.14092618;0;;0;;;0;12344321;277870;-15077468
016675;02.201.787/0001-85;CEL PARTICIPAÇÕES S.A. - CELPAR;2021;-4.22521736493;0.571828081955;113.5336962;0.458928269784;15.3588850573;8683309;;746.514295926;51718676;104496442;597540;-14142231
016675;02.201.787/0001-85;CEL PARTICIPAÇÕES S.A. - CELPAR;2022;-3.37235924446;0.417128062328;112.369028093;0.112528525034;13.4882650676;869362;2.78380482903;8.32561361276;53158423;113196412;472174;-14001296
016675;02.201.787/0001-85;CEL PARTICIPAÇÕES S.A. - CELPAR;2023;-0.869865756582;0.0994771464634;111.43591936;0.0738246804043;16.0162087285;21304;15.161668735;7.19548071895;61218127;121341438;120707;-13876509
016675;02.201.787/0001-85;CEL PARTICIPAÇÕES S.A. - CELPAR;2024;-1.11198805887;0.113038058327;110.165402175;0.106275061292;15.0757617866;12479;17.6425456467;11.2239497277;72018563;134960740;152557;-13719302
016675;02.201.787/0001-85;CEL PARTICIPAÇÕES S.A. - CELPAR;2025;-1.0360023907;0.0933635002622;109.011900079;0.187360067567;15.4426411259;490657;12.2692478604;11.6075052641;80854699;150626315;140630;-13574293
016705;02.217.319/0001-07;YBYRÁ CAPITAL S.A.;2020;-94.0188712995;-93.8998972771;0.126542704441;790.247058824;;131110;;;0;134342;-126147;134172
016705;02.217.319/0001-07;YBYRÁ CAPITAL S.A.;2021;144.974658765;-9570.70148263;6701.63753043;0.0149217261521;;1531;;-96.6361971684;0;4519;-432500;-298328
016705;02.217.319/0001-07;YBYRÁ CAPITAL S.A.;2022;787.893346145;-8743.75208264;1209.7634122;0.0826607905247;;2829;;32.8169949104;0;6002;-524800;-66608
016705;02.217.319/0001-07;YBYRÁ CAPITAL S.A.;2023;0.389453398029;0.385096533543;1.11871266441;63.3716278737;79.3244841315;942375;;78954272.0427;25604343;4738841410;18249114;4685827391
016705;02.217.319/0001-07;YBYRÁ CAPITAL S.A.;2024;-0.00107181462987;-0.00107161328373;0.0187855376184;0.88312220878;;137178;-100;-1.59318889298;0;4663342715;-49973;4662466681
016705;02.217.319/0001-07;YBYRÁ CAPITAL S.A.;2025;-192.113489298;-144.246667497;24.9159088078;0.0135;;675;;-99.9956967563;0;200675;-289467;150675
019151;02.221.531/0001-30;RDN CONCESSÕES E PARTICIPAÇÕES S.A.;2020;29.3761361211;-3.85699474055;113.129687052;0.152492016125;2.06953634059;78187000;;;994329000;1034899000;-39916000;-135879000
026050;02.255.187/0001-08;UNIFIQUE TELECOMUNICAÇÕES S.A.;2020;42.942994067;11.0672847211;74.2279620656;0.709681957023;30.8748881307;43335000;;;286048000;455839000;50449000;117479000
026050;02.255.187/0001-08;UNIFIQUE TELECOMUNICAÇÕES S.A.;2021;8.39810472006;4.97886706186;40.7143965475;2.82231498816;28.3127794857;528850000;60.1073945632;254.865862728;457984000;1617617000;80539000;959014000
026050;02.255.187/0001-08;UNIFIQUE TELECOMUNICAÇÕES S.A.;2022;13.0563917238;6.78374418832;48.0427339206;1.84778007701;26.7904098767;368092000;48.1379262158;18.6567648584;678448000;1919412000;130208000;997274000
026050;02.255.187/0001-08;UNIFIQUE TELECOMUNICAÇÕES S.A.;2023;13.2232105349;7.19456598535;45.591382922;1.38428247269;25.1255723791;272267000;30.1729830437;5.08035794295;883156000;2016925000;145109000;1097381000
026050;02.255.187/0001-08;UNIFIQUE TELECOMUNICAÇÕES S.A.;2024;14.5731797926;7.6476188098;47.5226483263;1.47221652791;25.3402888103;447756000;16.103949925;13.1732216121;1025379000;2282619000;174566000;1197858000
026050;02.255.187/0001-08;UNIFIQUE TELECOMUNICAÇÕES S.A.;2025;18.7239132967;8.37446616821;55.2739534973;1.09680118481;27.7637949358;212960000;15.6235889364;9.31162844084;1185580000;2495168000;208957000;1115990000
017868;02.258.422/0001-97;INEPAR EQUIPAMENTOS E MONTAGENS S/A - EM RECUPERACAO JUDICIA;2020;222.322607693;-46.3323853584;120.84015919;0.0152429613071;;0;;;0;228909000;-106059000;-47705000
017868;02.258.422/0001-97;INEPAR EQUIPAMENTOS E MONTAGENS S/A - EM RECUPERACAO JUDICIA;2021;134.796848785;76.8053898811;43.0213758162;0.0582738780207;;0;;5.10683284624;0;240599000;184793000;137090000
017868;02.258.422/0001-97;INEPAR EQUIPAMENTOS E MONTAGENS S/A - EM RECUPERACAO JUDICIA;2022;-7.13755402205;-3.86529655242;45.8456420718;0.0555741422252;-322.910216718;0;;-1.79427179664;323000;236282000;-9133000;127957000
017868;02.258.422/0001-97;INEPAR EQUIPAMENTOS E MONTAGENS S/A - EM RECUPERACAO JUDICIA;2023;49.1016201466;41.3641039732;15.7581687739;0.108539026017;189.507892293;0;233.436532508;26.2995065219;1077000;298423000;123440000;251397000
017868;02.258.422/0001-97;INEPAR EQUIPAMENTOS E MONTAGENS S/A - EM RECUPERACAO JUDICIA;2024;-0.612725970216;-0.516631066028;15.6831779391;0.214583211122;-92.1150772509;0;74.2804085422;-0.696997215362;1877000;296343000;-1531000;249867000
017868;02.258.422/0001-97;INEPAR EQUIPAMENTOS E MONTAGENS S/A - EM RECUPERACAO JUDICIA;2025;-2.77807475636;-2.33220451321;16.0496128527;0.106129510628;-176.080827068;0;126.744805541;-2.24739575424;4256000;289683000;-6756000;243190000
020443;02.281.836/0001-37;TRANSNORDESTINA LOGISTICA SA;2020;-2.49561549132;-0.621589875489;75.0927225107;0.0380970984906;;1390000;;;0;9855212000;-61259000;2454665000
020443;02.281.836/0001-37;TRANSNORDESTINA LOGISTICA SA;2021;-4.11671316151;-0.938802562439;77.1953370175;0.0336822294981;;1259000;;4.90160942251;0;10338276000;-97056000;2357609000
020443;02.281.836/0001-37;TRANSNORDESTINA LOGISTICA SA;2022;-2.50881172415;-0.543361878256;78.341863081;0.0494409162181;;1164000;;10.1234093576;0;11384862000;-61861000;2465749000
020443;02.281.836/0001-37;TRANSNORDESTINA LOGISTICA SA;2023;-2.0302190811;-0.376977105233;81.4317031722;2.47708425885;;786007000;;14.3194708904;0;13015114000;-49064000;2416685000
020443;02.281.836/0001-37;TRANSNORDESTINA LOGISTICA SA;2024;-2.07492101573;-0.358315647311;82.7311186983;2.42011252526;;277966000;;5.3389082877;0;13709979000;-49125000;2367560000
020443;02.281.836/0001-37;TRANSNORDESTINA LOGISTICA SA;2025;-0.460926748418;-0.231622720915;49.7484748477;7.65613850635;;2637000;;24.8983386481;0;17123536000;-39662000;8604838000
024813;02.286.479/0001-08;LOCALIZA FLEET S.A.;2020;40.4255904609;9.13262341265;77.408806381;1.52267405587;35.6717483548;666489000;;;2091103000;4343396000;396666000;981225000
024813;02.286.479/0001-08;LOCALIZA FLEET S.A.;2021;38.0934234237;9.69871045815;74.5396722414;0.984743153032;38.8021313514;129419000;1.14709796696;25.0546576918;2115090000;5431619000;526797000;1382908000
024813;02.286.479/0001-08;LOCALIZA FLEET S.A.;2022;28.0983861022;5.3652534366;80.9054747234;0.768156891531;42.2402363766;234319000;32.5871712315;84.9817338072;2804338000;10047503000;539074000;1918523000
024813;02.286.479/0001-08;LOCALIZA FLEET S.A.;2023;23.6338388119;3.89064572521;83.5378172959;0.496935207577;34.3407635236;644529000;83.9249049152;57.6482236432;5157876000;15839710000;616267000;2607562000
024813;02.286.479/0001-08;LOCALIZA FLEET S.A.;2024;16.3361375784;3.9957980814;75.5401295917;1.0126034693;29.2210103349;902349000;57.3727441296;31.3337049731;8117091000;20802878000;831241000;5088357000
024813;02.286.479/0001-08;LOCALIZA FLEET S.A.;2025;17.1369991173;4.56176143173;73.380628659;1.10213383287;27.3423091483;408701000;31.0530706136;3.90370986168;10637697000;21614962000;986023000;5753767000
019232;02.291.077/0001-93;PRODUTORES ENERGET.DE MANSO S.A.- PROMAN;2020;-31.1499272198;1.26335675069;104.055729382;2.6358974359;46.1629881154;0;;;5890000;16939000;214000;-687000
019232;02.291.077/0001-93;PRODUTORES ENERGET.DE MANSO S.A.- PROMAN;2021;-80.7894736842;1.83447863759;102.27069017;3.30173199635;56.683236675;0;22.9541595925;-1.20432138851;7242000;16735000;307000;-380000
019232;02.291.077/0001-93;PRODUTORES ENERGET.DE MANSO S.A.- PROMAN;2022;-175.362318841;1.44658975432;100.824914819;2.40297684675;59.960065774;0;17.5642087821;-0.035853002689;8514000;16729000;242000;-138000
019232;02.291.077/0001-93;PRODUTORES ENERGET.DE MANSO S.A.- PROMAN;2023;78.7037037037;-3.26316462985;104.146138589;2.24020156775;44.2007349564;0;2.27859995302;-6.57540797418;8708000;15629000;-510000;-648000
019232;02.291.077/0001-93;PRODUTORES ENERGET.DE MANSO S.A.- PROMAN;2024;-48.2837528604;1.37755435137;102.853039107;2.86425339367;63.2482766961;0;-5.04134129536;-1.99628895003;8269000;15317000;211000;-437000
019232;02.291.077/0001-93;PRODUTORES ENERGET.DE MANSO S.A.- PROMAN;2025;-100;1.48188430426;101.481884304;3.40641312453;56.0887279312;0;6.85693554239;-3.9563883267;8836000;14711000;218000;-218000
016985;02.302.100/0001-06;EDP SÃO PAULO DISTRIBUIÇÃO DE ENERGIA S.A.;2020;37.8834025161;6.13830195852;83.7968568005;0.916131000849;10.7586646809;469267000;;;4668637000;6097354000;374274000;987963000
016985;02.302.100/0001-06;EDP SÃO PAULO DISTRIBUIÇÃO DE ENERGIA S.A.;2021;34.6122254785;6.19096056583;82.1133704052;1.49015123822;11.3503459764;687156000;38.3789530006;18.3298033868;6460411000;7214987000;446677000;1290518000
016985;02.302.100/0001-06;EDP SÃO PAULO DISTRIBUIÇÃO DE ENERGIA S.A.;2022;53.4551805064;7.96362002218;85.1022483757;0.969578580308;17.7502635463;629265000;-11.9003419442;-8.58464471246;5691600000;6595606000;525249000;982597000
016985;02.302.100/0001-06;EDP SÃO PAULO DISTRIBUIÇÃO DE ENERGIA S.A.;2023;43.2838387166;6.49990045668;84.983077635;0.610471006967;17.3216700466;216271000;5.87889170005;11.5682925875;6026203000;7358605000;478302000;1105036000
016985;02.302.100/0001-06;EDP SÃO PAULO DISTRIBUIÇÃO DE ENERGIA S.A.;2024;64.9974483347;8.02200942996;87.657962527;0.757513466563;18.8637101079;875622000;5.24959082859;17.1557924362;6342554000;8621032000;691580000;1064011000
016985;02.302.100/0001-06;EDP SÃO PAULO DISTRIBUIÇÃO DE ENERGIA S.A.;2025;43.0067212157;4.84790874525;88.7275555815;0.763329352296;17.9635238003;501221000;1.70464453279;5.63890726771;6450672000;9107164000;441507000;1026600000
016993;02.302.101/0001-42;EMAE - EMPRESA METROP.AGUAS ENERGIA S.A.;2020;27.6244131978;11.5976994502;58.0164857542;1.71097006027;32.0071746311;518714000;;;447131000;1711417000;198485000;718513000
016993;02.302.101/0001-42;EMAE - EMPRESA METROP.AGUAS ENERGIA S.A.;2021;20.3214166624;9.18279281415;54.8122408653;4.05806716314;10.6102936729;311072000;18.3152141095;-4.60554032127;529024000;1632597000;149918000;737734000
016993;02.302.101/0001-42;EMAE - EMPRESA METROP. DE AGUAS E ENERGIA S.A.;2022;6.05017692865;3.41666310843;43.5278811063;8.34144582151;-5.67427278786;436741000;0.692029095088;21.9336431465;532685000;1990685000;68015000;1124182000
016993;02.302.101/0001-42;EMAE - EMPRESA METROP. DE AGUAS E ENERGIA S.A.;2023;13.8246688758;7.20934800627;47.8515683015;6.01474329059;12.8128076695;426282000;13.2613082779;4.85285215893;603326000;2087290000;150480000;1088489000
016993;02.302.101/0001-42;EMAE - EMPRESA METROP. DE AGUAS E ENERGIA S.A.;2024;4.61914271871;2.62176896104;43.2412220038;5.04110984599;-1.58456824297;311326000;2.99042308802;0.000143727033618;621368000;2087293000;54724000;1184722000
016993;02.302.101/0001-42;EMAE - EMPRESA METROP. DE AGUAS E ENERGIA S.A.;2025;-22.4194801134;-7.53427134134;66.394085397;3.07398649487;-72.3276243523;379911000;-23.25787617;-15.2015553159;476851000;1769992000;-133356000;594822000
016942;02.318.346/0001-68;OPPORTUNITY ENERGIA E PARTICIPACOES S.A. - EM LIQUIDAÇÃO;2020;468.685707718;-21.1751815531;104.517991738;;;115000;;;0;385149000;-81556000;-17401000
017485;02.328.280/0001-97;ELEKTRO REDES S.A.;2020;19.8524480215;6.38068549256;67.8594524682;1.03339882122;13.9031172252;912000000;;;6833000000;9278000000;592000000;2982000000
017485;02.328.280/0001-97;ELEKTRO REDES S.A.;2021;25.4174397032;7.69879179545;69.7105928632;1.46718304117;16.4726631393;624000000;24.4694863164;15.0786807502;8505000000;10677000000;822000000;3234000000
017485;02.328.280/0001-97;ELEKTRO REDES S.A.;2022;34.4153577661;9.9335079589;71.1364094298;1.23162583519;21.3161659514;527000000;-1.37566137566;-7.0338109956;8388000000;9926000000;986000000;2865000000
017485;02.328.280/0001-97;ELEKTRO REDES S.A.;2023;32.3774591531;8.9394218376;72.3899834285;1.19216133942;22.7967367574;657000000;3.75536480687;9.42978037477;8703000000;10862000000;971000000;2999000000
017485;02.328.280/0001-97;ELEKTRO REDES S.A.;2024;45.4545454545;7.61801681792;83.2403630006;0.959841628959;21.6981132075;745000000;7.18143169022;10.578162401;9328000000;12011000000;915000000;2013000000
017485;02.328.280/0001-97;ELEKTRO REDES S.A.;2025;46.9377756002;7.32415902141;84.3960244648;1.11989795918;22.7623534128;381000000;6.95754716981;8.90017483973;9977000000;13080000000;958000000;2041000000
017434;02.338.534/0001-58;LONGDIS S.A.;2020;23.1495922296;-4068.84814378;17676.3274939;0;;0;;;0;11017;-448265;-1936384
017434;02.338.534/0001-58;LONGDIS S.A.;2021;42.5957920625;-12834.8369808;30231.7016525;0;;0;;1.61568485069;0;11195;-1436860;-3373244
017434;02.338.534/0001-58;LONGDIS S.A.;2022;5.89160210957;-743.827269205;12725.2122151;0.00663139407913;;13138;;153.604287628;0;28391;-211180;-3584424
017434;02.338.534/0001-58;LONGDIS S.A.;2023;-812.589579702;-789.202407825;2.87810383747;34.7450980392;;10;;12.3454615899;0;31896;-251724;30978
017434;02.338.534/0001-58;LONGDIS S.A.;2024;-143.117436982;-140.268633131;1.990535822;50.2377294067;;1;;269.033734638;0;117707;-165106;115364
017434;02.338.534/0001-58;LONGDIS S.A.;2025;-292.158675523;-275.959910793;5.54450922965;18.0358614005;;1;;-36.7633190889;0;74434;-205408;70307
020800;02.351.144/0001-18;TEGMA GESTAO LOGISTICA S.A.;2020;11.7494273854;7.15811757741;39.0768814293;2.51503315602;10.4945975189;260387000;;;1012035000;1026932000;73509000;625639000
020800;02.351.144/0001-18;TEGMA GESTAO LOGISTICA S.A.;2021;15.8204670182;10.3165457159;34.7898788068;2.30819187184;12.6480255484;147128000;-0.463620329336;1.73779763412;1007343000;1044778000;107785000;681301000
020800;02.351.144/0001-18;TEGMA GESTAO LOGISTICA S.A.;2022;20.8132421359;14.3701623645;30.9566367858;2.29949035841;14.6793636525;190299000;36.0518711104;6.34603714856;1370509000;1111080000;159664000;767127000
020800;02.351.144/0001-18;TEGMA GESTAO LOGISTICA S.A.;2023;21.745632333;15.1629850856;30.2711236289;3.09313760134;14.306446357;232539000;15.5386794249;7.97701335637;1583468000;1199711000;181912000;836545000
020800;02.351.144/0001-18;TEGMA GESTAO LOGISTICA S.A.;2024;29.3693680005;20.3560419259;30.6895472674;2.71087884251;17.6397415085;241335000;31.9967943779;10.8095199594;2090127000;1329394000;270612000;921409000
020800;02.351.144/0001-18;TEGMA GESTAO LOGISTICA S.A.;2025;27.8552863742;18.1757178819;34.7494847559;2.09907788628;14.6885902397;113860000;6.47333870143;0.552958716528;2225428000;1336745000;242963000;872233000
024910;02.351.877/0001-52;LWSA S/A;2020;2.92890071264;1.35916340532;53.5947599913;1.7919166859;9.05061346552;404628000;;;488210000;1452364000;19740000;673973000
024910;02.351.877/0001-52;LWSA S/A;2021;-0.536580778763;-0.344175814858;35.8575952624;3.17866517378;1.06584787955;1584399000;63.9065156388;215.062821717;800208000;4575859000;-15749000;2935066000
024910;02.351.877/0001-52;LWSA S/A;2022;1.01696440776;0.640921711501;36.9769771083;1.97495692805;4.26560017146;1448231000;42.2671355448;3.250602783;1138433000;4724602000;30281000;2977587000
024910;02.351.877/0001-52;LWSA S/A;2023;-2.55833673936;-1.60140717941;37.4043629685;1.35298043152;6.68826909332;1188223000;13.555738458;-2.54442596435;1292756000;4604388000;-73735000;2882146000
024910;02.351.877/0001-52;LWSA S/A;2024;1.53665012894;1.05205626459;31.535731864;1.18120552907;8.30688626251;447378000;5.97761681245;-12.8956551881;1370032000;4010622000;42194000;2745843000
024910;02.351.877/0001-52;LWSA S/A;2025;-9.13534533793;-6.19643055916;32.1708120499;1.25639790427;-18.5894012285;371931000;8.64936001495;-9.28127856477;1488531000;3638385000;-225450000;2467887000
024872;02.357.251/0001-53;LIFEMED INDUSTRIAL DE EQUIP. E ART. MEDICOS E HOSP. S.A;2020;26.5855417492;10.3368034293;61.1187030651;1.91357205539;21.6200880603;3452000;;;271405000;310270000;32072000;120637000
024872;02.357.251/0001-53;LIFEMED INDUSTRIAL DE EQUIP. E ART. MEDICOS E HOSP. S.A;2021;51.6594531238;22.9123626658;55.6472992254;2.29308775381;36.6446129454;4026000;41.0633555019;43.2152641248;382853000;444354000;101812000;197083000
024872;02.357.251/0001-53;LIFEMED INDUSTRIAL DE EQUIP. E ART. MEDICOS E HOSP. S.A;2022;-8.46495910887;-3.87666064286;54.2034333185;1.37761948605;18.2881908524;3851000;-66.6723259319;-10.7110546996;127596000;396759000;-15381000;181702000
024872;02.357.251/0001-53;LIFEMED INDUSTRIAL DE EQUIP. E ART. MEDICOS E HOSP. S.A;2023;-11.0084736961;-5.67420330016;48.4560398035;1.43120981498;17.0369058287;686000;-24.7829085551;-19.9614879562;95974000;317560000;-18019000;163683000
024872;02.357.251/0001-53;LIFEMED INDUSTRIAL DE EQUIP. E ART. MEDICOS E HOSP. S.A;2024;-20.6034482759;-9.86909673571;52.0997815338;1.0654991454;-6.45473292334;618000;14.1913434889;-10.7762312634;109594000;283339000;-27963000;135720000
024872;02.357.251/0001-53;LIFEMED INDUSTRIAL DE EQUIP. E ART. MEDICOS E HOSP. S.A;2025;0.191938579655;0.0853206060705;55.5479642373;1.01453694457;17.106304089;737000;14.1859955837;7.96431130201;125141000;305905000;261000;135981000
018414;02.365.069/0001-44;PADTEC HOLDING S.A.;2020;16.7077622025;4.57005236269;72.6471306731;1.8155764644;10.4889156669;64680000;;;169293000;376604000;17211000;103012000
018414;02.365.069/0001-44;PADTEC HOLDING S.A.;2021;39.6993852124;11.8488526504;70.1535613536;1.89970885465;16.0990865189;87468000;103.044425936;14.175898291;343740000;429991000;50949000;128337000
018414;02.365.069/0001-44;PADTEC HOLDING S.A.;2022;7.18902704177;1.96408111651;72.6794584984;1.87352011405;7.42661836079;49620000;6.39582242393;15.4952080392;365725000;496619000;9754000;135679000
018414;02.365.069/0001-44;PADTEC HOLDING S.A.;2023;10.1042349548;2.98408924582;70.4669452049;2.2857151817;8.18472037257;50456000;0.809898147515;4.00447828214;368687000;516506000;15413000;152540000
018414;02.365.069/0001-44;PADTEC HOLDING S.A.;2024;-22.8309453707;-3.86809729853;83.0576560203;2.26368493765;-1.95341395573;158084;-99.9189667658;-99.8606633805;298759;719682;-27838;121931
018414;02.365.069/0001-44;PADTEC HOLDING S.A.;2025;5.15728955206;1.06586268883;79.3328903085;2.96133822053;7.9306776676;80358;-2.31122744419;-9.25353142082;291854;653086;6961;134974
023469;02.382.073/0001-10;PROLAGOS S/A - CONC.DE SERVICOS PÚBLICOS DE ÁGUA E ESGOTO;2020;26.8386350919;8.98531975678;66.5209511363;1.5544629142;53.5509950089;3685000;;;388891000;1131657000;101683000;378868000
023469;02.382.073/0001-10;PROLAGOS S/A - CONC.DE SERVICOS PÚBLICOS DE ÁGUA E ESGOTO;2021;25.6810330412;11.7824996725;54.1198375718;3.42937207725;56.67102458;7626000;16.6344811271;-5.55618884521;453581000;1068780000;125929000;490358000
023469;02.382.073/0001-10;PROLAGOS S/A - CONC.DE SERVICOS PÚBLICOS DE ÁGUA E ESGOTO;2022;27.8109518974;13.2198641317;52.4652583614;0.846916155492;52.4701248955;4761000;22.5944208421;-0.945751230375;556065000;1058672000;139955000;503237000
023469;02.382.073/0001-10;PROLAGOS S/A - CONC.DE SERVICOS PÚBLICOS DE ÁGUA E ESGOTO;2023;30.1894965223;12.2351424199;59.4721879151;3.11815614006;51.9299168817;5322000;13.4593977323;21.6042362507;630908000;1287390000;157514000;521751000
023469;02.382.073/0001-10;PROLAGOS S/A - CONC.DE SERVICOS PÚBLICOS DE ÁGUA E ESGOTO;2024;30.8780126009;11.8639001321;61.5781615046;2.64345114345;48.2184763145;9361000;15.1579945095;5.76119124741;726541000;1361559000;161534000;523136000
023469;02.382.073/0001-10;PROLAGOS S/A - CONC.DE SERVICOS PÚBLICOS DE ÁGUA E ESGOTO;2025;41.426763186;9.63519633098;76.7416143817;2.87908787736;43.4921239121;8726000;17.1556732518;20.7465119029;851184000;1644035000;158406000;382376000
017450;02.387.241/0001-60;RUMO S.A.;2020;1.99181803579;0.663658921812;66.6807454353;2.33821750894;27.9706650394;7778606000;;;6966159000;45908371000;304675000;15296327000
017450;02.387.241/0001-60;RUMO S.A.;2021;1.03699002361;0.323284778101;68.8246973703;2.78794557612;20.4275426526;9448193000;6.79675844321;4.93631760534;7439632000;48174554000;155741000;15018563000
017450;02.387.241/0001-60;RUMO S.A.;2022;3.33553530234;1.11861040315;66.4638415799;1.71426595677;30.8506785749;7385421000;32.2848764563;-4.61407281529;9841508000;45951745000;514021000;15410450000
017450;02.387.241/0001-60;RUMO S.A.;2023;4.54863901612;1.46616557845;67.7669392261;1.8716130991;31.7659920956;7233993000;11.1386181874;7.15248354551;10937716000;49238436000;721917000;15871055000
017450;02.387.241/0001-60;RUMO S.A.;2024;-6.3557559329;-1.87623103684;70.4798129971;1.63036164517;17.4298162889;7461618000;27.4158974323;2.75107641518;13936389000;50593023000;-949242000;14935155000
017450;02.387.241/0001-60;RUMO S.A.;2025;6.15815793898;1.60854455895;73.8794526726;1.57240387367;33.0714766039;7018132000;-0.635839025446;6.30535360577;13847776000;53783092000;865125000;14048438000
019364;02.397.080/0001-96;ITAPEBI GERACAO DE ENERGIA S.A.;2020;22.9197547597;12.7252174721;44.4792598985;1.89704381159;67.7458412773;56660000;;;221342000;624563000;79477000;346762000
019364;02.397.080/0001-96;ITAPEBI GERACAO DE ENERGIA S.A.;2021;37.7577601948;19.9458986736;47.174041652;1.22878335024;94.8998310754;31209000;-6.65982958499;12.046022579;206601000;699798000;139581000;369675000
019364;02.397.080/0001-96;ITAPEBI GERACAO DE ENERGIA S.A.;2022;20.2689944437;10.542551787;47.9868040998;0.645549028468;43.8185611414;7953000;-6.5023886622;-11.2455308532;193167000;621102000;65480000;323055000
019364;02.397.080/0001-96;ITAPEBI GERACAO DE ENERGIA S.A.;2023;8.30980679775;5.91997496917;28.7591743917;0.369773087447;38.0302819703;17916000;8.00964968136;57.461093347;208639000;977994000;57897000;696731000
019364;02.397.080/0001-96;ITAPEBI GERACAO DE ENERGIA S.A.;2024;2.52885497693;1.75597678354;30.5623770614;1.7504507069;23.6495301999;56285000;-12.5676407575;1.26156193187;182418000;990332000;17390000;687663000
019364;02.397.080/0001-96;ITAPEBI GERACAO DE ENERGIA S.A.;2025;5.50881598985;3.96801361295;27.9697557468;1.77054203108;23.725991587;51386000;5.68967974652;-0.306664835631;192797000;987295000;39176000;711151000
021024;02.415.408/0001-50;CONC ROD.OESTE SP VIAOESTE S.A;2020;110.266336955;39.7711737398;63.9317176591;0.432644682436;48.9306209359;46697000;;;897951000;683925000;272005000;246680000
021024;02.415.408/0001-50;CONC ROD.OESTE SP VIAOESTE S.A;2021;23.191285752;6.33824524321;72.6697117572;0.548557497725;10.7661138549;121137000;22.1936386284;9.57385678254;1097239000;749403000;47499000;204814000
021024;02.415.408/0001-50;CONC ROD.OESTE SP VIAOESTE S.A;2022;12.9385132571;3.30134025076;74.4843925638;1.2382389347;9.43685517214;365448000;9.90695737209;15.7421307361;1205942000;867375000;28635000;221316000
024929;02.421.421/0001-11;TIM S.A.;2020;7.95285459077;4.42615725482;44.3450498899;1.25410879075;16.3015267945;2575291000;;;17267812000;41654417000;1843690000;23182745000
024929;02.421.421/0001-11;TIM S.A.;2021;11.7782352136;5.93581356387;49.6035402907;1.45107422319;20.799786156;5228615000;4.57623119825;19.6012081984;18058027000;49819186000;2957174000;25107106000
024929;02.421.421/0001-11;TIM S.A.;2022;6.57845804082;2.96189216043;54.9758903675;0.790090554138;14.6762584448;2548713000;19.2311928651;13.2261916122;21530801000;56408367000;1670755000;25397365000
024929;02.421.421/0001-11;TIM S.A.;2023;10.9064750303;5.13466158148;52.9209798105;0.885222626529;19.792393966;3077931000;10.6967316265;-2.03553313288;23833893000;55260156000;2837422000;26015940000
024929;02.421.421/0001-11;TIM S.A.;2024;;;;;;0;-100;-100;0;0;0;0
024929;02.421.421/0001-11;TIM S.A.;2025;;;;;;0;;;0;0;0;0
018660;02.429.144/0001-93;CPFL ENERGIA S.A.;2020;26.0399256015;7.54881128275;71.0106265346;0.958756766561;16.5487740521;3918796000;;;30898458000;49106884000;3706986000;14235778000
018660;02.429.144/0001-93;CPFL ENERGIA S.A.;2021;28.8812699937;7.34083477891;74.5827147473;1.20433985041;18.8929151708;2199952000;26.9000155283;34.6448249496;39210148000;66119878000;4853751000;16805878000
018660;02.429.144/0001-93;CPFL ENERGIA S.A.;2022;29.7538749269;7.33534852046;75.3465774172;1.02022054722;25.996987313;3746158000;0.367478847568;7.60165195707;39354237000;71146081000;5218813000;17539944000
018660;02.429.144/0001-93;CPFL ENERGIA S.A.;2023;27.6875363179;7.3857161228;73.3247623118;0.913432564988;26.619964326;4435186000;0.988338307766;5.37646760895;39743190000;74971227000;5537162000;19998753000
018660;02.429.144/0001-93;CPFL ENERGIA S.A.;2024;26.4351747364;7.47000415951;71.742179751;0.952851941521;25.4062462393;1973401000;7.2591555937;2.87839360025;42628210000;77129194000;5761554000;21795029000
018660;02.429.144/0001-93;CPFL ENERGIA S.A.;2025;24.4317079757;7.0808359514;71.0178430487;0.929533870173;24.9155378069;2229320000;4.0807953231;5.14816218616;44367780000;81099930000;5742553000;23504509000
020192;02.451.848/0001-62;CONC SIST ANHANG-BANDEIRANT S.A. AUTOBAN;2020;145.905109941;23.5565767683;83.8548651396;0.860521236877;62.4300620992;254892000;;;1964600000;3098277000;729848000;500221000
020192;02.451.848/0001-62;CONC SIST ANHANG-BANDEIRANT S.A. AUTOBAN;2021;143.346185869;25.0606785398;82.517373317;1.34952976753;55.604939255;119778000;15.0287590349;-8.6430942101;2259855000;2830490000;709340000;494844000
020192;02.451.848/0001-62;CONC SIST ANHANG-BANDEIRANT S.A. AUTOBAN;2022;123.526003286;53.1012014175;57.0121269976;1.2972294978;85.1116400346;549872000;252.401592138;189.34304661;7963765000;8189826000;4348896000;3520632000
020192;02.451.848/0001-62;CONC SIST ANHANG-BANDEIRANT S.A. AUTOBAN;2023;220.753749519;13.1625188611;94.0374653251;0.762188222135;59.9322737486;174803000;-60.6641958923;-7.34418533434;3132611000;7588350000;998818000;452458000
020192;02.451.848/0001-62;CONC SIST ANHANG-BANDEIRANT S.A. AUTOBAN;2024;208.227282416;14.8706622862;92.8584467349;0.976459920813;63.7870395793;377368000;11.0321390048;-1.31384293028;3478205000;7488651000;1113612000;534806000
020192;02.451.848/0001-62;CONC SIST ANHANG-BANDEIRANT S.A. AUTOBAN;2025;137.27750631;16.0982647216;88.2731955479;1.85691070629;65.0560312695;386218000;9.06763689892;-0.423200386825;3793596000;7456959000;1200441000;874463000
017329;02.474.103/0001-19;ENGIE BRASIL ENERGIA S.A.;2020;36.1310865748;7.94988996838;77.9970913636;1.43716843532;45.4318522176;4538946000;;;12259159000;35186248000;2797268000;7741998000
017329;02.474.103/0001-19;ENGIE BRASIL ENERGIA S.A.;2021;19.7283436937;4.1058382072;79.1881251111;1.47492631805;39.0579038302;5156406000;2.29635654452;8.32563051338;12540673000;38115725000;1564970000;7932597000
017329;02.474.103/0001-19;ENGIE BRASIL ENERGIA S.A.;2022;31.5700675294;6.97772882072;77.8976436645;1.25267464588;48.7173631778;2235887000;-5.05609228468;0.186345661797;11906605000;38186752000;2664568000;8440172000
017329;02.474.103/0001-19;ENGIE BRASIL ENERGIA S.A.;2023;34.932626747;8.12102497999;76.7523208638;1.45795541627;59.177761667;5255767000;-9.73258960048;10.5736172587;10747784000;42224473000;3429060000;9816210000
017329;02.474.103/0001-19;ENGIE BRASIL ENERGIA S.A.;2024;35.0382862184;8.5863967811;75.4942444172;0.989737971513;68.4758083314;3958758000;4.38091238157;18.6807020658;11218635000;50112301000;4302841000;12280398000
017329;02.474.103/0001-19;ENGIE BRASIL ENERGIA S.A.;2025;20.5391529537;5.16682100376;74.8440404753;1.12227137489;48.7425228858;3358552000;14.6313700374;10.3779070133;12860075000;55312909000;2857919000;13914493000
017930;02.502.844/0001-66;RUMO MALHA PAULISTA S.A.;2020;5.17574246454;1.64447805776;68.2272047147;0.745506267694;24.1485295249;514764000;;;2026964000;10721943000;176320000;3406661000
017930;02.502.844/0001-66;RUMO MALHA PAULISTA S.A.;2021;-6.16735397676;-1.89988141094;69.1945456982;1.88774008997;-1.51572031693;2962066000;6.8414140557;31.3718604921;2165637000;14085616000;-267610000;4339138000
017930;02.502.844/0001-66;RUMO MALHA PAULISTA S.A.;2022;-12.5066439334;-3.35749390127;73.1543176638;1.2346908874;-1.31937219686;2236300000;29.8682096769;1.9972147473;2812474000;14366936000;-482369000;3856902000
017930;02.502.844/0001-66;RUMO MALHA PAULISTA S.A.;2023;-0.135061893273;-0.0583724286836;56.7809785061;2.54360664871;21.2938161622;3015027000;30.0485977826;18.3235172761;3657583000;16999464000;-9923000;7347002000
017930;02.502.844/0001-66;RUMO MALHA PAULISTA S.A.;2024;5.30823434027;2.12906118652;59.8913489865;1.72825380485;29.866556297;3427673000;34.4939540675;12.3004819446;4919228000;19090480000;406448000;7656934000
017930;02.502.844/0001-66;RUMO MALHA PAULISTA S.A.;2025;4.32746134709;1.49077966984;65.5507109072;1.93232076598;24.1755411481;4270048000;26.1273923469;15.2910979713;6204494000;22009624000;328115000;7582159000
023060;02.509.186/0001-34;TRIÂNGULO DO SOL AUTO-ESTRADAS S.A.;2020;50.7760543599;22.3456337065;55.9917878847;0.270788901475;56.431525487;59580000;;;508985000;880163000;196678000;387344000
023060;02.509.186/0001-34;TRIÂNGULO DO SOL AUTO-ESTRADAS S.A.;2021;70.0388558741;40.445330236;42.2530112304;3.39455174058;53.7885176206;50808000;11.8343369647;-39.7443428092;569220000;530348000;214501000;306260000
023060;02.509.186/0001-34;TRIÂNGULO DO SOL AUTO-ESTRADAS S.A.;2022;136.517627653;47.6412754786;65.10247336;1.20653647271;68.150647344;215531000;23.2491830927;34.9579898482;701559000;715747000;340991000;249778000
020397;02.509.491/0001-26;CONC ECOVIAS IMIGRANTES S.A.;2020;63.6557980412;19.3156132165;69.6561604585;0.802081367173;61.9995045052;88946000;;;1037347000;1943930000;375482000;589863000
020397;02.509.491/0001-26;CONC ECOVIAS IMIGRANTES S.A.;2021;71.608697168;14.746642299;79.4066323195;0.0968100609626;64.8773356397;19251000;5.10783758954;28.9731111717;1090333000;2507147000;369720000;516306000
020397;02.509.491/0001-26;CONC ECOVIAS IMIGRANTES S.A.;2022;66.9463116671;16.3101501471;75.6369697734;0.297321733609;58.0688667609;57616000;28.8653099558;12.0335584631;1405061000;2808846000;458127000;684320000
020397;02.509.491/0001-26;CONC ECOVIAS IMIGRANTES S.A.;2023;126.402965387;16.8916644566;86.6366549195;0.150644912495;56.9709742346;91840000;23.1616990294;11.6905661613;1730497000;3137216000;529928000;419237000
020397;02.509.491/0001-26;CONC ECOVIAS IMIGRANTES S.A.;2024;136.523957409;16.4751964127;87.9323770528;0.719742369542;57.5435461519;394955000;4.45351826672;7.16680011832;1807565000;3362054000;553905000;405720000
020397;02.509.491/0001-26;CONC ECOVIAS IMIGRANTES S.A.;2025;113.398319544;13.5227218404;88.0750244847;0.825501212372;54.2365743808;27779000;7.72558663174;23.8171962735;1947210000;4162801000;562924000;496413000
017671;02.558.157/0001-62;TELEFÔNICA BRASIL S.A;2020;6.85846598614;4.38716034554;36.0329211458;1.06633725469;15.2613063271;5762081000;;;43126472000;108738378000;4770527000;69556764000
017671;02.558.157/0001-62;TELEFÔNICA BRASIL S.A;2021;8.89829380245;5.38575715131;39.4742714629;0.93769957681;16.0928650771;6448483000;2.10112480335;6.36863923058;44032613000;115663533000;6229357000;70006196000
017671;02.558.157/0001-62;TELEFÔNICA BRASIL S.A;2022;5.92776538139;3.40652407761;42.5327444924;0.779582710891;13.7338705504;2273834000;9.10359101332;2.98966312917;48041162000;119121483000;4057902000;68455847000
017671;02.558.157/0001-62;TELEFÔNICA BRASIL S.A;2023;7.23850494317;4.17430952547;42.3318826437;0.958214782338;15.1973167986;4358276000;8.44898172946;1.35701550996;52100151000;120737980000;5039977000;69627320000
017671;02.558.157/0001-62;TELEFÔNICA BRASIL S.A;2024;7.96185129993;4.4479766809;44.1338890499;0.940489091015;15.5313896409;6691098000;7.18788127889;3.48083759559;55845048000;124940673000;5557332000;69799495000
017671;02.558.157/0001-62;TELEFÔNICA BRASIL S.A;2025;8.95260717671;4.82350325179;46.1218038882;0.99897592294;16.5438006544;7032339000;6.71492304922;2.50601739595;59595000000;128071708000;6177543000;69002726000
026468;02.560.878/0001-07;HOSPITAL ANCHIETA S.A.;2020;72.0391930201;12.0523647482;83.2697116071;1.97287228068;21.9685635939;7955000;;;260017000;217169000;26174000;36333000
026468;02.560.878/0001-07;HOSPITAL ANCHIETA S.A.;2021;36.8657256605;14.7576135145;59.9692851555;1.71409691164;22.3002178874;28802000;41.7365018441;43.0217940866;368539000;310599000;45837000;124335000
026468;02.560.878/0001-07;HOSPITAL ANCHIETA S.A.;2022;-12.7470543046;-2.43332241403;80.910708028;1.89782036799;19.4753942017;23319000;52.5000067835;576.195351563;562022000;2100256000;-51106000;400924000
026468;02.560.878/0001-07;HOSPITAL ANCHIETA S.A.;2023;-19.9339332197;-3.5754152342;82.0636740637;2.02243519802;14.4641032363;43868000;-0.229350452473;0.450278442247;560733000;2109713000;-75431000;378405000
026468;02.560.878/0001-07;HOSPITAL ANCHIETA S.A.;2024;-29.9472182253;-4.26232408737;85.7672119818;2.3248058585;9.32145216944;31255000;-2.83432578429;-3.02126402975;544840000;2045973000;-87206000;291199000
026468;02.560.878/0001-07;HOSPITAL ANCHIETA S.A.;2025;-45.7308278008;-4.17403494479;90.8726013818;1.78890541152;8.88004512733;49703000;6.39692386756;6.54847351358;579693000;2179953000;-90992000;198973000
017493;02.591.787/0001-39;CAPITALPART PARTICIPACOES S.A.;2020;20.6279319748;;;0;;0;;;0;0;-397814;-1928521
017493;02.591.787/0001-39;CAPITALPART PARTICIPACOES S.A.;2021;45.154868622;;;0;;0;;;0;0;-1587782;-3516303
017493;02.591.787/0001-39;CAPITALPART PARTICIPACOES S.A.;2022;20.1363697068;-31.0815823129;254.355441252;0.0229979760084;;124449;;;0;2852432;-886581;-4402884
017493;02.591.787/0001-39;CAPITALPART PARTICIPACOES S.A.;2023;-1336.43894152;-143.584629641;89.2561773546;0.215003633937;;165931;;-25.4702653735;0;2125910;-3052480;228404
017493;02.591.787/0001-39;CAPITALPART PARTICIPACOES S.A.;2024;-735.38324108;-174.49791777;76.2711593055;0.440590030166;;381265;;-26.5468905081;0;1561547;-2724867;370537
017493;02.591.787/0001-39;CAPITALPART PARTICIPACOES S.A.;2025;-649.971590086;-252.436116265;61.1619769055;0.844074105437;;454864;;-43.1220449977;0;888176;-2242077;344950
025496;02.635.522/0001-95;JALLES MACHADO S.A.;2020;12.729347497;3.0074880652;76.3735881521;2.16595275252;27.6457737969;389082000;;;891261000;2544449000;76524000;601162000
025496;02.635.522/0001-95;JALLES MACHADO S.A.;2021;15.00453792;4.92470317257;67.1785749163;2.58200639149;47.8792764325;1194100000;21.788679186;36.0255992555;1085455000;3461102000;170449000;1135983000
025496;02.635.522/0001-95;JALLES MACHADO S.A.;2022;27.9325195917;9.12749842819;67.3230393762;2.71255186694;51.8913815936;1242658000;33.4991317005;22.7895623995;1449073000;4249872000;387907000;1388729000
025496;02.635.522/0001-95;JALLES MACHADO S.A.;2023;35.7378316825;11.3142717439;68.340911546;2.47047722732;57.1970637568;999121000;17.8331250392;43.9826187706;1707488000;6119077000;692329000;1937244000
025496;02.635.522/0001-95;JALLES MACHADO S.A.;2024;4.10255075532;1.27005016458;69.0424265213;2.88315402146;19.6322860937;1049863000;11.8325868176;9.52534181217;1909528000;6701940000;85118000;2074758000
025496;02.635.522/0001-95;JALLES MACHADO S.A.;2025;-2.79307297933;-0.783876274482;71.9349877256;2.19039754956;20.1842585111;1237342000;22.4339732122;6.50059535;2337911000;7137606000;-55950000;2003170000
018430;02.643.896/0001-52;REAL AI PIC SEC DE CREDITOS IMOBILIARIO S.A.;2020;98.1379491214;1.86467873907;98.0999411993;0.985977011494;;1540000;;;0;200678000;3742000;3813000
018430;02.643.896/0001-52;REAL AI PIC SEC DE CREDITOS IMOBILIARIO S.A.;2021;98.7647877523;3.15716883651;96.803345698;1.05693761815;;2508000;;-10.3972533113;0;179813000;5677000;5748000
018538;02.664.042/0001-52;TERMINAL GARAGEM MENEZES CORTES S.A.;2020;-4.25696113826;-4.09967708316;3.6947496113;0.759306358382;-22.3969531298;1506000;;;16279000;117058000;-4799000;112733000
018538;02.664.042/0001-52;TERMINAL GARAGEM MENEZES CORTES S.A.;2021;-4.09614301412;-3.5057493974;14.4134034062;0.803169499311;-16.7700337734;8187000;0.036857300817;8.09598660493;16285000;126535000;-4436000;108297000
018538;02.664.042/0001-52;TERMINAL GARAGEM MENEZES CORTES S.A.;2022;2.27401932916;1.9973685462;12.1657181808;0.58752276146;31.6966966967;5119000;22.6895916488;-0.291618919666;19980000;126166000;2520000;110817000
018538;02.664.042/0001-52;TERMINAL GARAGEM MENEZES CORTES S.A.;2023;-54.6549328393;-50.4737585711;7.6501315636;0.846101579752;-174.234681221;2770000;0.875875875876;-38.8511960433;20155000;77149000;-38940000;71247000
018538;02.664.042/0001-52;TERMINAL GARAGEM MENEZES CORTES S.A.;2024;15.5100443517;15.0707503687;2.83231932153;4.46134817563;68.5468874524;4965000;12.0615231952;12.4888203347;22586000;86784000;13079000;84326000
018554;02.682.287/0001-02;PAN FINANCEIRA S.A. - CRÉDITO, FINANCIAMENTO E INVESTIMENTO;2020;;0;41.6254115779;406.834179357;-92.2535211268;4000;;;7242000;342584000;0;0
018554;02.682.287/0001-02;PAN FINANCEIRA S.A. - CRÉDITO, FINANCIAMENTO E INVESTIMENTO;2021;;0;17.2258347337;513.757352941;-145.089890686;4000;52.8445180889;-20.0955094225;11069000;273740000;0;0
018554;02.682.287/0001-02;PAN FINANCEIRA S.A. - CRÉDITO, FINANCIAMENTO E INVESTIMENTO;2022;;0;16.8796966799;36.7287938309;93.7820512821;9000;153.681452706;6.94819902097;28080000;292760000;0;0
018554;02.682.287/0001-02;PAN FINANCEIRA S.A. - CRÉDITO, FINANCIAMENTO E INVESTIMENTO;2023;;0;16.6670884154;11.2751973366;101.071702748;3810000;15.9722222222;7.98742997677;32565000;316144000;0;0
019593;02.724.983/0001-34;SANESALTO SANEAMENTO S.A.;2020;99.13953096;9.50532207448;90.4121776829;1.0012987013;45.1662995197;2710000;;;27691000;61818000;5876000;5927000
019593;02.724.983/0001-34;SANESALTO SANEAMENTO S.A.;2021;130.815234498;7.9554373002;93.9185697058;1.02178630327;40.7844410767;768000;0.0830594778087;-15.4922514478;27714000;52241000;4156000;3177000
019593;02.724.983/0001-34;SANESALTO SANEAMENTO S.A.;2022;54.3352601156;5.87902998023;89.1800831215;1;34.9210543701;1232000;9.23720863102;-5.12049922475;30274000;49566000;2914000;5363000
019593;02.724.983/0001-34;SANESALTO SANEAMENTO S.A.;2023;68.3801874163;16.0323073382;76.5541629177;1.24775240671;48.3552998995;1914000;18.2929246218;-3.58108380745;35812000;47791000;7662000;11205000
019593;02.724.983/0001-34;SANESALTO SANEAMENTO S.A.;2024;154.135665282;-467.923144617;403.5787621;0.254946212292;-242.66487214;1013000;-68.8791466548;-85.7337155531;11145000;6818000;-31903000;-20698000
018236;02.736.470/0001-43;CONFIANZA SECURITIZADORA SA;2020;;0;49.4117647059;11.1428571429;;49000;;;0;85000;0;0
018236;02.736.470/0001-43;CONFIANZA SECURITIZADORA SA;2021;486.585365854;-831.25;270.833333333;0.307692307692;;40000;;-43.5294117647;0;48000;-399000;-82000
018236;02.736.470/0001-43;CONFIANZA SECURITIZADORA SA;2022;74.9235474006;-4083.33333333;5550;6;;6000;;-87.5;0;6000;-245000;-327000
017922;02.762.113/0001-50;BRAZILIAN FINANCE E REAL ESTATE S.A.;2020;4.59979450156;4.40323906866;4.27313508956;13.2146994208;;7000;;;0;192154000;8461000;183943000
017922;02.762.113/0001-50;BRAZILIAN FINANCE E REAL ESTATE S.A.;2021;;4.95181980486;0.0781845073772;;186.726286174;13000;;29.1313217523;9952000;248131000;12287000;0
017922;02.762.113/0001-50;BRAZILIAN FINANCE E REAL ESTATE S.A.;2022;;6.90138746461;0.0341826404775;;145.590773576;150000;28.0747588424;-8.03809278164;12746000;228186000;15748000;0
017922;02.762.113/0001-50;BRAZILIAN FINANCE E REAL ESTATE S.A.;2023;;6.49244822542;0;;165.758127803;27000;11.9723834929;7.56093713024;14272000;245439000;15935000;0
017914;02.762.115/0001-49;MASSA FALIDA DA MMX MINERACAO E METALICOS S.A.;2020;9.94998489971;-63.356863113;736.753359443;0.00812931466024;-556.640625;15000;;;256000;127923000;-81048000;-814554000
017892;02.762.121/0001-04;SANTOS BRASIL PARTICIPACOES S.A.;2020;-0.656157466348;-0.32537576278;50.4119392878;4.1807507777;6.40419207735;643861000;;;929563000;4229264000;-13761000;2097210000
017892;02.762.121/0001-04;SANTOS BRASIL PARTICIPACOES S.A.;2021;12.423579069;5.71788456031;53.9755449815;2.37063840372;24.5565036249;823340000;65.0484152231;12.3674710304;1534229000;4752317000;271732000;2187228000
017892;02.762.121/0001-04;SANTOS BRASIL PARTICIPACOES S.A.;2022;20.519541704;9.87541501118;51.8731209807;1.40519010793;31.2034996669;614631000;25.9160790208;-8.49352010819;1931841000;4348678000;429450000;2092883000
017892;02.762.121/0001-04;SANTOS BRASIL PARTICIPACOES S.A.;2023;22.7469510847;10.7119924297;52.908007804;0.933688495229;36.492054756;367481000;10.5124593587;8.25922268791;2134925000;4707845000;504304000;2217018000
017892;02.762.121/0001-04;SANTOS BRASIL PARTICIPACOES S.A.;2024;112.188085442;13.3889197462;88.0656491343;1.18451920184;41.5870942496;730094000;35.9774230945;17.7107997396;2903016000;5541642000;741966000;661359000
017892;02.762.121/0001-04;SANTOS BRASIL PARTICIPACOES S.A.;2025;81.1875083245;14.7587145961;81.8214465492;1.1540579192;46.2055888851;735017000;24.9532899578;6.57666085251;3627414000;5906097000;871664000;1073643000
017884;02.762.124/0001-30;BETAPART PARTICIPACOES S.A.;2020;-15.1592356688;-15.1592356688;0;;;746000;;;0;785000;-119000;785000
017884;02.762.124/0001-30;BETAPART PARTICIPACOES S.A.;2021;-15.952732644;-15.952732644;0;;;652000;;-13.7579617834;0;677000;-108000;677000
017884;02.762.124/0001-30;BETAPART PARTICIPACOES S.A.;2022;-10.2605863192;-10.2605863192;0;;;600000;;-9.30576070901;0;614000;-63000;614000
017884;02.762.124/0001-30;BETAPART PARTICIPACOES S.A.;2023;-9.83899821109;-9.83899821109;0;;;538000;;-8.95765472313;0;559000;-55000;559000
017884;02.762.124/0001-30;BETAPART PARTICIPACOES S.A.;2024;-22.0524017467;-22.0524017467;0;;;440000;;-18.0679785331;0;458000;-101000;458000
017884;02.762.124/0001-30;BETAPART PARTICIPACOES S.A.;2025;-27.9329608939;-27.9329608939;0;;;334000;;-21.8340611354;0;358000;-100000;358000
018406;02.773.542/0001-22;OPEA SECURITIZADORA S.A.;2020;70.8071278826;40.2562574493;43.1466030989;1.95924591073;53.8765631303;4319000;;;12395000;16780000;6755000;9540000
018406;02.773.542/0001-22;OPEA SECURITIZADORA S.A.;2021;7.39588489005;5.20190968769;29.6648100259;2.92777451556;-18.7379265937;1297000;0.233965308592;19.8331346841;12424000;20108000;1046000;14143000
018406;02.773.542/0001-22;OPEA SECURITIZADORA S.A.;2022;4.83708290141;3.49239420665;27.799579254;1.96623387753;-64.9764150943;16926000;-11.2685125563;391.704794112;11024000;98872000;3453000;71386000
018066;02.783.423/0001-50;ALTERE SECURITIZADORA S.A.;2020;-108.333333333;-108.333333333;0;;-59;24000;;;100000;24000;-26000;24000
018066;02.783.423/0001-50;ALTERE SECURITIZADORA S.A.;2021;145.454545455;-2133.33333333;1566.66666667;1;-318.75;3000;-68;-87.5;32000;3000;-64000;-44000
018066;02.783.423/0001-50;ALTERE SECURITIZADORA S.A.;2022;37.1428571429;-866.666666667;2433.33333333;1.5;-61.8556701031;3000;203.125;0;97000;3000;-26000;-70000
018066;02.783.423/0001-50;ALTERE SECURITIZADORA S.A.;2023;53.2894736842;;;;-187.755102041;0;-49.4845360825;-100;49000;0;-81000;-152000
017965;02.796.775/0001-40;GAMA PARTICIPACOES S.A.;2020;-8.86185925282;-8.02517702596;9.44138473643;;;1088000;;;0;1271000;-102000;1151000
017965;02.796.775/0001-40;GAMA PARTICIPACOES S.A.;2021;-8.27845719661;-7.41989881956;10.370994941;;;1017000;;-6.68764752164;0;1186000;-88000;1063000
017965;02.796.775/0001-40;GAMA PARTICIPACOES S.A.;2022;-1.62523900574;-1.62368672397;0.0955109837631;1047;;1024000;;-11.7200674536;0;1047000;-17000;1046000
017965;02.796.775/0001-40;GAMA PARTICIPACOES S.A.;2023;0.190839694656;0.190657769304;0.095328884652;1049;;1011000;;0.191021967526;0;1049000;2000;1048000
017965;02.796.775/0001-40;GAMA PARTICIPACOES S.A.;2024;-3.96825396825;-3.96432111001;0.0991080277502;1009;;975000;;-3.81315538608;0;1009000;-40000;1008000
017965;02.796.775/0001-40;GAMA PARTICIPACOES S.A.;2025;-2.43902439024;-2.43654822335;0.10152284264;985;;933000;;-2.37859266601;0;985000;-24000;984000
017973;02.800.026/0001-40;COGNA EDUCAÇÃO S.A.;2020;-40.6421515357;-18.8599206829;53.5951715884;1.76209872522;-61.4313634245;2205346000;;;5269144000;30783788000;-5805798000;14285164000
017973;02.800.026/0001-40;COGNA EDUCAÇÃO S.A.;2021;-3.72520163153;-1.79913598965;51.7036615031;1.70448720756;1.64091805518;1601468000;-9.32005274481;-7.37704859454;4778057000;28512853000;-512985000;13770664000
017973;02.800.026/0001-40;COGNA EDUCAÇÃO S.A.;2022;-4.08565929795;-2.04948707513;49.8370538101;1.24339674016;5.95624446948;121772000;6.57474366672;-7.42157229934;5092202000;26396751000;-540998000;13241388000
017973;02.800.026/0001-40;COGNA EDUCAÇÃO S.A.;2023;-4.02441186755;-2.03435625027;49.4496011535;1.35813059879;12.5913230348;624483000;14.1902461843;-4.77667876626;5814798000;25135863000;-511353000;12706279000
017973;02.800.026/0001-40;COGNA EDUCAÇÃO S.A.;2024;7.32093847717;4.09758103172;44.0292929042;1.60613483176;21.1555954197;94965000;9.90223564086;-3.72162674502;6390593000;24200400000;991631000;13545135000
017973;02.800.026/0001-40;COGNA EDUCAÇÃO S.A.;2025;4.35559932366;2.42936332884;44.2243616017;1.66118198616;18.6273589027;78452000;9.7967434321;-0.319883142427;7016663000;24122987000;586035000;13454750000
018821;02.846.056/0001-97;CCR S.A.;2020;1.08457910955;0.257448588312;76.2628114404;1.06608829847;20.5759352362;3548987000;;;9889480000;33448620000;86113000;7939762000
018821;02.846.056/0001-97;MOTIVA INFRAESTRUTURA DE MOBILIDADE S.A.;2021;9.40479581592;1.94793343451;79.2878710752;1.35146875116;29.7527565395;4593600000;23.8108272629;23.6417047998;12244247000;41356444000;805596000;8565800000
018821;02.846.056/0001-97;MOTIVA INFRAESTRUTURA DE MOBILIDADE S.A.;2022;35.6277515806;8.33314539055;76.6105212346;1.17225869892;52.7178599634;5229073000;56.6588047432;22.2235161224;19181691000;50547300000;4212180000;11822750000
018821;02.846.056/0001-97;MOTIVA INFRAESTRUTURA DE MOBILIDADE S.A.;2023;14.1811464799;3.39384096797;76.067936589;1.29620591765;32.8732604525;4548717000;-1.29793561996;8.10296890239;18932725000;54643132000;1854501000;13077229000
018821;02.846.056/0001-97;MOTIVA INFRAESTRUTURA DE MOBILIDADE S.A.;2024;9.36728284628;2.2194236641;76.3066440876;1.70276563493;24.9216906277;4187905000;15.0589310308;8.15100971884;21783791000;59097099000;1311615000;14002086000
018821;02.846.056/0001-97;MOTIVA INFRAESTRUTURA DE MOBILIDADE S.A.;2025;21.5170308965;4.93353903963;77.0714692778;1.54268199549;38.5567655643;3651544000;-13.4648096835;20.1647309287;18850645000;71013870000;3503497000;16282437000
022454;02.860.694/0001-62;T4F ENTRETENIMENTO S.A.;2020;-57.6006906608;-20.6745785065;64.1070649165;1.40387708874;-199.177232601;201914000;;;39987000;529249000;-109420000;189963000
022454;02.860.694/0001-62;T4F ENTRETENIMENTO S.A.;2021;-47.7836013147;-11.9247580797;75.0442458257;1.22398956303;-179.232930957;223975000;-21.6895491035;2.27586636914;31314000;541294000;-64548000;135084000
022454;02.860.694/0001-62;T4F ENTRETENIMENTO S.A.;2022;-7.37426747135;-1.64284531221;77.721918569;1.1207674222;10.4078954979;180011000;949.022801303;-5.19107915477;328491000;513195000;-8431000;114330000
022454;02.860.694/0001-62;T4F ENTRETENIMENTO S.A.;2023;32.2760976746;11.5642243855;64.1709338531;1.21882201821;12.7982442121;146200000;113.329436727;-1.93610615848;700768000;503259000;58198000;180313000
022454;02.860.694/0001-62;T4F ENTRETENIMENTO S.A.;2024;-49.6822103309;-16.6250478109;66.5372218744;1.19219193739;-17.3989158125;111913000;-76.3610781314;-18.4374248647;165654000;410471000;-68241000;137355000
022454;02.860.694/0001-62;T4F ENTRETENIMENTO S.A.;2025;-52.1947426026;-16.1016120864;69.1508928228;1.30154085648;-12.2894365613;71440000;9.12202542649;-17.7440062757;180765000;337637000;-54365000;104158000
020575;02.916.265/0001-60;JBS S.A.;2020;10.6901726887;2.84181787349;73.4165391314;1.4824772021;7.58799977552;15496570000;;;270204212000;163801806000;4654949000;43544189000
020575;02.916.265/0001-60;JBS S.A.;2021;42.9520121883;9.91248159255;76.9219622375;1.40315702616;9.20174264766;23239150000;29.7890800459;26.4388476889;350695561000;207109116000;20529653000;47796720000
020575;02.916.265/0001-60;JBS S.A.;2022;32.5268052832;7.78492389154;76.0661281556;1.43928119071;6.57225526048;13182158000;6.88803671513;0.483567319171;374851600000;208110628000;16201254000;49808931000
020575;02.916.265/0001-60;JBS S.A.;2023;-1.55142825786;-0.353727104927;77.1999057556;1.64053703895;1.47049417932;22122405000;-2.94384844562;-0.95072463094;363816537000;206132069000;-729145000;46998306000
020575;02.916.265/0001-60;JBS S.A.;2024;21.2505528542;4.2486949922;80.0066613732;1.46872410915;5.70419829763;34761540000;14.6050164289;22.2206924047;416952002000;251936042000;10703994000;50370426000
020575;02.916.265/0001-60;JBS S.A.;2025;24.2968351386;5.06114964216;79.1695107067;1.5966357569;4.85775687381;25054137000;15.260999994;-1.6857536406;480583047000;247689021000;12535912000;51594835000
019771;02.919.555/0001-67;ARTERIS S.A.;2020;-0.756148680212;-0.29800601454;60.5889658556;0.531434638476;11.6693177082;784074000;;;3625619000;16170479000;-48189000;6372953000
019771;02.919.555/0001-67;ARTERIS S.A.;2021;-2.45293211142;-0.874818386374;64.335809283;1.04460532328;14.5823719643;1304901000;18.2857051444;12.0913301331;4288589000;18125705000;-158567000;6464386000
019771;02.919.555/0001-67;ARTERIS S.A.;2022;-33.4539384315;-8.98891001399;73.1304879622;0.896568575812;-8.75228745406;1032106000;12.8318661453;-0.541661689849;4838895000;18027525000;-1620478000;4843908000
019771;02.919.555/0001-67;ARTERIS S.A.;2023;-10.0454252698;-2.33252076964;76.7802685601;0.644695241526;7.44334528277;1246350000;23.8454027211;5.15516134356;5992749000;18956873000;-442173000;4401735000
019771;02.919.555/0001-67;ARTERIS S.A.;2024;-23.6323645313;-4.02405192113;82.9722839803;1.05212803162;12.0389395203;2018567000;10.5886964396;10.2982490836;6627303000;20909099000;-841393000;3560342000
019771;02.919.555/0001-67;ARTERIS S.A.;2025;5.71362895097;1.04340343972;81.738340927;0.988244064825;32.018153015;627558000;-13.3140434352;-1.10661391961;5744941000;20677716000;215752000;3776094000
021431;02.932.074/0001-91;HYPERA S.A.;2020;14.0153224074;7.50800153741;46.4300476353;3.01116935525;32.255456335;4743298000;;;4088871000;17249810000;1295116000;9240715000
021431;02.932.074/0001-91;HYPERA S.A.;2021;13.528336027;6.71262261982;50.3810179876;2.33804149502;33.1459889753;2287062000;45.2081271334;14.8880016649;5937373000;19817962000;1330305000;9833471000
021431;02.932.074/0001-91;HYPERA S.A.;2022;15.9392652073;7.14945798329;55.1456237769;1.63249823834;32.9000027165;2862473000;27.0992238487;19.8692024942;7546355000;23755633000;1698399000;10655441000
021431;02.932.074/0001-91;HYPERA S.A.;2023;14.3303368599;6.73453331016;53.0050592949;1.73930997477;31.8119999626;2580893000;4.88054166548;3.1702712363;7914658000;24508751000;1650550000;11517873000
021431;02.932.074/0001-91;HYPERA S.A.;2024;10.9973137096;5.41907448254;50.7236528335;1.69586973692;24.4535883671;1739327000;-5.96604426875;0.205363382247;7442466000;24559083000;1330875000;12101819000
021431;02.932.074/0001-91;HYPERA S.A.;2025;9.50252683288;4.73062966363;50.2171396427;1.47127500659;22.9151840909;1645541000;3.4490046713;2.43869447406;7699157000;25158004000;1190132000;12524374000
020478;02.950.811/0001-89;PDG REALTY S.A. EMPREEND E PARTICIPACOES;2020;8.48175218812;-26.3899105338;411.137486081;0.38263650017;-132.934186384;109288000;;;208194000;1730597000;-456703000;-5384536000
020478;02.950.811/0001-89;PDG REALTY S.A. EMPREEND E PARTICIPACOES;2021;2.33017156295;-9.52231229609;508.652841169;0.336156842187;-81.4198638664;84886000;107.958442606;-26.304448696;432957000;1275373000;-121445000;-5211848000
020478;02.950.811/0001-89;PDG REALTY S.A. EMPREEND E PARTICIPACOES;2022;1.69342920026;-7.0504547637;516.341867885;0.272548738154;-50.6830486599;91722000;-72.4411431158;-7.89549410251;119318000;1174676000;-82820000;-4890668000
020478;02.950.811/0001-89;PDG REALTY S.A. EMPREEND E PARTICIPACOES;2023;-33.7111731425;167.023624256;595.454796397;0.445528138687;-581.252793007;52633000;-23.1071590204;-42.9458846524;91747000;670201000;1119394000;-3320543000
020478;02.950.811/0001-89;PDG REALTY S.A. EMPREEND E PARTICIPACOES;2024;12.894806865;-80.3980173946;723.491443;0.323698676952;-127.881288817;17439000;30.7454194688;-20.2254249098;119955000;534650000;-429848000;-3333497000
020478;02.950.811/0001-89;PDG REALTY S.A. EMPREEND E PARTICIPACOES;2025;10.087219925;-78.0855026415;874.103303213;0.265420099649;-100.91880069;18821000;4.43249551915;-20.0594781633;125272000;427402000;-333739000;-3308533000
018333;02.992.449/0001-09;PROMPT PARTICIPACOES S.A.;2020;-150.131377795;-149.862896111;0.178831159541;559.186666667;;81095;;;0;83878;-125702;83728
018333;02.992.449/0001-09;PROMPT PARTICIPACOES S.A.;2021;-105.350116692;-105.172007738;0.169063840525;591.492537313;;115206;;41.7415770524;0;118890;-125039;118689
018333;02.992.449/0001-09;PROMPT PARTICIPACOES S.A.;2022;-94.4624133352;-94.2780709529;0.195148923022;512.429166667;;119645;;3.44267810581;0;122983;-115946;122743
018333;02.992.449/0001-09;PROMPT PARTICIPACOES S.A.;2023;-82.7067669173;-82.7067669173;0;;;128000;;8.14502817463;0;133000;-110000;133000
018333;02.992.449/0001-09;PROMPT PARTICIPACOES S.A.;2024;-115.740740741;-115.740740741;0;;;104000;;-18.7969924812;0;108000;-125000;108000
018333;02.992.449/0001-09;PROMPT PARTICIPACOES S.A.;2025;-156.470588235;-156.470588235;0;;;78000;;-21.2962962963;0;85000;-133000;85000
018368;02.998.301/0001-81;RIO PARANAPANEMA ENERGIA S.A.;2020;36.71349302;12.2691647795;66.5813199175;0.667501926485;95.9906255211;1110250000;;;1451174000;5720585000;701868000;1911744000
018368;02.998.301/0001-81;RIO PARANAPANEMA ENERGIA S.A.;2021;-0.461297167635;-0.22194451135;51.8868688295;0.416648798181;15.3056367968;185014000;-7.19162553905;-30.6896934492;1346811000;3964955000;-8800000;1907664000
018368;02.998.301/0001-81;RIO PARANAPANEMA ENERGIA S.A.;2022;12.9954819696;6.54366979818;49.646578607;0.423965708193;35.0452702303;220928000;1.68041395563;-6.25490074919;1369443000;3716951000;243225000;1871612000
018368;02.998.301/0001-81;RIO PARANAPANEMA ENERGIA S.A.;2023;;;;;35.5405110255;0;1.63752708218;-100;1391868000;0;341617000;0
018368;02.998.301/0001-81;RIO PARANAPANEMA ENERGIA S.A.;2024;;;;;;0;-100;;0;0;0;0
018368;02.998.301/0001-81;RIO PARANAPANEMA ENERGIA S.A.;2025;;;;;;0;;;0;0;0;0
018376;02.998.611/0001-04;ISA ENERGIA BRASIL;2020;23.9472152447;13.754882716;42.5616608216;4.01302006489;119.770816583;2067337000;;;3696428000;24592358000;3382650000;14125442000
018376;02.998.611/0001-04;ISA ENERGIA BRASIL;2021;20.535810315;10.4836089389;48.9496212807;3.04902968937;80.1791393009;282632000;49.7155902942;17.8282253373;5534129000;28976739000;3037808000;14792735000
018376;02.998.611/0001-04;ISA ENERGIA BRASIL;2022;14.0283231965;7.19458930546;48.713832689;3.61092082088;64.035724704;336523000;-1.50988529541;11.273908358;5450570000;32243550000;2319791000;16536481000
018376;02.998.611/0001-04;ISA ENERGIA BRASIL;2023;16.2567941747;8.05421579857;50.4563094544;2.44542887248;63.4308370931;245819000;14.0343303544;11.3746966448;6215521000;35911156000;2892362000;17791712000
018376;02.998.611/0001-04;ISA ENERGIA BRASIL;2024;17.7005684042;8.20404385378;53.65095817;2.43181978291;64.4100398904;2914747000;28.1723768611;20.5882428291;7966581000;43304632000;3552731000;20071282000
018376;02.998.611/0001-04;ISA ENERGIA BRASIL;2025;11.7134566941;5.31979239925;54.5839239588;3.7563853801;43.9043547587;1356062000;18.1328979144;8.99843693395;9411153000;47201372000;2511015000;21437011000
019330;03.014.553/0001-91;TPI - TRIUNFO PARTICIP. E INVEST. S.A.;2020;18.4710088633;5.00802417532;72.8871107562;0.221192398591;23.8667144082;59986000;;;969107000;3366078000;168574000;912641000
019330;03.014.553/0001-91;TPI - TRIUNFO PARTICIP. E INVEST. S.A.;2021;0.546080470173;0.157791226757;71.1047665361;0.310940992256;4.35545753386;81374000;8.17113074201;-6.16367178657;1048294000;3158604000;4984000;912686000
019330;03.014.553/0001-91;TPI - TRIUNFO PARTICIP. E INVEST. S.A.;2022;0.692224901122;0.215000155797;68.9407076445;0.284593435333;21.8447004374;64892000;7.01377666952;-6.52338818035;1121819000;2952556000;6348000;917043000
019330;03.014.553/0001-91;TPI - TRIUNFO PARTICIP. E INVEST. S.A.;2023;-1.16806136681;-0.372545332133;68.1056712669;0.328343322907;-9.10649837878;59175000;-8.09471046577;-4.36933287633;1031011000;2823549000;-10519000;900552000
019330;03.014.553/0001-91;TPI - TRIUNFO PARTICIP. E INVEST. S.A.;2024;2.01482511666;0.661799304807;67.1535112732;0.208032143595;4.46021172437;53276000;28.3062935313;-2.00269235632;1322852000;2767002000;18312000;908863000
019330;03.014.553/0001-91;TPI - TRIUNFO PARTICIP. E INVEST. S.A.;2025;-83.4606694994;-18.326478169;78.0417791052;0.22753565793;-43.6244556803;86454000;-20.2664394808;-20.5953953051;1054757000;2197127000;-402656000;482450000
023167;03.025.305/0001-46;RODOVIAS DAS COLINAS S.A.;2020;27.9159536732;7.08934304511;74.604689748;1.2406264423;59.7247462691;466963000;;;519448000;2680869000;190056000;680815000
023167;03.025.305/0001-46;RODOVIAS DAS COLINAS S.A.;2021;32.6100831849;7.67718298812;76.4576405874;1.04136523836;56.1555946997;344420000;12.1309543977;-9.64030693033;582462000;2422425000;185974000;570296000
023167;03.025.305/0001-46;RODOVIAS DAS COLINAS S.A.;2022;35.8222525433;10.8863932458;69.6099701362;0.609936621432;64.3717193941;328818000;16.7360274147;5.92621030579;679943000;2565983000;279343000;779803000
023167;03.025.305/0001-46;RODOVIAS DAS COLINAS S.A.;2023;41.5191110314;14.6761810843;64.6519862306;1.84287015473;64.1093737825;188485000;13.2477281184;-6.57755721686;770020000;2397204000;351818000;847364000
023167;03.025.305/0001-46;RODOVIAS DAS COLINAS S.A.;2024;18.4047272087;5.2733897354;71.3476343571;0.37106383097;63.1251401792;191110000;10.0140256097;-9.08278978343;847130000;2179471000;114932000;624470000
023167;03.025.305/0001-46;RODOVIAS DAS COLINAS S.A.;2025;121.821034667;32.3838206893;73.4168891458;2.30513058049;84.7247649167;281812000;235.7459894;107.024273321;2844205000;4512034000;1461169000;1199439000
021849;03.207.703/0001-83;CONCESSIONARIA DE RODOVIAS DO INTERIOR PAULISTA S/A;2020;57.703549401;9.05065674678;84.3152512441;2.90473689816;50.882467883;195118000;;;442679000;1563997000;141552000;245309000
021849;03.207.703/0001-83;CONCESSIONARIA DE RODOVIAS DO INTERIOR PAULISTA S/A;2021;39.1801721408;6.7452191547;82.7841002575;1.65178968595;48.7482738652;364881000;11.565716919;29.0184060455;493878000;2017844000;136108000;347390000
021849;03.207.703/0001-83;CONCESSIONARIA DE RODOVIAS DO INTERIOR PAULISTA S/A;2022;71.0167704297;10.427406199;85.3169805724;0.545327075443;52.1629148706;89020000;14.1435739191;-16.4578629468;563730000;1685750000;175780000;247519000
021849;03.207.703/0001-83;CONCESSIONARIA DE RODOVIAS DO INTERIOR PAULISTA S/A;2023;69.181695727;13.6291598687;80.2994712323;0.220468228419;51.8063964638;75091000;20.1537970305;-3.42957140739;677343000;1627936000;221874000;320712000
021849;03.207.703/0001-83;CONCESSIONARIA DE RODOVIAS DO INTERIOR PAULISTA S/A;2024;182.410146697;13.6559316318;92.5136118362;0.718661619458;45.8742097264;158411000;146.246731715;114.391781987;1667935000;3490161000;476614000;261287000
021849;03.207.703/0001-83;CONCESSIONARIA DE RODOVIAS DO INTERIOR PAULISTA S/A;2025;58.6437698311;7.03200234865;88.0089524106;0.599875099955;44.3236455305;70053000;-42.2785060569;11.4533684836;962757000;3889902000;273538000;466440000
020010;03.220.438/0001-73;EQUATORIAL S.A.;2020;28.07880971;7.81355143978;72.1727825343;1.681447101;26.7323004735;2219546000;;;17890069000;44124020000;3447653000;12278487000
020010;03.220.438/0001-73;EQUATORIAL S.A.;2021;29.4602160215;6.97165648804;76.3353517742;1.66981979135;20.5747100168;2996589000;35.4991196512;39.8655426228;24240886000;61714300000;4302509000;14604472000
020010;03.220.438/0001-73;EQUATORIAL S.A.;2022;10.3517265597;2.12100883895;79.5105789675;0.981422949994;19.4497802949;3166362000;11.9286935304;46.8337111496;27132507000;90617397000;1922003000;18566980000
020010;03.220.438/0001-73;EQUATORIAL S.A.;2023;11.3760591376;2.77517194236;75.6051554516;1.54015795138;18.6590084972;4612248000;51.0552526532;14.374783906;40985077000;103643452000;2876284000;25283659000
020010;03.220.438/0001-73;EQUATORIAL S.A.;2024;12.6065885682;3.23660967485;74.326046596;1.45509012426;19.0370200152;3306364000;10.69071555;12.3197739496;45366675000;116412091000;3767805000;29887586000
020010;03.220.438/0001-73;EQUATORIAL S.A.;2025;8.83908389125;2.28452636704;74.1542630984;1.49433537002;15.6257299736;2659827000;14.784264;-5.8483160482;52073804000;109603944000;2503931000;28327947000
018597;03.303.999/0001-36;DTCOM - DIRECT TO COMPANY S.A.;2020;4.61386138614;0.909445745511;80.2888368462;0.572201414898;7.35915068163;3554000;;;16578000;25620000;233000;5050000
018597;03.303.999/0001-36;DTCOM - DIRECT TO COMPANY S.A.;2021;-2076.72413793;-31.8103789779;98.4682424402;0.552738690545;-49.9582289056;1155000;-42.23669924;-40.8821233411;9576000;15146000;-4818000;232000
018597;03.303.999/0001-36;DTCOM - DIRECT TO COMPANY S.A.;2022;680;-2.35131396957;100.345781466;0.881809787627;-9.4380182209;501000;2.01545530493;-23.6233989172;9769000;11568000;-272000;-40000
018597;03.303.999/0001-36;DTCOM - DIRECT TO COMPANY S.A.;2023;98.9992494371;-66.6722830666;167.346251053;0.565196548418;-53.3154404799;890000;-35.1622479271;-48.6946749654;6334000;5935000;-3957000;-3997000
018597;03.303.999/0001-36;DTCOM - DIRECT TO COMPANY S.A.;2024;-91.5594855305;-11.6760635572;87.2475653511;1.99438328466;-10.6883138847;2613000;-6.64666877171;64.3639427127;5913000;9755000;-1139000;1244000
018597;03.303.999/0001-36;DTCOM - DIRECT TO COMPANY S.A.;2025;-31.8611987382;-4.3341438993;86.3967958804;1.52976345204;-2.21327967807;4433000;34.4833417893;-28.3341875961;7952000;6991000;-303000;951000
025780;03.342.704/0001-30;PETRORECÔNCAVO S.A.;2020;-8.34108688466;-3.93039425086;52.879111497;0.91094057158;29.4247189471;30861000;;;787841000;2080173000;-81759000;980196000
025780;03.342.704/0001-30;PETRORECÔNCAVO S.A.;2021;9.45067696399;3.75152187739;60.3041994591;0.829877142375;27.350077455;217159000;32.0829964422;126.682732638;1040604000;4715393000;176899000;1871813000
025780;03.342.704/0001-30;PETRORECÔNCAVO S.A.;2022;30.2687414939;17.5151789785;42.1344327051;1.5327401038;42.2790924142;361028000;185.981891286;39.651011061;2975939000;6585094000;1153391000;3810502000
025780;03.342.704/0001-30;PETRORECÔNCAVO S.A.;2023;15.6918184911;10.3810059884;33.8444680946;1.07653068883;24.1552878255;197184000;-5.42947956931;3.70670487012;2814361000;6829184000;708938000;4517883000
025780;03.342.704/0001-30;PETRORECÔNCAVO S.A.;2024;10.3298556387;5.88226989699;43.0556427629;2.14298100924;29.0459278664;295548000;15.996277663;8.90863388657;3264554000;7437571000;437498000;4235277000
025780;03.342.704/0001-30;PETRORECÔNCAVO S.A.;2025;14.7401030222;7.36445426087;50.0379729384;3.48452719426;22.8520693981;229508000;-3.27594519803;16.5436269449;3157609000;8668015000;638352000;4330716000
019879;03.378.521/0001-75;LIGHT S.A. - EM RECUPERAÇÃO JUDICIAL;2020;9.77814118627;2.6211881185;73.1933905579;1.10485956893;13.6249998853;653200000;;;13073468000;26397266000;691922000;7076212000
019879;03.378.521/0001-75;LIGHT S.A. - EM RECUPERAÇÃO JUDICIAL;2021;4.55674336069;1.4072664308;69.1168380704;1.39399156222;7.67423237606;396777000;13.95537894;7.12424536693;14897920000;28277872000;397945000;8733101000
019879;03.378.521/0001-75;LIGHT S.A. - EM RECUPERAÇÃO JUDICIAL;2022;-199.391477022;-23.5301533392;88.1990174853;0.845587873149;-14.4146214003;43886000;-11.0393531446;-14.7527685252;13253286000;24106103000;-5672203000;2844757000
019879;03.378.521/0001-75;LIGHT S.A. - EM RECUPERAÇÃO JUDICIAL;2023;8.24249730593;1.07586409981;86.9473527272;0.34400149789;10.8949602676;292066000;6.51188693883;-1.61439200687;14116325000;23716936000;255162000;3095688000
019879;03.378.521/0001-75;LIGHT S.A. - EM RECUPERAÇÃO JUDICIAL;2024;31.499330166;6.4859571788;79.4092218958;1.42205882557;7.91233267074;185797000;5.38353997942;6.85891718897;14876283000;25343661000;1643779000;5218457000
019879;03.378.521/0001-75;LIGHT S.A. - EM RECUPERAÇÃO JUDICIAL;2025;3.91093647194;0.828086750243;78.8263819629;0.81660220147;8.45885639053;110772000;0.807762261581;1.53787568418;14996448000;25733415000;213095000;5448695000
014605;03.467.321/0001-99;ENERGISA MATO GROSSO-DISTRIBUIDORA DE ENERGIA S/A;2020;24.381451474;7.16188023785;70.6257018968;1.44851756816;18.2773049466;350974000;;;5095899000;9466313000;677966000;2780663000
014605;03.467.321/0001-99;ENERGISA MATO GROSSO-DISTRIBUIDORA DE ENERGIA S/A;2021;39.3903059939;10.0390687487;74.5138594499;1.23636285718;22.9696012681;77274000;43.7090099313;19.2633499442;7323266000;11289842000;1133395000;2877345000
014605;03.467.321/0001-99;ENERGISA MATO GROSSO-DISTRIBUIDORA DE ENERGIA S/A;2022;38.4198079952;10.0844108169;73.7520530604;1.10723800683;26.3391745431;154900000;-2.6137245322;4.58404112298;7131856000;11807373000;1190704000;3099193000
014605;03.467.321/0001-99;ENERGISA MATO GROSSO-DISTRIBUIDORA DE ENERGIA S/A;2023;36.6658583951;10.5990468541;71.0928713577;1.19596031042;28.5528775963;162215000;6.07694546833;10.1940202956;7565255000;13011019000;1379044000;3761112000
014605;03.467.321/0001-99;ENERGISA MATO GROSSO-DISTRIBUIDORA DE ENERGIA S/A;2024;25.5425624865;7.68148903479;69.9267094331;1.52895662758;21.0201523432;97844000;8.58165389005;8.86916697301;8214479000;14164988000;1088082000;4259878000
014605;03.467.321/0001-99;ENERGISA MATO GROSSO-DISTRIBUIDORA DE ENERGIA S/A;2025;22.1552916645;5.66102084317;74.448448123;1.91125574581;19.0930568911;152720000;9.34508445393;8.65414075889;8982129000;15390846000;871279000;3932600000
026476;03.494.776/0001-01;AMMO VAREJO S.A.;2020;-41.7133628382;-20.2075696798;51.5561242133;1.49694605709;-10.5301636029;1428000;;;274934000;231344000;-46749000;112072000
026476;03.494.776/0001-01;AMMO VAREJO S.A.;2021;-86.8925724577;-20.1260728163;76.8379825259;1.44487847222;-7.92265838057;1950000;37.773792983;11.9104018259;378787000;258898000;-52106000;59966000
026476;03.494.776/0001-01;AMMO VAREJO S.A.;2022;-50.9144872172;-17.4862693093;65.6556114674;2.61444197005;-10.5297037117;57435000;0.481009115941;91.3583727955;380609000;495423000;-86631000;170150000
026476;03.494.776/0001-01;AMMO VAREJO S.A.;2023;-1139.79889245;-33.1746981053;97.0894253078;0.276995520319;-21.3258496328;1413000;-12.3239334855;-4.82436221169;333703000;471522000;-156426000;13724000
026476;03.494.776/0001-01;AMMO VAREJO S.A.;2024;121.962616822;-18.420976303;115.103788999;0.474754579839;-45.2731896403;3180000;-39.3128021025;-12.2577525545;202515000;413724000;-76212000;-62488000
020001;03.538.833/0001-07;XX DE NOVEMBRO INVESTIMENTOS E PARTICIPAÇÕES S.A.;2020;13.3076052964;12.6851235214;4.67763929851;4.70983050847;49.1248541424;6040000;;;10284000;31533000;4000000;30058000
020001;03.538.833/0001-07;XX DE NOVEMBRO INVESTIMENTOS E PARTICIPAÇÕES S.A.;2021;13.0343455189;12.6393653516;3.0303030303;4.90212264151;41.6155886927;3319000;6.29132633217;-11.2548758444;10931000;27984000;3537000;27136000
020001;03.538.833/0001-07;XX DE NOVEMBRO INVESTIMENTOS E PARTICIPAÇÕES S.A.;2022;8.99410097296;8.72732679156;2.96610169492;6.72681704261;32.8037073817;4694000;-17.0890128991;-3.85934819897;9063000;26904000;2348000;26106000
020001;03.538.833/0001-07;XX DE NOVEMBRO INVESTIMENTOS E PARTICIPAÇÕES S.A.;2023;13.6639676113;13.3261802575;2.47210300429;6.81597222222;43.4074614169;2783000;-9.20225091029;-13.3957775795;8229000;23300000;3105000;22724000
020001;03.538.833/0001-07;XX DE NOVEMBRO INVESTIMENTOS E PARTICIPAÇÕES S.A.;2024;21.7930976643;21.0158113955;3.56666262283;3.95691609977;56.2796208531;2673000;33.3333333333;6.1330472103;10972000;24729000;5197000;23847000
020001;03.538.833/0001-07;XX DE NOVEMBRO INVESTIMENTOS E PARTICIPAÇÕES S.A.;2025;17.5701830028;17.3579690665;1.20780720519;6.75078369906;67.6464887913;3216000;41.0772876413;113.607505358;15479000;52823000;9169000;52185000
018775;03.758.318/0001-24;INVESTIMENTOS E PARTICIP. EM INFRA S.A. - INVEPAR;2020;83.5810454307;-6.65495126775;107.962273304;0.856007826789;25.5900861862;629490000;;;1475759000;21256354000;-1414600000;-1692489000
018775;03.758.318/0001-24;INVESTIMENTOS E PARTICIP. EM INFRA S.A. - INVEPAR;2021;40.215377268;-6.36975822727;115.839110957;0.758734740053;104.220702362;358366000;10.7768273817;-16.1646865685;1634799000;17820331000;-1135112000;-2822582000
018775;03.758.318/0001-24;INVESTIMENTOS E PARTICIP. EM INFRA S.A. - INVEPAR;2022;7.71438886469;-1.34413593902;117.423751416;0.756955759739;49.1710047866;784916000;50.5931921906;-1.51441631471;2461896000;17550457000;-235902000;-3057948000
018775;03.758.318/0001-24;INVESTIMENTOS E PARTICIP. EM INFRA S.A. - INVEPAR;2023;8.31301323439;-1.64961010758;119.843708425;0.849912882699;35.9398141214;806764000;19.0567351342;-4.30000198855;2931053000;16795787000;-277065000;-3332907000
018775;03.758.318/0001-24;INVESTIMENTOS E PARTICIP. EM INFRA S.A. - INVEPAR;2024;20.7453736307;-5.50076851892;126.515639664;1.03160427816;35.7694659518;892784000;13.6550925555;-5.55769134248;3331291000;15862329000;-872550000;-4205998000
018775;03.758.318/0001-24;INVESTIMENTOS E PARTICIP. EM INFRA S.A. - INVEPAR;2025;-21.3857215664;4.54513188669;121.253114479;1.12456351049;53.5612279668;976213000;14.6117526208;2.84317012968;3818051000;16313322000;741462000;-3467089000
018759;03.767.538/0001-14;BRAZILIAN SECURITIES CIA SECURITIZACAO;2020;0.63052153202;0.609292685033;3.36687105968;18.3397326853;-1238.48920863;1950000;;;278000;231580000;1411000;223783000
018759;03.767.538/0001-14;BRAZILIAN SECURITIES CIA SECURITIZACAO;2021;1.70989551864;1.64874887305;3.57604572439;6.9789545146;-828.138528139;1638000;-16.9064748201;1.54072026945;231000;235148000;3877000;226739000
018759;03.767.538/0001-14;BRAZILIAN SECURITIES CIA SECURITIZACAO;2022;7.67464456551;7.23872559579;5.67998903401;12.2115918367;-549.212598425;202000;9.95670995671;8.58480616463;254000;255335000;18483000;240832000
018759;03.767.538/0001-14;BRAZILIAN SECURITIES CIA SECURITIZACAO;2023;;0;5.00076871445;10.4074074074;-4508.29694323;104000;-9.84251968504;4.4427908434;229000;266679000;0;0
018759;03.767.538/0001-14;BRAZILIAN SECURITIES CIA SECURITIZACAO;2024;;0;4.80455818922;4.32213400465;-3474.27184466;222000;-10.0436681223;3.19410227277;206000;275197000;0;0
019852;03.795.050/0001-09;TERMOPERNAMBUCO S.A.;2020;22.5882513543;9.28252504673;58.9055172924;1.38523720943;27.45922271;234196000;;;1140218000;2353002000;218418000;966954000
019852;03.795.050/0001-09;TERMOPERNAMBUCO S.A.;2021;44.9918426455;22.2987045847;50.4383388776;0.998341239005;41.8050169293;74804000;31.8440859555;-6.44381092749;1503310000;2201379000;490879000;1091040000
019852;03.795.050/0001-09;TERMOPERNAMBUCO S.A.;2022;47.9806448892;29.4717543306;38.5757436178;1.89867797428;57.8179993431;350830000;5.51842268062;5.22854083736;1586269000;2316479000;682707000;1422880000
019852;03.795.050/0001-09;TERMOPERNAMBUCO S.A.;2023;39.3520479406;23.1141847038;41.2630703778;1.10990422275;31.6225541436;487312000;3.85237308426;-19.3123701963;1647378000;1869112000;432030000;1097859000
019852;03.795.050/0001-09;TERMOPERNAMBUCO S.A.;2024;10.4472089629;9.58688664828;8.23494885256;3.75672175629;17.5828948117;165064000;-59.4644337851;-31.454187871;667774000;1281198000;122827000;1175692000
026093;03.802.115/0001-98;CLEAR SALE S.A.;2020;134.71282568;8.60429088268;93.6128643734;1.45091457984;17.6462248045;55194000;;;345598000;217531000;18717000;13894000
026093;03.802.115/0001-98;CLEAR SALE S.A.;2021;-9.58668308253;-7.54219121014;21.3263738333;6.21818845719;-16.8735820106;744390000;32.3832892551;354.189058111;457514000;988002000;-74517000;777297000
026093;03.802.115/0001-98;CLEAR SALE S.A.;2022;-4.9729420747;-4.04819692975;18.5955342143;4.98335161303;-16.732366509;479584000;11.3935311269;-7.33885154079;509641000;915494000;-37061000;745253000
026093;03.802.115/0001-98;CLEAR SALE S.A.;2023;-3.88459809911;-3.17816085432;18.1855941532;3.88049151502;-16.6229247381;388796000;-1.08860943291;-3.74923265472;504093000;881170000;-28005000;720924000
026093;03.802.115/0001-98;CLEAR SALE S.A.;2024;-4.05998158037;-3.29038542708;18.9556562772;3.3163950591;-15.7650197229;357630000;-5.85546714594;-1.32403508971;474576000;869503000;-28610000;704683000
024490;03.818.379/0001-30;SABER SERVIÇOS EDUCACIONAIS S.A.;2020;-167.397748816;-56.0179159721;66.5360398402;1.94535497479;-66.3793075207;256069000;;;610502000;5173261000;-2897953000;1731178000
024490;03.818.379/0001-30;SABER SERVIÇOS EDUCACIONAIS S.A.;2021;9.32074268773;4.54263805153;51.2631320945;3.62310773047;32.1621744253;75079000;4.6907299239;-25.4718638785;639139000;3855535000;175143000;1879067000
024490;03.818.379/0001-30;SABER SERVIÇOS EDUCACIONAIS S.A.;2022;10.0611764342;1.87996045532;81.3147054163;1.65954028156;0.682709964241;66987000;-19.0551664036;-28.1413085344;517350000;2770537000;52085000;517683000
024490;03.818.379/0001-30;SABER SERVIÇOS EDUCACIONAIS S.A.;2023;50.95321952;13.1892121889;74.1150562944;1.74503495955;31.9959967766;33341000;40.7969459747;-7.19762991795;728413000;2571124000;339111000;665534000
018724;03.847.461/0001-92;BRADESPAR S.A.;2020;13.0348879248;12.9852363008;0.380913317459;11.8006080927;;62563000;;;0;11297846000;1467052000;11254811000
018724;03.847.461/0001-92;BRADESPAR S.A.;2021;107.683134719;106.955907366;0.67534006617;5.88923304424;;294709000;;-33.1392550403;0;7553824000;8079261000;7502810000
018724;03.847.461/0001-92;BRADESPAR S.A.;2022;49.8552160151;46.2374699548;7.2565046337;1.11271068618;;408700000;;6.72769182867;0;8062022000;3727675000;7477001000
018724;03.847.461/0001-92;BRADESPAR S.A.;2023;24.2100382958;24.0368683288;0.71528167313;4.40088656919;;246204000;;-2.12805174682;0;7890458000;1896619000;7834019000
018724;03.847.461/0001-92;BRADESPAR S.A.;2024;14.0534766444;13.8517958416;1.43509544221;2.9701347478;;287950000;;9.07965038278;0;8606884000;1192208000;8483367000
018724;03.847.461/0001-92;BRADESPAR S.A.;2025;7.15231928362;6.83778857837;4.39760436824;1.62476676221;;18402000;;-7.05625868781;0;7999560000;546993000;7647771000
020788;03.853.896/0001-40;MARFRIG GLOBAL FOODS S.A.;2020;128.934854042;11.4683509873;91.1053135535;1.32857663822;11.6385354144;2041924000;;;67481532000;39507441000;4530852000;3514063000
020788;03.853.896/0001-40;MARFRIG GLOBAL FOODS S.A.;2021;119.287678156;13.8456831409;88.393031573;1.14469098461;14.7691407228;1759482000;26.5360543385;21.504346485;85388468000;48003258000;6646379000;5571723000
020788;03.853.896/0001-40;MARFRIG GLOBAL FOODS S.A.;2022;10.4461846676;2.03004205825;80.566665028;1.251790004;7.39097341742;6403788000;52.9851747662;183.531428221;130631697000;136104323000;2762975000;26449609000
020788;03.853.896/0001-40;MARFRIG GLOBAL FOODS S.A.;2023;-14.5490960466;-2.76526750836;80.9935442072;1.23546885074;0.802603972031;6460212000;1.21434003877;-3.78363220689;132218010000;130954636000;-3621246000;24889835000
020788;03.853.896/0001-40;MARFRIG GLOBAL FOODS S.A.;2024;19.4645812001;2.82224280204;85.5006240667;1.27856802304;3.98846752022;4516687000;12.5875052877;5.00593426872;148860959000;137510139000;3880870000;19938112000
020788;03.853.896/0001-40;MARFRIG GLOBAL FOODS S.A.;2025;5.32702711481;0.537138854805;89.9167238456;1.07811868163;3.4016174053;4711133000;10.1448882914;3.25669512995;163962737000;141988425000;762675000;14317085000
018953;03.953.509/0001-47;CPFL GERACAO DE ENERGIA S.A.;2020;21.4861838529;10.3310487797;51.917712096;0.583519532328;60.105068714;1340612000;;;3264911000;15918500000;1644548000;7653979000
018953;03.953.509/0001-47;CPFL GERACAO DE ENERGIA S.A.;2021;29.4863295191;14.3577511385;51.3070925657;0.708831850495;58.1080801729;343114000;27.4217888328;-6.5158651883;4160208000;14881272000;2136616000;7246124000
018953;03.953.509/0001-47;CPFL GERACAO DE ENERGIA S.A.;2022;34.1543659318;15.7686786927;53.8311479002;0.682731713984;76.9475608589;801084000;14.548311046;17.5577665673;4765448000;17494091000;2758587000;8076821000
018953;03.953.509/0001-47;CPFL GERACAO DE ENERGIA S.A.;2023;24.802403239;11.3148816134;54.379898172;0.396410501111;57.55130749;856925000;8.06199123356;-4.18264086999;5149638000;16762376000;1896643000;7647013000
018953;03.953.509/0001-47;CPFL GERACAO DE ENERGIA S.A.;2024;30.8007659647;14.6342350189;52.4874315279;0.779707817231;61.0496870196;526099000;-2.02179259979;-11.8866323008;5045523000;14769894000;2161461000;7017556000
019763;03.983.431/0001-03;EDP - ENERGIAS DO BRASIL S.A.;2020;15.2263542293;5.6581339191;62.8398641337;0.926790296959;18.7754174508;2735859000;;;14983800000;30291259000;1713920000;11256273000
019763;03.983.431/0001-03;EDP - ENERGIAS DO BRASIL S.A.;2021;19.2577085495;7.09297316474;63.1681352612;1.41228762685;20.2233912047;2699490000;25.9637341662;10.1926433629;18874154000;33378739000;2367545000;12294012000
019763;03.983.431/0001-03;EDP - ENERGIAS DO BRASIL S.A.;2022;10.1946164175;3.27753495077;67.8503357405;1.12586661946;19.7676607961;4197196000;-8.40566946736;10.8525759466;17287655000;37001192000;1212727000;11895759000
019763;03.983.431/0001-03;EDP - ENERGIAS DO BRASIL S.A.;2023;11.4812922444;3.70097492181;67.7651710014;0.973793301914;20.2669094039;3435221000;2.92100924041;1.14664143793;17792629000;37425463000;1385107000;12064034000
019763;03.983.431/0001-03;EDP - ENERGIAS DO BRASIL S.A.;2024;19.4912915246;6.39628981137;67.1838584769;1.47610348982;24.7815565017;4217535000;-1.94147812558;3.16449258089;17447189000;38609789000;2469594000;12670243000
019763;03.983.431/0001-03;EDP - ENERGIAS DO BRASIL S.A.;2025;16.5046735036;4.78828660835;70.9882985125;1.2969406028;18.7109467593;5454082000;15.6292970747;7.87287907738;20174062000;41649491000;1994297000;12083226000
019119;04.030.182/0001-02;CABINDA PARTICIPACOES S.A.;2020;-243.137254902;-156.962025316;35.4430379747;2.82142857143;;77000;;;0;79000;-124000;51000
019119;04.030.182/0001-02;CABINDA PARTICIPACOES S.A.;2021;-529.166666667;-218.965517241;58.6206896552;1.70588235294;;56000;;-26.582278481;0;58000;-127000;24000
019119;04.030.182/0001-02;CABINDA PARTICIPACOES S.A.;2022;-264.705882353;-225;15;6.66666666667;;39000;;-31.0344827586;0;40000;-90000;34000
019119;04.030.182/0001-02;CABINDA PARTICIPACOES S.A.;2023;-227.659574468;-198.148148148;12.962962963;7.71428571429;;54000;;35;0;54000;-107000;47000
019119;04.030.182/0001-02;CABINDA PARTICIPACOES S.A.;2024;-568.421052632;-540;5;20;;20000;;-62.962962963;0;20000;-108000;19000
019119;04.030.182/0001-02;CABINDA PARTICIPACOES S.A.;2025;-97.7777777778;-86.2745098039;11.7647058824;8.5;;51000;;155;0;51000;-44000;45000
019135;04.031.213/0001-31;CACONDE PARTICIPACOES S.A.;2020;-302.43902439;-179.710144928;40.5797101449;2.46428571429;;68000;;;0;69000;-124000;41000
019135;04.031.213/0001-31;CACONDE PARTICIPACOES S.A.;2021;-840;-257.142857143;69.387755102;1.44117647059;;48000;;-28.9855072464;0;49000;-126000;15000
019135;04.031.213/0001-31;CACONDE PARTICIPACOES S.A.;2022;-360;-290.322580645;19.3548387097;5.16666666667;;30000;;-36.7346938776;0;31000;-90000;25000
019135;04.031.213/0001-31;CACONDE PARTICIPACOES S.A.;2023;-76.0563380282;-69.2307692308;8.97435897436;11.1428571429;;78000;;151.612903226;0;78000;-54000;71000
019135;04.031.213/0001-31;CACONDE PARTICIPACOES S.A.;2024;-317.647058824;-300;5.55555555556;18;;18000;;-76.9230769231;0;18000;-54000;17000
019135;04.031.213/0001-31;CACONDE PARTICIPACOES S.A.;2025;-112.195121951;-97.8723404255;12.7659574468;7.83333333333;;47000;;161.111111111;0;47000;-46000;41000
019100;04.032.433/0001-80;ATMA PARTICIPAÇÕES S.A. - EM RECUPERAÇÃO JUDICIAL;2020;-128.422740106;-12.0467906479;90.6194256267;0.48263421002;-15.6442870404;53903000;;;944773000;1782151000;-214692000;167176000
019100;04.032.433/0001-80;CONTAX PARTICIPAÇÕES S.A. - EM RECUPERAÇÃO JUDICIAL;2021;-88.1762243373;-7.7209185853;91.2437636752;0.415755983067;-10.7381071397;26908000;10.9553300105;-0.958897422272;1048276000;1765062000;-136279000;154553000
019100;04.032.433/0001-80;CONTAX PARTICIPAÇÕES S.A. - EM RECUPERAÇÃO JUDICIAL;2022;151.784440162;-26.6667408644;117.568823811;0.31586278565;-47.7259673046;99243000;-35.8926465931;-3.28107454582;672022000;1707149000;-455241000;-299926000
019100;04.032.433/0001-80;CONTAX PARTICIPAÇÕES S.A. - EM RECUPERAÇÃO JUDICIAL;2023;203.413130502;40.8425732594;79.9213683214;0.857123992475;-71.7091724777;59329000;-54.2269449512;-15.3878191066;307605000;1444456000;589953000;290027000
019100;04.032.433/0001-80;CONTAX PARTICIPAÇÕES S.A. - EM RECUPERAÇÃO JUDICIAL;2024;-94.2975815636;-12.7319318602;86.4981353189;0.412782445337;-14.3086942136;68431000;20.8540173274;-23.4624661464;371753000;1105551000;-140758000;149270000
019100;04.032.433/0001-80;CONTAX PARTICIPAÇÕES S.A. - EM RECUPERAÇÃO JUDICIAL;2025;-29.9075750191;-2.92262879255;90.2277975039;0.454651200017;9.21986450125;24803000;20.2650684729;6.35646840354;447089000;1175825000;-34365000;114904000
019097;04.038.763/0001-82;CAIANDA PARTICIPACOES S.A.;2020;-172.340425532;-108;37.3333333333;2.67857142857;;74000;;;0;75000;-81000;47000
019097;04.038.763/0001-82;CAIANDA PARTICIPACOES S.A.;2021;-133.333333333;-86.5979381443;35.0515463918;2.85294117647;;96000;;29.3333333333;0;97000;-84000;63000
019097;04.038.763/0001-82;CAIANDA PARTICIPACOES S.A.;2022;-186.363636364;-146.428571429;21.4285714286;4.66666666667;;28000;;-71.1340206186;0;28000;-41000;22000
019097;04.038.763/0001-82;CAIANDA PARTICIPACOES S.A.;2023;-76.8115942029;-69.7368421053;9.21052631579;10.8571428571;;76000;;171.428571429;0;76000;-53000;69000
019097;04.038.763/0001-82;CAIANDA PARTICIPACOES S.A.;2024;-360;-337.5;6.25;16;;16000;;-78.9473684211;0;16000;-54000;15000
019097;04.038.763/0001-82;CAIANDA PARTICIPACOES S.A.;2025;-107.317073171;-93.6170212766;12.7659574468;7.83333333333;;47000;;193.75;0;47000;-44000;41000
022799;04.065.791/0001-99;SINQIA S.A.;2020;1.13792913429;0.777225230651;31.698274767;4.84920813842;3.31249136876;998000;;;209993000;637653000;4956000;435528000
022799;04.065.791/0001-99;SINQIA S.A.;2021;2.86827015135;1.79534401131;37.4067324006;4.67067287412;6.33075814814;24192000;67.9084540913;96.7930833855;352596000;1254857000;22529000;785456000
022799;04.065.791/0001-99;SINQIA S.A.;2022;2.61884055593;1.12877600843;56.8978720039;0.901170929924;9.91139905786;37941000;74.8380582877;23.9434453488;616472000;1555313000;17556000;670373000
025925;04.069.709/0001-02;BIONEXO S.A.;2020;-2.70834743427;-1.47579506417;45.5093890282;2.2159489902;-9.15946722266;65049000;;;90169000;189796000;-2801000;103421000
025925;04.069.709/0001-02;BIONEXO S.A.;2021;-21.333565301;-15.0987980064;29.2251539138;4.77733434406;-32.4990205894;201760000;27.3885703512;79.7192775401;114865000;341100000;-51502000;241413000
025925;04.069.709/0001-02;BIONEXO S.A.;2022;-18.4977220553;-12.0805435765;34.6917229031;1.86172093472;-34.7054890873;97753000;25.0110999869;-11.4198182351;143594000;302147000;-36501000;197327000
025925;04.069.709/0001-02;BIONEXO S.A.;2023;-9.86870018487;-7.85932795521;20.3610626731;3.57406053517;-18.0088567128;145016000;11.9698594649;9.70355489216;160782000;331466000;-26051000;263976000
025925;04.069.709/0001-02;BIONEXO S.A.;2024;-2.92836278074;-2.37375890276;18.9390427177;4.36767056882;-6.09245835642;143893000;9.99863168763;-3.04013081281;176858000;321389000;-7629000;260521000
025925;04.069.709/0001-02;BIONEXO S.A.;2025;-20.513900255;-14.4411661889;29.6030203454;2.25174609167;-22.7859903382;102062000;17.0430514876;11.2592528058;207000000;357575000;-51638000;251722000
023442;04.089.570/0001-50;ÁGUAS GUARIROBA S.A;2020;64.6923508567;11.1027871496;82.8375580689;2.65658017189;51.6950130015;2698000;;;684921000;1879447000;208671000;322559000
023442;04.089.570/0001-50;ÁGUAS GUARIROBA S.A;2021;44.0537400624;12.2506789063;72.1915122554;3.5044966652;52.09121324;2547000;16.3430527024;-1.34943948938;796858000;1854085000;227138000;515593000
023442;04.089.570/0001-50;ÁGUAS GUARIROBA S.A;2022;40.3335282555;14.6786567927;63.6068119314;2.36122161085;55.0672986328;2476000;13.3467945355;5.17581448531;903213000;1950049000;286241000;709685000
023442;04.089.570/0001-50;ÁGUAS GUARIROBA S.A;2023;48.5816960599;18.0803789866;62.7835574858;1.00432112083;51.7673520407;4358000;23.2071504728;-10.3921491204;1112823000;1747397000;315936000;650319000
023442;04.089.570/0001-50;ÁGUAS GUARIROBA S.A;2024;42.0990840666;14.6668060725;65.1612228681;1.70909429402;52.7252690751;4899000;12.2037377013;36.8378222007;1248629000;2391100000;350698000;833030000
023442;04.089.570/0001-50;ÁGUAS GUARIROBA S.A;2025;54.6700341773;12.314576355;77.4747235111;2.93435876791;54.8232090056;6283000;1.21797587594;24.456860859;1263837000;2975888000;366468000;670327000
018970;04.128.563/0001-10;AES TIETE ENERGIA SA;2020;46.0266122756;8.45106397058;81.6387442987;0.937623855772;86.9210398609;504874000;;;2011192000;10034488000;848021000;1842458000
019453;04.149.454/0001-80;ECORODOVIAS INFRAESTRUTURA E LOGÍSTICA S.A.;2020;-754.682187928;-3.82190155801;99.4935746969;0.694838089029;21.6445829852;1342219000;;;3999786000;11093640000;-423988000;56181000
019453;04.149.454/0001-80;ECORODOVIAS INFRAESTRUTURA E LOGÍSTICA S.A.;2021;15.7620605329;2.24023651733;85.7871595363;0.635493680973;33.7061168878;2070271000;16.3002470632;47.7774112014;4651761000;16393894000;367262000;2330038000
019453;04.149.454/0001-80;ECORODOVIAS INFRAESTRUTURA E LOGÍSTICA S.A.;2022;9.29292327727;1.29250746138;86.0914867925;0.626108619317;25.44628414;1379459000;30.3018147321;10.4613034585;6061329000;18108909000;234059000;2518680000
019453;04.149.454/0001-80;ECORODOVIAS INFRAESTRUTURA E LOGÍSTICA S.A.;2023;19.9792382445;2.29828303274;88.4966433424;0.982284153651;31.4594311771;3524241000;45.928046473;43.3543069878;8845179000;25959901000;596632000;2986260000
019453;04.149.454/0001-80;ECORODOVIAS INFRAESTRUTURA E LOGÍSTICA S.A.;2024;24.7511072887;3.11799714378;87.4025953368;0.669913915424;35.6782645549;2337602000;11.6130267121;12.8512855269;9872372000;29296082000;913451000;3690546000
019453;04.149.454/0001-80;ECORODOVIAS INFRAESTRUTURA E LOGÍSTICA S.A.;2025;19.8157185586;2.33640655519;88.2093271143;1.51683060243;37.1637433423;1186197000;16.7001506831;26.6397260903;11521073000;37100478000;866818000;4374396000
019275;04.172.213/0001-51;CIA PIRATININGA DE FORCA E LUZ;2020;198.459560132;7.87840882244;96.0302195484;0.738667246735;11.5629218306;438679000;;;4568629000;4740640000;373487000;188193000
019275;04.172.213/0001-51;CIA PIRATININGA DE FORCA E LUZ;2021;129.1486325;7.06868589299;94.5267048082;1.15650960571;13.7063302638;179059000;27.702971723;49.3275380539;5834275000;7079081000;500398000;387459000
019275;04.172.213/0001-51;CIA PIRATININGA DE FORCA E LUZ;2022;139.950293682;7.2025129721;94.8535206446;0.996216689738;17.8274984658;257910000;-3.11394303491;0.611972090728;5652599000;7122403000;512992000;366553000
019275;04.172.213/0001-51;CIA PIRATININGA DE FORCA E LUZ;2023;91.689155186;6.98334182658;92.3836774236;0.937376384017;19.1524449716;562522000;2.08210417898;9.15981586552;5770292000;7774802000;542941000;592154000
019275;04.172.213/0001-51;CIA PIRATININGA DE FORCA E LUZ;2024;77.5669454629;6.197763142;92.0097883125;0.801263986375;18.5320361594;245319000;2.278238259;3.08244505776;5901753000;8014456000;496717000;640372000
019275;04.172.213/0001-51;CIA PIRATININGA DE FORCA E LUZ;2025;84.3806750676;6.66498993047;92.1012839431;1.01201615521;19.0069861707;358107000;1.84655304958;2.64326112714;6010732000;8226299000;548282000;649772000
019429;04.200.649/0001-07;COMPANHIA PROVINCIA DE SECURITIZACAO;2020;91.871611071;71.485189114;22.1901213218;4.48805492285;61.7346497619;2593;;;1561295;1121810;801928;872879
019429;04.200.649/0001-07;COMPANHIA PROVINCIA DE SECURITIZACAO;2021;60.5100476495;51.0247605862;15.6755570881;6.33140314536;35.7203007249;520;100.187280431;103.973310988;3125514;2288193;1167545;1929506
024015;04.233.319/0001-18;NCF PARTICIPAÇÕES S/A;2020;6.64055807476;5.30630564004;20.0924744532;1.91314536015;;87964000;;;0;19078999000;1012390000;15245556000
024015;04.233.319/0001-18;NCF PARTICIPAÇÕES S/A;2021;12.7027425475;10.2944847003;18.9585661381;5307.23793103;;58000;;5.37488890271;0;20104474000;2069652000;16292954000
024015;04.233.319/0001-18;NCF PARTICIPAÇÕES S/A;2022;10.7080162101;8.42809862929;21.2916896659;0.539141184901;;598109000;;8.54904236739;0;21823214000;1839282000;17176683000
024015;04.233.319/0001-18;NCF PARTICIPAÇÕES S/A;2023;7.62768217645;6.86691122848;9.97381551006;1.36086325336;;175918000;;-1.95469833179;0;21396636000;1469288000;19262575000
024740;04.370.282/0001-70;COPEL GERAÇÃO E TRANSMISSÃO S.A.;2020;14.9580703638;7.92141657651;47.0425236422;1.04247852755;47.4911515335;1509740000;;;5029120000;20442581000;1619342000;10825875000
024740;04.370.282/0001-70;COPEL GERAÇÃO E TRANSMISSÃO S.A.;2021;21.9060873948;11.4104361769;47.9120302439;1.07096064805;56.0084810472;1929858000;50.1540229702;20.9000223602;7551426000;24715085000;2820099000;12873586000
024740;04.370.282/0001-70;COPEL GERAÇÃO E TRANSMISSÃO S.A.;2022;12.4019863227;6.47880919392;47.7599069588;1.08664958686;50.229301183;1580000000;-33.2621414816;-0.11142587614;5039660000;24687546000;1599459000;12896797000
024740;04.370.282/0001-70;COPEL GERAÇÃO E TRANSMISSÃO S.A.;2023;13.2085805235;6.2024898066;53.0419654439;1.13684078809;51.7098717535;2311905000;1.54897354187;11.0549748444;5117723000;27416748000;1700521000;12874366000
024740;04.370.282/0001-70;COPEL GERAÇÃO E TRANSMISSÃO S.A.;2024;9.17849633268;4.32670724173;52.860391453;0.822801044523;50.0959743838;1682854000;-11.6497903462;10.1768050682;4521519000;30206897000;1306964000;14239413000
024740;04.370.282/0001-70;COPEL GERAÇÃO E TRANSMISSÃO S.A.;2025;11.932862035;5.5185671415;53.7531974701;1.17997197123;59.4985651175;2312909000;12.7261214649;8.12424063286;5096933000;32660978000;1802418000;15104658000
021237;04.423.567/0001-21;ENEVA S.A;2020;12.6915773307;6.2062525712;51.0994385531;2.74912729528;34.4331668675;1384933000;;;3243309000;16218096000;1006536000;7930740000
021237;04.423.567/0001-21;ENEVA S.A;2021;13.0414712276;6.43091596369;50.6887232931;2.22026914707;31.0636613828;992290000;58.000394042;12.4950487406;5124441000;18244555000;1173292000;8996623000
021237;04.423.567/0001-21;ENEVA S.A;2022;2.73568366029;0.90083492175;67.0709397133;1.11076727023;20.95020676;1291295000;19.595542226;128.63790868;6128603000;41713969000;375774000;13736018000
021237;04.423.567/0001-21;ENEVA S.A;2023;2.03132543864;0.696490021468;65.7125338846;1.27980811662;26.4825171603;2342061000;64.6524501587;4.43954398106;10090895000;43565879000;303432000;14937636000
021237;04.423.567/0001-21;ENEVA S.A;2024;2.71817132495;1.04124289995;61.6932571397;1.47275684692;19.4240002529;3194255000;12.849306231;21.1286933979;11387505000;52770780000;549472000;20214767000
021237;04.423.567/0001-21;ENEVA S.A;2025;7.90247114617;2.97610088754;62.3396171591;1.13073903137;20.1628350826;2148312000;61.7216062693;7.71203116573;18416056000;56840479000;1691630000;21406342000
021555;04.437.534/0001-30;LOCAMÉRICA RENT-A-CAR S.A.;2020;5.97047024798;1.94405775946;67.438783233;1.09463362789;9.46252893318;1066548000;;;3607450000;6825826000;132698000;2222572000
021555;04.437.534/0001-30;LOCAMÉRICA RENT-A-CAR S.A.;2021;21.2722372689;6.0839916443;71.3993804818;1.06678685703;24.434697971;1293915000;0.84716350885;14.8005970266;3638011000;7836089000;476747000;2241170000
021555;04.437.534/0001-30;LOCAMÉRICA RENT-A-CAR S.A.;2022;-25.1785043217;-5.36743058267;78.6824883873;1.06712135051;16.5714709637;118583000;-11.0753101076;-53.4851250413;3235090000;3644947000;-195640000;777012000
024945;04.739.720/0001-24;USINA TERMELÉTRICA PAMPA SUL S.A.;2020;1.04146621128;0.535859883837;48.5475497876;6.75802061054;18.570973413;1038528000;;;618309000;4130744000;22135000;2125369000
024945;04.739.720/0001-24;USINA TERMELÉTRICA PAMPA SUL S.A.;2021;-9.60632471456;-3.2464633504;66.2049384457;0.904163048786;9.37969831997;172944000;-5.01335092971;-18.6066481002;587311000;3362151000;-109151000;1136241000
024945;04.739.720/0001-24;USINA TERMELÉTRICA PAMPA SUL S.A.;2022;-1.4150102614;-0.559132475562;60.4856239694;1.98423843883;27.610135304;77102000;14.4647384435;-7.94131494986;672264000;3095152000;-17306000;1223030000
024945;04.739.720/0001-24;USINA TERMELÉTRICA PAMPA SUL S.A.;2023;-9.72804126906;-3.77113847386;61.2343495513;1.68078591081;14.7676995597;45598000;11.015612914;-0.478457923876;746318000;3080343000;-116164000;1194115000
024945;04.739.720/0001-24;USINA TERMELÉTRICA PAMPA SUL S.A.;2024;-7.07851758062;-2.48033887302;64.9596282728;1.14546546356;17.7599721837;131113000;31.0225667879;3.31800711804;977845000;3182549000;-78938000;1115177000
024945;04.739.720/0001-24;USINA TERMELÉTRICA PAMPA SUL S.A.;2025;-9.92662207213;-3.27552597948;67.0026122111;1.23283005424;15.2726345094;150422000;-2.9855447438;-3.3979681067;948651000;3074407000;-100703000;1014474000
019305;04.752.991/0001-10;BIOMM S.A.;2020;-36.9580998438;-16.2693978895;55.9788031358;3.03138580396;-94.7245517147;57403000;;;58668000;434970000;-70767000;191479000
019305;04.752.991/0001-10;BIOMM S.A.;2021;-71.9274819422;-21.7020747314;69.8278402838;1.80092469103;-61.302642637;31369000;82.5356241904;-14.9755155528;107090000;369831000;-80261000;111586000
019305;04.752.991/0001-10;BIOMM S.A.;2022;-58.1733277187;-22.8488273063;60.7228463587;1.98480391096;-82.1655201326;75931000;-1.99458399477;9.53462527479;104954000;405093000;-92559000;159109000
019305;04.752.991/0001-10;BIOMM S.A.;2023;-66.0004880429;-23.5397362329;64.333996716;1.52420619831;-61.360982791;25998000;12.615050403;-14.9089221487;118194000;344698000;-81141000;122940000
019305;04.752.991/0001-10;BIOMM S.A.;2024;-29.3922004384;-16.5782712562;43.5963588675;2.71894002289;-56.8286623981;77620000;20.9071526473;35.1615036931;142905000;465899000;-77238000;262784000
019305;04.752.991/0001-10;BIOMM S.A.;2025;-2.13295992447;-1.27558514393;40.1964786449;2.2267037442;-1.94504992592;22304000;88.4461705329;12.5200955572;269299000;524230000;-6687000;313508000
020613;04.821.041/0001-08;METALFRIO SOLUTIONS S.A.;2020;-1094.265625;-8.14445170639;99.2557152925;1.20123515875;5.02621010708;204164000;;;1445244000;1719772000;-140066000;12800000
020613;04.821.041/0001-08;METALFRIO SOLUTIONS S.A.;2021;46.0465345559;-2.84412715602;106.176636708;0.825797217852;7.98356756926;252365000;41.5983045078;14.5842006964;2046441000;1970587000;-56046000;-121716000
020613;04.821.041/0001-08;METALFRIO SOLUTIONS S.A.;2022;58.3333333333;-11.6453899608;119.963525647;0.681216965985;6.6434176024;113357000;-2.74183326077;-15.0480034629;1990331000;1674053000;-194950000;-334200000
020613;04.821.041/0001-08;METALFRIO SOLUTIONS S.A.;2023;-2.50695113308;0.462172181333;118.435627852;0.680380021283;6.67684596364;121413000;-1.18543096601;6.97934892145;1966737000;1790891000;8277000;-330162000
020613;04.821.041/0001-08;METALFRIO SOLUTIONS S.A.;2024;-5.19626710374;-1.13994399513;78.0622517593;1.21394934948;7.12756704606;166091000;11.3057821152;10.5698225073;2189092000;1980185000;-22573000;434408000
020613;04.821.041/0001-08;METALFRIO SOLUTIONS S.A.;2025;4.78225229782;1.16787885919;75.5788949127;1.14830447008;8.14717832469;160353000;9.76610393716;-5.1463878375;2402881000;1878277000;21936000;458696000
018309;04.895.728/0001-80;EQUATORIAL PARÁ DISTRIBUIDORA DE ENERGIA S.A.;2020;21.3016923507;5.86984991014;72.4442085938;1.9601673023;19.8961028615;957597000;;;5874849000;12241267000;718544000;3373178000
018309;04.895.728/0001-80;EQUATORIAL PARÁ DISTRIBUIDORA DE ENERGIA S.A.;2021;30.5229447769;8.45409811632;72.3024820242;1.44734891493;20.271410166;173988000;38.2081309664;-0.902872227197;8119519000;12130744000;1025545000;3359915000
018309;04.895.728/0001-80;EQUATORIAL PARÁ DISTRIBUIDORA DE ENERGIA S.A.;2022;53.8532577367;12.168362269;77.4045939272;1.35694412313;23.7114690537;220828000;4.84884634176;5.43902336081;8513222000;12790538000;1556399000;2890074000
018309;04.895.728/0001-80;EQUATORIAL PARÁ DISTRIBUIDORA DE ENERGIA S.A.;2023;47.8993717892;15.5942076261;67.4438159758;1.47138575481;27.7928721851;342099000;21.9090022556;11.5927961748;10378384000;14273319000;2225811000;4646848000
018309;04.895.728/0001-80;EQUATORIAL PARÁ DISTRIBUIDORA DE ENERGIA S.A.;2024;39.6125810138;11.0860319601;72.0138610603;1.55589203121;23.306996927;1318174000;4.65884669521;24.8826499289;10861897000;17824899000;1976074000;4988501000
018309;04.895.728/0001-80;EQUATORIAL PARÁ DISTRIBUIDORA DE ENERGIA S.A.;2025;371.608356367;102.319060218;72.465888222;1.89002497248;163.846764134;807202000;12.5378375435;5.52407057117;12223744000;18809559000;19245764000;5179045000
000922;04.902.979/0001-44;BCO AMAZONIA S.A.;2020;6.97533255674;1.27580569079;69.5279512218;;42.6404282162;73593000;;;950361000;20815709000;265568000;3807245000
000922;04.902.979/0001-44;BCO AMAZONIA S.A.;2021;20.9109351211;2.84303795956;74.2409830889;;96.4070325243;75723000;48.5642824148;24.6774010916;1411897000;25952485000;737839000;3528484000
000922;04.902.979/0001-44;BCO AMAZONIA S.A.;2022;31.347101344;3.2440665872;74.1600702442;;61.7868502851;64740000;126.766683405;33.304764457;3201712000;34595899000;1122314000;3580280000
000922;04.902.979/0001-44;BCO AMAZONIA S.A.;2023;36.457622162;2.97518658851;78.4981280768;;39.9691817151;61049000;28.8115545683;30.6869464499;4124175000;45212324000;1345151000;3689629000
000922;04.902.979/0001-44;BCO AMAZONIA S.A.;2024;33.4480744326;2.08415407217;81.5082133043;;25.0057634767;54427000;18.9545303;20.135160493;4905893000;54315898000;1132027000;3384431000
000922;04.902.979/0001-44;BCO AMAZONIA S.A.;2025;28.0450906161;1.74565679797;82.3647696252;;13.3035571837;55544000;30.5735367649;16.5844703516;6405798000;63323902000;1105418000;3941574000
009717;04.912.242/0001-02;PORTUENSE FERRAGENS S/A;2020;-85.9728506787;-8.87435777674;89.6777206913;0.0181818181818;-16.7630057803;14000;;;865000;2141000;-190000;221000
009717;04.912.242/0001-02;PORTUENSE FERRAGENS S/A;2021;-3.27102803738;-0.325278810409;90.0557620818;0.0326382592928;-0.620567375887;30000;30.4046242775;0.513778608127;1128000;2152000;-7000;214000
009717;04.912.242/0001-02;PORTUENSE FERRAGENS S/A;2022;-7.14285714286;-0.826825907212;88.424437299;0.0822510822511;-1.3942680093;88000;14.4503546099;1.16171003717;1291000;2177000;-18000;252000
009717;04.912.242/0001-02;PORTUENSE FERRAGENS S/A;2023;11.8881118881;1.56537753223;86.832412523;0.111691022965;8.95061728395;56000;25.4841208366;-0.229673863114;1620000;2172000;34000;286000
009717;04.912.242/0001-02;PORTUENSE FERRAGENS S/A;2024;25.9109311741;5.89590050668;77.245508982;0.109613656783;12.5;79000;9.13580246914;-0.0460405156538;1768000;2171000;128000;494000
009717;04.912.242/0001-02;PORTUENSE FERRAGENS S/A;2025;1.00200400802;0.234082397004;76.638576779;0.0894117647059;2.57111597374;70000;3.39366515837;-1.6121602948;1828000;2136000;5000;499000
001171;04.913.711/0001-08;BCO ESTADO DO PARA S.A.;2020;176.786748268;2.27835190217;83.6339976854;;31.5351278249;199597000;;;1561668000;10586556000;241199000;136435000
001171;04.913.711/0001-08;BCO ESTADO DO PARA S.A.;2021;165.035362033;1.92739538297;84.6397966947;;24.0659246352;196602000;17.8913828035;18.2509968303;1841072000;12518708000;241285000;146202000
001171;04.913.711/0001-08;BCO ESTADO DO PARA S.A.;2022;110.05607867;1.17288191289;86.511651807;;10.9317898683;190648000;41.5243944832;22.0318822038;2605566000;15276815000;179179000;162807000
001171;04.913.711/0001-08;BCO ESTADO DO PARA S.A.;2023;122.119657526;1.64753138115;85.8937538935;;16.9937030753;212413000;15.2309325498;11.6959916056;3002418000;17063590000;281128000;230207000
001171;04.913.711/0001-08;BCO ESTADO DO PARA S.A.;2024;152.668712929;2.04888263033;85.4453455302;;18.5858767191;220764000;12.0611453835;5.27900049169;3364544000;17964377000;368069000;241090000
001171;04.913.711/0001-08;BCO ESTADO DO PARA S.A.;2025;90.3662212624;1.02959343626;85.8057511695;;10.1091932291;210737000;12.55754123;8.59480403913;3787048000;19508380000;200857000;222270000
026166;04.972.092/0001-22;GRUPO FARTURA DE HORTIFRUT S.A.;2020;20.3719247803;3.99590303734;80.3852454766;1.24054878927;5.72325188725;144843000;;;1779705000;1099351000;43929000;215635000
026166;04.972.092/0001-22;GRUPO FARTURA DE HORTIFRUT S.A.;2021;9.03360608344;1.37008871064;84.8334242385;1.15032466105;3.9375162718;276640000;13.3066997059;36.9199645973;2016525000;1505231000;20623000;228292000
026166;04.972.092/0001-22;GRUPO FARTURA DE HORTIFRUT S.A.;2022;13.3907020674;2.35450901598;82.4168366667;1.03905395227;5.36760886192;52083000;15.6041705409;-2.79000366057;2331187000;1463235000;34452000;257283000
026166;04.972.092/0001-22;GRUPO FARTURA DE HORTIFRUT S.A.;2023;57.7701016246;18.7512768643;67.5415546503;1.02561573963;5.36113241333;94843000;13.551165136;26.1137821334;2647090000;1845341000;346025000;598969000
026166;04.972.092/0001-22;GRUPO FARTURA DE HORTIFRUT S.A.;2024;12.1796253844;3.39768267101;72.1035535678;1.20060198829;7.5024369745;241419000;9.67477494154;32.4474446728;2903190000;2444107000;83043000;681819000
026166;04.972.092/0001-22;GRUPO FARTURA DE HORTIFRUT S.A.;2025;10.8515170343;3.32262426716;69.3810159754;0.944576571092;6.61141802481;82213000;9.96028506574;-2.57546007601;3192356000;2381160000;79117000;729087000
023221;04.986.320/0001-13;SER EDUCACIONAL S.A.;2020;11.5692607083;5.33834063565;53.8575474246;2.40647790743;25.0462428716;679933000;;;1250463000;3091485000;165034000;1426487000
023221;04.986.320/0001-13;SER EDUCACIONAL S.A.;2021;3.5871659523;1.69705706125;52.6908683954;1.38258472452;12.6098689886;213704000;12.5469526088;0.0357109932605;1407358000;3092589000;52483000;1463077000
023221;04.986.320/0001-13;SER EDUCACIONAL S.A.;2022;-17.9509038561;-6.54902586233;63.5170133225;1.36291235307;-1.44528894146;180764000;19.1127630638;9.68405436351;1676343000;3392077000;-222148000;1237531000
023221;04.986.320/0001-13;SER EDUCACIONAL S.A.;2023;-2.31866898941;-0.803798754519;65.3336134572;1.33224867846;11.3210525338;215267000;9.22191938046;2.85535971029;1830934000;3488933000;-28044000;1209487000
023221;04.986.320/0001-13;SER EDUCACIONAL S.A.;2024;-0.0961551192257;-0.0336218388021;65.0337505971;1.3492715471;12.0588748906;370728000;8.21547909428;-0.941433957029;1981354000;3456087000;-1162000;1208464000
023221;04.986.320/0001-13;SER EDUCACIONAL S.A.;2025;15.9686994546;6.49991603664;59.29589598;1.26229996443;20.0611225379;261932000;11.8695094365;-4.54354881691;2216531000;3299058000;214436000;1342852000
024708;04.992.714/0001-84;NOVA TRANSPORTADORA DO SUDESTE S.A. - NTS;2020;117.933354171;24.7841957399;78.9845748778;1.98451574474;83.0139699536;954089;;;4671168;10199984;2527984;2143570
024708;04.992.714/0001-84;NOVA TRANSPORTADORA DO SUDESTE S.A. - NTS;2021;124.115441281;26.8161155382;78.3942148847;2.29985665139;83.0980861389;2235391;23.4333468631;11.8612833118;5765779;11409833;3059674;2465184
024708;04.992.714/0001-84;NOVA TRANSPORTADORA DO SUDESTE S.A. - NTS;2022;-74.2479545973;25.9800441475;134.990922361;1.51757147837;86.0263025452;2294317;17.5473253484;3.73707485465;6777519;11836227;3075057;-4141605
024708;04.992.714/0001-84;NOVA TRANSPORTADORA DO SUDESTE S.A. - NTS;2023;-83.3128214482;28.6627994294;134.403827564;1.37456615711;86.4643271841;2064694;8.49135207146;-4.14249405659;7353022;11345912;3252056;-3903428
024708;04.992.714/0001-84;NOVA TRANSPORTADORA DO SUDESTE S.A. - NTS;2024;-85.4338529654;15.0309118072;117.593625109;1.13461358819;84.5843566151;3209281000;98586.9480331;192161.609292;7256473000;21813833000;3278818000;-3837844000
024708;04.992.714/0001-84;NOVA TRANSPORTADORA DO SUDESTE S.A. - NTS;2025;-87.6495292616;18.4595609409;121.060650407;0.837761044614;85.6912061439;1135751000;8.6806358957;-11.7558386002;7886381000;19249434000;3553361000;-4054056000
024392;05.197.443/0001-38;HAPVIDA PARTICIPAÇÕES E INVESTIMENTOS S.A.;2020;10.0280973522;5.80854528116;42.0772946538;1.65145219802;14.8117215263;143212000;;;8554961000;13519719000;785299000;7830987000
024392;05.197.443/0001-38;HAPVIDA PARTICIPAÇÕES E INVESTIMENTOS S.A.;2021;4.73220735773;2.37865715995;49.7347225061;1.04199749282;5.49680094421;347256000;15.5281128692;55.5830339373;9883385000;21034389000;500336000;10572994000
024392;05.197.443/0001-38;HAPVIDA PARTICIPAÇÕES E INVESTIMENTOS S.A.;2022;-1.59124556207;-1.0596905799;33.4049624299;1.06119144695;-0.656315183548;1267915000;140.290173862;248.066825236;23748803000;73213730000;-775839000;48756711000
024392;05.197.443/0001-38;HAPVIDA PARTICIPAÇÕES E INVESTIMENTOS S.A.;2023;-1.53772571526;-1.03490763177;32.6988147825;1.37599564553;4.21917846696;1430144000;16.9313249177;-0.0376773591511;27769790000;73186145000;-757409000;49255143000
024392;05.197.443/0001-38;HAPVIDA PARTICIPAÇÕES E INVESTIMENTOS S.A.;2024;-1.33405309945;-0.883509017173;33.7725749046;2.10864523144;2.56267936812;596753000;4.122854368;0.428361133108;28914698000;73499646000;-649376000;48676923000
024392;05.197.443/0001-38;HAPVIDA PARTICIPAÇÕES E INVESTIMENTOS S.A.;2025;-0.294649128388;-0.196665301053;33.254409362;1.89889504037;4.61289840404;875444000;9.20826494539;-1.64602425432;31577240000;72289824000;-142169000;48250270000
026301;05.303.439/0001-07;UNIGEL PARTICIPAÇÕES S.A.;2020;-12.1514186803;-0.178345920104;98.5323037186;1.33464649033;10.8067616489;624039000;;;3233235000;3916546000;-6985000;57483000
026301;05.303.439/0001-07;UNIGEL PARTICIPAÇÕES S.A.;2021;133.762492286;14.4779134492;89.1764027405;1.44206332996;22.1666250374;849338000;136.631949116;55.5766994694;7650867000;6093233000;882173000;659507000
026301;05.303.439/0001-07;UNIGEL PARTICIPAÇÕES S.A.;2022;42.6644407932;5.61824678186;86.8315471212;1.50015701945;15.3063300756;908564000;27.3162897747;13.5494244189;9740800000;6918831000;388717000;911103000
026301;05.303.439/0001-07;UNIGEL PARTICIPAÇÕES S.A.;2023;187.391992602;-43.743356091;123.34323654;0.292091470286;-31.5356436716;165836000;-47.1117156702;-22.8676780803;5151742000;5336655000;-2334432000;-1245748000
026301;05.303.439/0001-07;UNIGEL PARTICIPAÇÕES S.A.;2024;59.7558260329;-37.6929966896;163.078362717;0.18009802449;-2.88646613127;182160000;-38.8762674839;-7.40630601004;3148937000;4941406000;-1862564000;-3116958000
022683;05.336.882/0001-84;CACHOEIRA PAULISTA TRANSMISSORA ENERGIA S.A.;2020;24.3796025266;13.3854831015;45.0955646758;1.84026665512;92.3759688538;6928000;;;55994000;295559000;39562000;162275000
022683;05.336.882/0001-84;CACHOEIRA PAULISTA TRANSMISSORA ENERGIA S.A.;2021;59.0907274181;8.31246011599;85.9327165544;3.66554844938;87.7807983975;278000;-0.146444261885;20.3546500022;55912000;355719000;29569000;50040000
022683;05.336.882/0001-84;CACHOEIRA PAULISTA TRANSMISSORA ENERGIA S.A.;2022;82.0580863925;9.70441574745;88.1737240361;2.3453504702;91.6463225176;124000;20.8810273287;-3.25734638858;67587000;344132000;33396000;40698000
022683;05.336.882/0001-84;CACHOEIRA PAULISTA TRANSMISSORA ENERGIA S.A.;2023;63.4307337753;6.92758261734;89.0785078384;2.15605992888;86.4064007084;2637000;-6.42727151671;-6.48501156533;63243000;321815000;22294000;35147000
022683;05.336.882/0001-84;CACHOEIRA PAULISTA TRANSMISSORA ENERGIA S.A.;2024;64.7773051244;7.65708615138;88.1793690913;1.71204582651;90.2401842881;465000;-6.64895719684;-6.68645028976;59038000;300297000;22994000;35497000
022683;05.336.882/0001-84;CACHOEIRA PAULISTA TRANSMISSORA ENERGIA S.A.;2025;59.2499193619;7.33866984339;87.614042479;1.60596943736;84.5881310895;187000;1.35336562892;-8.31210435003;59837000;275336000;20206000;34103000
024252;05.730.375/0001-20;SMILES FIDELIDADE S.A.;2020;14.5118075016;5.8284385518;59.8365775513;1.63351904134;36.6987481585;111892000;;;572916000;3362084000;195957000;1350328000
020354;05.799.312/0001-20;TERRA SANTA AGRO S.A.;2020;-7.24431202738;-1.95380472607;73.0298098883;0.917401181941;20.1382774662;82804000;;;1233462000;2909605000;-56848000;784726000
022357;05.878.397/0001-32;ALLOS S.A.;2020;2.6581438929;1.85967031226;30.0387643713;4.36822467402;40.1505795621;13113000;;;797585000;10887575000;202473000;7617082000
022357;05.878.397/0001-32;ALLOS S.A.;2021;4.07689591249;2.8647163449;29.7329044844;2.44044036889;52.2629860816;14862000;17.5645229035;2.08621295376;937677000;11114713000;318405000;7809986000
022357;05.878.397/0001-32;ALLOS S.A.;2022;2.82014886066;1.80822379439;35.8819734795;3.21520906409;42.2525984841;18256000;18.5185303681;10.5310141611;1111321000;12285205000;222144000;7877031000
022357;05.878.397/0001-32;ALLOS S.A.;2023;23.1312280152;12.6320474332;45.3896376581;1.78929367647;199.563797758;44317000;144.058557339;125.141501505;2712274000;27659095000;3493910000;15104732000
022357;05.878.397/0001-32;ALLOS S.A.;2024;5.74464502509;2.97550019623;48.2039328237;1.88564397518;53.0359348402;47771000;1.01663769958;-1.3388182079;2739848000;27288790000;811978000;14134520000
022357;05.878.397/0001-32;ALLOS S.A.;2025;6.80115542075;3.63484212506;46.5555203463;2.58212344872;53.8406061195;60570000;4.35272321676;-4.69918600275;2859106000;26006439000;945293000;13899006000
019470;05.889.284/0001-32;CSA-COMPANHIA SECURITIZADORA DE ATIVOS;2020;-0.104751997634;0.132698726135;226.678945636;0.25448344899;;6588;;;0;11181720;14838;-14164885
019470;05.889.284/0001-32;CSA-COMPANHIA SECURITIZADORA DE ATIVOS;2021;7.73499660509;-10.1250329754;230.898997018;0.171299374368;;1165;;4.8892835807;0;11728426;-1187507;-15352392
025895;05.917.486/0001-40;LIVETECH DA BAHIA INDÚSTRIA E COMÉRCIO S.A.;2020;54.3148223671;7.74566283701;85.7393203191;1.01850523342;17.1709293986;37785000;;;718045000;911310000;70587000;129959000
025895;05.917.486/0001-40;LIVETECH DA BAHIA INDÚSTRIA E COMÉRCIO S.A.;2021;11.5103182042;4.85670006623;57.8056837347;1.50580919459;12.6102821911;38465000;48.5397154774;63.7023625331;1066582000;1491836000;72454000;629470000
025895;05.917.486/0001-40;LIVETECH DA BAHIA INDÚSTRIA E COMÉRCIO S.A.;2022;3.57659996851;1.41393108726;60.467172742;2.20185510379;8.29093150186;152470000;0.405313421753;9.83935231487;1070905000;1638623000;23169000;647794000
025895;05.917.486/0001-40;LIVETECH DA BAHIA INDÚSTRIA E COMÉRCIO S.A.;2023;-1.86990935443;-0.877720056376;53.0608232801;2.73762643189;4.03967061796;101959000;-15.8919792138;-17.4275596034;900717000;1353051000;-11876000;635111000
025895;05.917.486/0001-40;LIVETECH DA BAHIA INDÚSTRIA E COMÉRCIO S.A.;2024;4.30384803693;1.96896460508;54.2510658326;1.76012563337;7.08322542223;102030000;-6.9762200558;7.56689880869;837881000;1455435000;28657000;665846000
025895;05.917.486/0001-40;LIVETECH DA BAHIA INDÚSTRIA E COMÉRCIO S.A.;2025;-41.051119307;-16.1146576163;60.7449007764;1.67844101966;-15.6855503317;171983000;4.05379761565;-18.3732698472;871847000;1188024000;-191446000;466360000
024767;06.016.348/0001-53;VENTOS DO SUL ENERGIA S.A.;2020;193.206449907;17.9210971533;90.7243794594;0.371890046398;63.8605808201;22240000;;;178885000;367059000;65781000;34047000
024767;06.016.348/0001-53;VENTOS DO SUL ENERGIA S.A.;2021;194.169228443;21.822228893;88.7612321129;0.330271355444;64.5757457613;11995000;17.5738603013;-3.79829945595;210322000;353117000;77058000;39686000
024767;06.016.348/0001-53;VENTOS DO SUL ENERGIA S.A.;2022;194.730969784;24.5374129556;87.3993268853;0.332518918185;63.8045549013;16339000;9.8125731022;-1.29928607232;230960000;348529000;85520000;43917000
024767;06.016.348/0001-53;VENTOS DO SUL ENERGIA S.A.;2023;137.673437168;25.7087619733;81.3262728801;0.328242822019;64.430963848;27031000;-1.28940076204;1.21482000063;227982000;352763000;90691000;65874000
024767;06.016.348/0001-53;VENTOS DO SUL ENERGIA S.A.;2024;84.3808688021;28.0100327141;66.8052330916;0.518395557299;66.5937379101;32143000;-1.3619496276;-2.68905752587;224877000;343277000;96152000;113950000
024821;06.047.087/0001-39;REDE D'OR SÃO LUIZ S.A.;2020;3.28108147716;1.00624779826;69.3318253367;5.80979293197;11.6699578485;146884000;;;14029408000;45657044000;459423000;14002182000
024821;06.047.087/0001-39;REDE D'OR SÃO LUIZ S.A.;2021;11.4303172945;3.19686581447;72.031696653;4.25120702393;17.9981751441;124621000;45.2797081673;14.9452864272;20381883000;52480620000;1677735000;14677939000
024821;06.047.087/0001-39;REDE D'OR SÃO LUIZ S.A.;2022;5.47002921094;1.36480452555;75.0494106536;2.48914129539;16.9607380864;1109796000;12.7837060001;76.2377826329;22987443000;92490681000;1262317000;23076970000
024821;06.047.087/0001-39;REDE D'OR SÃO LUIZ S.A.;2023;8.86781503635;2.3396567165;73.6163112682;3.02885609438;11.96612245;3267408000;102.321580526;-2.32274752091;46508558000;90342356000;2113701000;23835646000
024821;06.047.087/0001-39;REDE D'OR SÃO LUIZ S.A.;2024;14.7335010419;3.83450410799;73.9742502677;2.87646545428;14.7127634409;6570751000;8.73538801181;13.5656479891;50571261000;102597882000;3934120000;26701868000
024821;06.047.087/0001-39;REDE D'OR SÃO LUIZ S.A.;2025;22.4023103001;4.54593123817;79.7077570248;2.79043019033;17.7407821418;3705415000;10.192727842;3.85061555169;55725852000;106548532000;4843623000;21621087000
025372;06.057.223/0001-71;SENDAS DISTRIBUIDORA S.A.;2020;110.354609929;8.26736092662;92.508368312;0.957124842371;5.7375912105;3532000000;;;36043000000;18821000000;1556000000;1410000000
025372;06.057.223/0001-71;SENDAS DISTRIBUIDORA S.A.;2021;58.2067968185;7.04471864881;87.8970858493;1.01480795928;6.15542507996;2550000000;16.2444857531;21.4281919133;41898000000;22854000000;1610000000;2766000000
025372;06.057.223/0001-71;SENDAS DISTRIBUIDORA S.A.;2022;31.3141683778;3.00359446551;90.4081934118;0.863730506823;5.22743947175;5842000000;30.1255429853;77.7281876258;54520000000;40618000000;1220000000;3896000000
025372;06.057.223/0001-71;SENDAS DISTRIBUIDORA S.A.;2023;15.3347732181;1.64439400607;89.2766982421;0.889863013699;4.93962678375;5459000000;21.9790902421;6.30016248954;66503000000;43177000000;710000000;4630000000
025372;06.057.223/0001-71;SENDAS DISTRIBUIDORA S.A.;2024;14.6336822074;1.68666242625;88.4741078674;1.0083374203;5.20733144583;5628000000;11.0010074733;5.59557171642;73819000000;45593000000;769000000;5255000000
025372;06.057.223/0001-71;SENDAS DISTRIBUIDORA S.A.;2025;8.94850558156;1.03920543649;88.3868269733;1.05845275614;4.68650963043;5854000000;4.72507078124;4.89548834251;77307000000;47825000000;497000000;5554000000
019984;06.137.677/0001-52;BRPR 56 SECURITIZADORA CRED IMOB S.A.;2020;1.27575127575;0.24699941452;80.6389051522;1.22745836548;;10105000;;;0;54656000;135000;10582000
019569;06.164.253/0001-87;GOL LINHAS AEREAS INTELIGENTES S.A.;2020;42.8214261303;-46.0058407371;207.436498255;0.312106519041;-14.9383449022;662830000;;;6371817000;12814136000;-5895251000;-13767059000
019569;06.164.253/0001-87;GOL LINHAS AEREAS INTELIGENTES S.A.;2021;34.1213729972;-49.8794119818;246.182312142;0.242563704036;-51.5861282022;486258000;16.6603497872;12.3941793657;7433384000;14402343000;-7183804000;-21053678000
019569;06.164.253/0001-87;GOL LINHAS AEREAS INTELIGENTES S.A.;2022;7.31067243197;-9.20121848278;225.860084259;0.215964912825;3.66553115475;169035000;104.465758798;17.8300294612;15198725000;16970285000;-1561473000;-21358815000
019569;06.164.253/0001-87;GOL LINHAS AEREAS INTELIGENTES S.A.;2023;5.27583625651;-7.30745440355;238.507983346;0.232913997539;17.7850949802;323928000;23.5236771506;-1.43834355168;18774024000;16726194000;-1222259000;-23167114000
019569;06.164.253/0001-87;GOL LINHAS AEREAS INTELIGENTES S.A.;2024;20.8559462277;-25.2940756377;221.279923536;0.271758941891;-1.02797903539;2061443000;1.89383480068;43.4053736313;19129573000;23986261000;-6067103000;-29090519000
019569;06.164.253/0001-87;GOL LINHAS AEREAS INTELIGENTES S.A.;2025;7.67497845744;-4.89057106908;163.720974543;0.619680814986;8.32956880926;3007088000;15.5450829979;11.2410517004;22103281000;26682569000;-1304930000;-17002393000
016608;06.272.793/0001-84;EQUATORIAL MARANHÃO DISTRIBUIDORA DE ENERGIA S.A.;2020;23.3639047618;8.87062000209;62.0328019117;1.46767481522;21.8036598057;295458000;;;4106994000;7894296000;700273000;2997243000
016608;06.272.793/0001-84;EQUATORIAL MARANHÃO DISTRIBUIDORA DE ENERGIA S.A.;2021;30.7921155306;12.0652772625;60.8169914454;1.29897008333;23.0620384088;79999000;31.2308953945;-0.949711031864;5389645000;7819323000;943423000;3063846000
016608;06.272.793/0001-84;EQUATORIAL MARANHÃO DISTRIBUIDORA DE ENERGIA S.A.;2022;18.785444885;7.70421803099;58.9883653108;1.39844608731;19.604969608;103361000;-10.1477741113;7.59063156746;4842716000;8412859000;648145000;3450251000
016608;06.272.793/0001-84;EQUATORIAL MARANHÃO DISTRIBUIDORA DE ENERGIA S.A.;2023;20.6947434104;8.31397500838;59.8256675935;1.43445205931;16.8671451575;314583000;17.0696980785;11.1442970814;5669353000;9350413000;777391000;3756466000
016608;06.272.793/0001-84;EQUATORIAL MARANHÃO DISTRIBUIDORA DE ENERGIA S.A.;2024;18.1334864236;6.58965636475;63.6602900797;1.35691762608;16.6619124827;130195000;9.57285602078;20.3156480896;6212072000;11250010000;741337000;4088221000
016608;06.272.793/0001-84;EQUATORIAL MARANHÃO DISTRIBUIDORA DE ENERGIA S.A.;2025;16.9949151814;6.77237938118;60.1505549814;1.38740606532;18.1871969561;41861000;12.3122687567;-1.34052325287;6976919000;11099201000;751680000;4422970000
025410;06.347.409/0001-65;SBF COMÉRCIO DE PRODUTOS ESPORTIVOS S.A.;2020;-9.30429029552;-1.66147731056;82.1428904538;1.2005487073;-3.08286913643;167964000;;;3578582000;6754531000;-112225000;1206164000
025410;06.347.409/0001-65;SBF COMÉRCIO DE PRODUTOS ESPORTIVOS S.A.;2021;7.57871730847;1.424549181;81.2032943964;1.33154062197;4.09226443974;234791000;32.8710086844;-16.5364256971;4754898000;5637573000;80310000;1059678000
025410;06.347.409/0001-65;SBF COMÉRCIO DE PRODUTOS ESPORTIVOS S.A.;2022;1.63255519069;0.400656010633;75.4583481821;1.37910815746;2.75045132701;373384000;30.078373921;77.8434975476;6185094000;10026057000;40170000;2460560000
025410;06.347.409/0001-65;SBF COMÉRCIO DE PRODUTOS ESPORTIVOS S.A.;2023;5.04840104629;1.4611822103;71.0565345957;1.6534262616;5.09686203726;90677000;51.6122147861;-11.9038122365;9377358000;8832574000;129060000;2556453000
025410;06.347.409/0001-65;SBF COMÉRCIO DE PRODUTOS ESPORTIVOS S.A.;2024;17.0703815467;5.85883738466;65.678345451;1.5916520984;6.00630633319;80261000;1.48005440338;1.01816299529;9516148000;8922504000;522755000;3062351000
025410;06.347.409/0001-65;SBF COMÉRCIO DE PRODUTOS ESPORTIVOS S.A.;2025;18.585203365;6.24624807438;66.3912847673;1.48458944966;7.55162011047;42241000;27.0330284901;15.2485109561;12088651000;10283053000;642305000;3456002000
022608;06.626.253/0001-51;EMPREENDIMENTOS PAGUE MENOS S.A.;2020;4.94780060827;1.66904249695;66.2669814511;1.66607996722;4.69173106858;589086000;;;6858492000;5753778000;96033000;1940923000
022608;06.626.253/0001-51;EMPREENDIMENTOS PAGUE MENOS S.A.;2021;7.86801435463;2.50191153423;68.2014874216;1.60283321591;4.96750439318;654121000;9.77208984132;14.2423986466;7528710000;6573254000;164457000;2090197000
022608;06.626.253/0001-51;EMPREENDIMENTOS PAGUE MENOS S.A.;2022;11.2270501875;3.05962505522;72.7477386836;1.40605077968;6.93034935508;163742000;22.0537781373;30.7940633361;9189075000;8597426000;263049000;2342993000
022608;06.626.253/0001-51;EMPREENDIMENTOS PAGUE MENOS S.A.;2023;0.102799993685;0.0304274370708;70.4013239885;1.38581902762;3.69087214012;438500000;21.9069601674;4.5498734156;11202122000;8988598000;2735000;2660506000
022608;06.626.253/0001-51;EMPREENDIMENTOS PAGUE MENOS S.A.;2024;3.78885024256;1.14816898837;69.6961105648;1.36470904148;4.54263526034;149126000;12.8520560658;-0.0545468826173;12641825000;8983695000;103148000;2722409000
022608;06.626.253/0001-51;EMPREENDIMENTOS PAGUE MENOS S.A.;2025;8.4350880006;2.63009696574;68.8195669618;1.58996480605;5.77719184118;185757000;17.9135844706;10.4325892631;14906429000;9920927000;260930000;3093388000
023035;06.948.969/0001-75;LINX S.A.;2020;-4.94264424122;-2.98969545609;39.5122264483;2.03090354909;-5.32864281011;45562000;;;876377000;2678333000;-80074000;1620064000
019909;06.977.745/0001-91;BR MALLS PARTICIPACOES S.A.;2020;-2.98879999203;-1.75375845262;41.3223214235;4.00855974494;-29.8831708551;28280000;;;915097000;19165068000;-336109000;11245617000
019909;06.977.745/0001-91;BR MALLS PARTICIPACOES S.A.;2021;1.88669223125;1.08822907692;42.3207951519;2.99506871592;49.8377477209;27635000;23.6221952427;1.67345610253;1131263000;19485787000;212050000;11239247000
019909;06.977.745/0001-91;BR MALLS PARTICIPACOES S.A.;2022;5.57881377996;3.46422254446;37.9039580618;1.36501630613;68.8473261694;28958000;27.8082108228;-6.89553878424;1445847000;18142137000;628484000;11265549000
019909;06.977.745/0001-91;BR MALLS PARTICIPACOES S.A.;2023;19.5009897431;12.2994401224;36.9291493179;1.03622530669;241.359199586;21848000;7.59748438113;14.7678357847;1555695000;20821338000;2560908000;13132195000
019909;06.977.745/0001-91;BR MALLS PARTICIPACOES S.A.;2024;5.49544128654;3.30124489963;39.9275740109;1.00220818016;62.1768392122;16689000;0.944401055477;-1.41153272667;1570387000;20527438000;677661000;12331330000
019909;06.977.745/0001-91;BR MALLS PARTICIPACOES S.A.;2025;7.0488701749;4.24761344842;39.7405067333;4.04712459547;92.5922095179;5908000;4.66343646502;0.394389207265;1643621000;20608396000;875365000;12418515000
019925;06.977.751/0001-49;BR PROPERTIES S.A.;2020;2.83351990486;1.93604261098;31.6735835293;3.57276881939;113.886328921;1088972000;;;313589000;10654156000;206269000;7279603000
019925;06.977.751/0001-49;BR PROPERTIES S.A.;2021;0.450821697737;0.283731688512;37.0634355143;1.55695148629;55.2603193087;949425000;4.06296139214;5.91078260915;326330000;11283900000;32016000;7101699000
019925;06.977.751/0001-49;BR PROPERTIES S.A.;2022;-34.4934797667;-32.2620272017;6.46920107831;12.9329437718;-656.007770828;289393000;-8.82756718659;-58.1575164615;297523000;4721464000;-1523240000;4416023000
020320;06.981.176/0001-58;CEMIG GERACAO E TRANSMISSAO S.A.;2020;18.067512916;5.1600604521;71.4401175409;1.49051148562;32.2656417378;384397000;;;7356088000;20455865000;1055535000;5842171000
020320;06.981.176/0001-58;CEMIG GERACAO E TRANSMISSAO S.A.;2021;11.23640215;4.50335474953;59.9217374974;1.17407095144;39.4933313376;123071000;12.9827701898;-5.40231860154;8311112000;19350774000;871434000;7755454000
020320;06.981.176/0001-58;CEMIG GERACAO E TRANSMISSAO S.A.;2022;23.4510351621;10.4330212916;55.5114679608;1.44811696216;32.8975368573;292980000;-1.95713882811;3.29816264714;8148452000;19988994000;2085456000;8892810000
020320;06.981.176/0001-58;CEMIG GERACAO E TRANSMISSAO S.A.;2023;23.9151055984;13.0122738018;45.5897288505;0.857479744391;45.5973619464;361954000;-17.0303512864;-7.62610164373;6760742000;18464613000;2402666000;10046646000
020320;06.981.176/0001-58;CEMIG GERACAO E TRANSMISSAO S.A.;2024;31.6527995951;20.9026424769;33.9627371218;1.46853658939;88.956756348;233739000;-9.64059862068;-4.33411195783;6108966000;17664336000;3692313000;11665044000
020320;06.981.176/0001-58;CEMIG GERACAO E TRANSMISSAO S.A.;2025;16.6836922289;9.48812844437;43.1293246471;1.21626945296;29.4308775668;226202000;18.2820300522;8.42755708451;7225809000;19153008000;1817262000;10892445000
020303;06.981.180/0001-16;CEMIG DISTRIBUICAO S.A.;2020;19.953962639;4.77925659588;76.0485840214;1.45470094104;9.82880463517;659045000;;;16511662000;25141023000;1201554000;6021631000
020303;06.981.180/0001-16;CEMIG DISTRIBUICAO S.A.;2021;24.4940632316;6.91343490519;71.775058961;1.16533073429;10.5749372748;198694000;35.3266618466;-2.16138778442;22344681000;24597628000;1700541000;6942666000
020303;06.981.180/0001-16;CEMIG DISTRIBUICAO S.A.;2022;6.241502774;1.74509579778;72.0404546634;0.981933319896;7.13311467109;440700000;-6.38167535263;3.31339672264;20918716000;25412645000;443475000;7105260000
020303;06.981.180/0001-16;CEMIG DISTRIBUICAO S.A.;2023;18.1404838896;5.84231358315;67.7940587544;0.797199580864;9.72113893534;447967000;11.6150580179;8.53874517981;23348437000;27582566000;1611460000;8883225000
020303;06.981.180/0001-16;CEMIG DISTRIBUICAO S.A.;2024;19.5568258242;6.7982842325;65.238304551;0.827607111478;10.8388140679;951779000;13.9998107796;17.6580706813;26617174000;32453115000;2206255000;11281253000
020303;06.981.180/0001-16;CEMIG DISTRIBUICAO S.A.;2025;16.9396853437;5.54478927729;67.2674600218;0.965621517375;11.8213291179;918869000;9.11514122423;17.8785148976;29043367000;38255250000;2121173000;12521915000
023981;06.981.381/0001-13;CTC - CENTRO DE TECNOLOGIA CANAVIEIRA S.A.;2020;3.25384013881;2.44937916051;24.7234327434;2.85516348458;7.92112777317;265971000;;;244801000;791670000;19391000;595942000
023981;06.981.381/0001-13;CTC - CENTRO DE TECNOLOGIA CANAVIEIRA S.A.;2021;15.7326331892;12.7573285379;18.9116762309;3.27555539713;44.4419786183;213284000;38.05213214;7.32906387763;337953000;849692000;108398000;689001000
023981;06.981.381/0001-13;CTC - CENTRO DE TECNOLOGIA CANAVIEIRA S.A.;2022;16.93832691;14.4165050225;14.8882584499;3.64671503426;43.9572433593;205365000;24.7081694792;9.39387448628;421455000;929511000;134003000;791123000
023981;06.981.381/0001-13;CTC - CENTRO DE TECNOLOGIA CANAVIEIRA S.A.;2023;10.6001623;9.29701710915;12.2936343236;4.65734488687;25.2319266115;233787000;-12.8870223393;5.80929112189;367142000;983509000;91437000;862600000
023981;06.981.381/0001-13;CTC - CENTRO DE TECNOLOGIA CANAVIEIRA S.A.;2024;15.5473846785;12.7488015589;18.0003465372;4.94794491413;39.4639174178;227402000;4.06545696216;21.4708762197;382068000;1194677000;152307000;979631000
023981;06.981.381/0001-13;CTC - CENTRO DE TECNOLOGIA CANAVIEIRA S.A.;2025;15.5995236949;12.1329173852;22.2225138248;5.52552693208;31.4294637618;324775000;10.621145974;21.1990353878;422648000;1447937000;175677000;1126169000
018546;07.040.108/0001-57;CAGECE - CIA DE AGUA E ESGOTO DO CEARA;2020;5.36070386371;3.49014046598;34.8939886494;1.3226972306;14.2357197408;109000;;;1573886000;3856521000;134598000;2510827000
018546;07.040.108/0001-57;CAGECE - CIA DE AGUA E ESGOTO DO CEARA;2021;5.90232255626;3.2017094414;45.7550919848;2.73027040244;14.192157629;94000;10.8823002428;26.1919486501;1745161000;4866619000;155815000;2639893000
018546;07.040.108/0001-57;CAGECE - CIA DE AGUA E ESGOTO DO CEARA;2022;7.10220689883;3.93309437047;44.6215179803;1.89108395976;11.2968837343;51000;34.5932552928;3.44460908076;2348869000;5034255000;198002000;2787894000
018546;07.040.108/0001-57;CAGECE - CIA DE AGUA E ESGOTO DO CEARA;2023;4.11735453635;2.0654877477;49.8345908893;0.87330222279;8.53970104161;1324000;19.9463231027;15.6162530504;2817382000;5820417000;120220000;2919836000
018546;07.040.108/0001-57;CAGECE - CIA DE AGUA E ESGOTO DO CEARA;2024;10.6716203321;5.05625069978;52.619653413;1.05711924023;14.0930016978;6781000;11.3451424053;20.3045073918;3137018000;7002224000;354050000;3317678000
018546;07.040.108/0001-57;CAGECE - CIA DE AGUA E ESGOTO DO CEARA;2025;6.10176296635;2.80426080548;54.041793807;1.38962787455;15.3020977241;8127000;3.44196303623;14.3900423637;3244993000;8009847000;224617000;3681182000
023531;07.043.628/0001-13;CLARO TELECOM PARTICIPAÇÕES S.A.;2020;16.8195608557;4.51569303504;73.1521347449;0.642969078922;19.2601117646;533253000;;;36207874000;76972969000;3475863000;20665599000
023531;07.043.628/0001-13;CLARO TELECOM PARTICIPAÇÕES S.A.;2021;25.0461012829;3.71044786794;85.1855271763;0.483112240513;16.1374875944;1738910000;9.69436647951;20.8723168779;39717998000;93039011000;3452164000;13783239000
023531;07.043.628/0001-13;CLARO TELECOM PARTICIPAÇÕES S.A.;2022;15.7027521822;2.48765667106;84.1578301548;0.466918685086;16.3592082462;1739669000;7.43935784477;11.7328525773;42672762000;103955141000;2586047000;16468750000
023531;07.043.628/0001-13;CLARO TELECOM PARTICIPAÇÕES S.A.;2023;15.6759903631;2.85086989163;81.8137812949;0.53980622715;16.0809088389;1175322000;7.23223399507;0.488326979423;45758956000;104462782000;2978098000;18997830000
023531;07.043.628/0001-13;CLARO TELECOM PARTICIPAÇÕES S.A.;2024;-6.49804715037;-1.26268969738;80.5681665867;0.631768450226;18.9087818974;932608000;6.8968793781;-0.942107783421;48914896000;103478630000;-1306614000;20107795000
023531;07.043.628/0001-13;CLARO TELECOM PARTICIPAÇÕES S.A.;2025;18.8994915237;4.3834103235;76.8067288054;0.670139670343;20.6778785951;1362468000;5.92290741045;3.77539884322;51812080000;107385361000;4707141000;24906178000
014869;07.047.251/0001-70;CIA ENERGETICA DO CEARA - COELCE;2020;8.20854542325;2.83119931876;65.5091228376;0.843931717257;6.70303073067;166015000;;;5867331000;9366384000;265181000;3230548000
014869;07.047.251/0001-70;CIA ENERGETICA DO CEARA - COELCE;2021;14.0124555288;4.34769067502;68.9726710205;0.956204501938;11.3347827433;204316000;38.2145817238;19.9806777087;8109507000;11237851000;488587000;3486805000
014869;07.047.251/0001-70;CIA ENERGETICA DO CEARA - COELCE;2022;16.1886748775;5.20390751656;67.8546418657;0.684612276529;14.296201442;182558000;5.65752024137;9.53521273774;8568304000;12309404000;640570000;3956902000
014869;07.047.251/0001-70;CIA ENERGETICA DO CEARA - COELCE;2023;7.52719959476;2.40868941065;68.000192099;0.557969731826;14.459010675;96665000;0.641783951643;6.40168281096;8623294000;13097413000;315476000;4191147000
014869;07.047.251/0001-70;CIA ENERGETICA DO CEARA - COELCE;2024;9.04568468265;3.22701397889;64.3253762197;0.543149659535;14.6093242593;214124000;-2.10087931596;9.99837143411;8442129000;14406941000;464914000;5139622000
014869;07.047.251/0001-70;CIA ENERGETICA DO CEARA - COELCE;2025;7.21379133555;2.42969380446;66.3187678789;0.550143661921;15.0335591103;184198000;8.65117081248;12.5496731055;9172472000;16214965000;393974000;5461400000
019720;07.119.838/0001-48;SECME - COMPANHIA SECURITIZADORA DE CRÉDITOS IMOBILIÁRIOS;2020;-2014.4211085;-1200.11744512;40.4237058452;1.98647893619;-80.680826302;17060;;;54992;22138;-265682;13189
019720;07.119.838/0001-48;SECME - COMPANHIA SECURITIZADORA DE CRÉDITOS IMOBILIÁRIOS;2021;-1783.70064279;-1689.50670974;5.28081510934;15.8858823529;-92.5348055689;13466;-54.5461157987;-27.2924383413;24996;16096;-271943;15246
019720;07.119.838/0001-48;SECME - COMPANHIA SECURITIZADORA DE CRÉDITOS IMOBILIÁRIOS;2022;2293.54654716;-1044.55226927;145.543103128;0.654024146152;-1173.76113511;40873;-25;234.828528827;18747;53894;-562951;-24545
019720;07.119.838/0001-48;SECME - COMPANHIA SECURITIZADORA DE CRÉDITOS IMOBILIÁRIOS;2023;-53.1805604542;-15.6625413133;70.5483710975;1.41477843035;;547845;-100;2436.44932646;0;1366994;-214106;402602
019720;07.119.838/0001-48;SECME - COMPANHIA SECURITIZADORA DE CRÉDITOS IMOBILIÁRIOS;2024;4.6640050391;4.36571266447;6.39562719438;15.2628058501;14.4940597752;8934;;-66.9967827218;225244;451152;19696;422298
019720;07.119.838/0001-48;SECME - COMPANHIA SECURITIZADORA DE CRÉDITOS IMOBILIÁRIOS;2025;5.39394806974;5.29599237739;1.81602957779;54.794828626;55.1049760823;2169889;-3.38432988226;385.728534951;217621;2191374;116055;2151578
020338;07.206.816/0001-15;M.DIAS BRANCO S.A. IND COM DE ALIMENTOS;2020;11.4940363262;7.85051539293;31.6992293207;2.36877787624;9.85261131159;1213007000;;;7252524000;9729858000;763844000;6645568000
020338;07.206.816/0001-15;M.DIAS BRANCO S.A. IND COM DE ALIMENTOS;2021;7.18096300948;4.73849669887;34.0130746724;3.34276795569;5.08013390246;1555864000;7.74243559897;9.52978964338;7814046000;10657093000;504986000;7032288000
020338;07.206.816/0001-15;M.DIAS BRANCO S.A. IND COM DE ALIMENTOS;2022;7.18227811233;4.21206640994;41.354729738;1.97656458973;5.75743111133;648046000;29.6281721403;7.3415799224;10129205000;11439492000;481839000;6708721000
020338;07.206.816/0001-15;M.DIAS BRANCO S.A. IND COM DE ALIMENTOS;2023;11.6855983949;7.20083118116;38.3785841527;2.34977896061;9.85777120148;2267837000;7.02004747658;7.88059469774;10840280000;12340992000;888654000;7604694000
020338;07.206.816/0001-15;M.DIAS BRANCO S.A. IND COM DE ALIMENTOS;2024;8.0764266512;5.05877302974;37.3637222472;2.19528077528;8.58287626413;2152587000;-10.8617766331;3.46710377902;9662833000;12768867000;645948000;7997943000
020338;07.206.816/0001-15;M.DIAS BRANCO S.A. IND COM DE ALIMENTOS;2025;8.00927439883;5.25359487355;34.406107071;2.60882563354;6.62255158012;1888270000;8.01747272254;-1.64089734821;10437548000;12559343000;659817000;8238162000
001228;07.237.373/0001-20;BCO NORDESTE DO BRASIL S.A.;2020;13.1953469235;1.64875430379;73.8283117893;;40.1340625995;155045000;;;3946067000;61817640000;1019221000;7724094000
001228;07.237.373/0001-20;BCO NORDESTE DO BRASIL S.A.;2021;22.1819757682;2.68397750371;71.3994070482;;56.6089485381;136166000;26.8135335766;-2.45173869465;5004147000;60302033000;1618493000;7296433000
001228;07.237.373/0001-20;BCO NORDESTE DO BRASIL S.A.;2022;27.6117221076;3.19047048529;69.6206009055;;40.0988011062;129218000;64.3153168762;4.75136717198;8222580000;63167204000;2015331000;7298824000
001228;07.237.373/0001-20;BCO NORDESTE DO BRASIL S.A.;2023;25.9199595024;3.19223912641;64.8090725783;;40.0019747362;119932000;4.08053190118;4.05915702712;8558105000;65731260000;2098299000;8095302000
001228;07.237.373/0001-20;BCO NORDESTE DO BRASIL S.A.;2024;30.7133960389;3.34829386543;64.4396411102;;51.3385792062;142423000;-2.98193350047;6.43790336592;8302908000;69962975000;2342566000;7627180000
001228;07.237.373/0001-20;BCO NORDESTE DO BRASIL S.A.;2025;38.981052375;4.2074068131;61.1900025188;;48.5245616144;162352000;21.7177764706;4.75206350216;10106115000;73287660000;3083510000;7910279000
014168;07.253.321/0001-47;CARBOMIL SA MINER. E INDUSTRIA;2020;9.09711301665;-3.31402135847;136.429374378;0.0138378988986;-3780;0;;;20000;92516000;-3066000;-33703000
014168;07.253.321/0001-47;CARBOMIL SA MINER. E INDUSTRIA;2021;9.23870479894;-3.43629149716;137.194515594;0.0176991150442;-2531.42857143;0;75;7.6084136798;35000;99555000;-3421000;-37029000
014168;07.253.321/0001-47;CARBOMIL SA MINER. E INDUSTRIA;2022;8.69565217391;-11.4423170692;231.586646296;0.00717423133236;-8100;0;-62.8571428571;-69.0994927427;13000;30763000;-3520000;-40480000
014168;07.253.321/0001-47;CARBOMIL SA MINER. E INDUSTRIA;2023;-111.512072487;72.1655424872;164.715452666;0.0769230769231;222509.090909;0;-15.3846153846;-4.09582940545;11000;29503000;21291000;-19093000
014168;07.253.321/0001-47;CARBOMIL SA MINER. E INDUSTRIA;2024;19.6744186047;-16.0370855449;181.512373337;0.0472370766488;-58000;0;-90.9090909091;-1.65745856354;1000;29014000;-4653000;-23650000
014168;07.253.321/0001-47;CARBOMIL SA MINER. E INDUSTRIA;2025;17.146776406;-17.0824865092;199.625061322;0.142080745342;-10916.6666667;0;500;-1.64058730268;6000;28538000;-4875000;-28431000
009520;07.275.159/0001-68;PETROLEO LUB DO NORDESTE SA;2020;0.114514743773;0.0904261331525;21.0353792246;15.0872150644;-3.067361668;12970000;;;9976000;17694000;16000;13972000
009520;07.275.159/0001-68;PETROLEO LUB DO NORDESTE SA;2021;4.19720647213;3.38142721854;19.4362431062;14.1091901729;-2.57753739542;13074000;18.6146752205;1.45246976376;11833000;17951000;607000;14462000
009520;07.275.159/0001-68;PETROLEO LUB DO NORDESTE SA;2022;4.17518049312;3.33732578397;20.0675087108;12.3055555556;-5.63903566711;13410000;2.35781289614;2.32299036265;12112000;18368000;613000;14682000
009520;07.275.159/0001-68;PETROLEO LUB DO NORDESTE SA;2023;-1.75682244289;-1.42158790807;19.0818677305;15.310139165;-15.9702034884;13311000;-9.11492734478;-3.10866724739;11008000;17797000;-253000;14401000
009520;07.275.159/0001-68;PETROLEO LUB DO NORDESTE SA;2024;2.36610169492;1.90460598123;19.5044750055;13.2668918919;-13.9679715302;13510000;2.10755813953;2.96117323144;11240000;18324000;349000;14750000
009520;07.275.159/0001-68;PETROLEO LUB DO NORDESTE SA;2025;-3.36252189142;-2.70422535211;19.5774647887;13.9917050691;-23.1016795736;13384000;-11.5391459075;-3.13250382013;9943000;17750000;-480000;14275000
024864;07.282.377/0001-20;ENERGISA SUL-SUDESTE - DISTRIBUIDORA DE ENERGIA S/A;2020;20.6607353286;5.25965494991;74.5427504575;1.25319124019;11.572681433;69229000;;;1824737000;2363425000;124308000;601663000
024864;07.282.377/0001-20;ENERGISA SUL-SUDESTE - DISTRIBUIDORA DE ENERGIA S/A;2021;27.8653496397;5.61980638791;79.8322775039;1.12317948435;12.6784525417;131528000;22.5666493308;24.6974200578;2236519000;2947130000;165623000;594369000
024864;07.282.377/0001-20;ENERGISA SUL-SUDESTE - DISTRIBUIDORA DE ENERGIA S/A;2022;24.1203142553;4.74897475942;80.3113064401;1.25264429763;12.4304522004;49865000;-9.18221575582;-6.72732454965;2031157000;2748867000;130543000;541216000
024864;07.282.377/0001-20;ENERGISA SUL-SUDESTE - DISTRIBUIDORA DE ENERGIA S/A;2023;23.2198370585;4.73498653226;79.6080113726;0.973857137378;14.4493902083;69656000;10.3963406078;6.50708091734;2242323000;2927738000;138628000;597024000
024864;07.282.377/0001-20;ENERGISA SUL-SUDESTE - DISTRIBUIDORA DE ENERGIA S/A;2024;24.2947306137;4.55514079691;81.2504988455;1.32022329551;10.2439698813;31845000;4.83324659293;10.8361813796;2350700000;3244993000;147814000;608420000
024864;07.282.377/0001-20;ENERGISA SUL-SUDESTE - DISTRIBUIDORA DE ENERGIA S/A;2025;19.4544684573;3.82624102145;80.3323281238;1.19861645823;12.3109479056;51552000;14.8277534351;12.8484098425;2699256000;3661923000;140114000;720215000
016268;07.334.600/0001-35;MARINA DE IRACEMA PARK SA;2020;-85.7726901063;-7.51109838178;91.2430187598;0.28729134604;-45.4353663214;60000;;;10428000;83796000;-6294000;7338000
016268;07.334.600/0001-35;MARINA DE IRACEMA PARK SA;2021;-287.176781003;-6.65248643098;97.68348736;0.243813500348;-52.3640661939;104000;-26.9850402762;-2.37720177574;7614000;81804000;-5442000;1895000
016268;07.334.600/0001-35;MARINA DE IRACEMA PARK SA;2022;681.288343558;-2.82314957227;100.414383953;0.403126531946;-2.88455946496;21000;125.833990018;-3.82988606914;17195000;78671000;-2221000;-326000
016268;07.334.600/0001-35;MARINA DE IRACEMA PARK SA;2023;91.5827523883;-4.68671546735;105.117465183;0.24668211502;-11.46704311;22000;7.112532713;-3.79936698402;18418000;75682000;-3547000;-3873000
016268;07.334.600/0001-35;MARINA DE IRACEMA PARK SA;2024;47.6904376013;-4.70129282224;109.857936011;0.250233302226;-12.0510095643;18000;2.18264741014;-0.759757934515;18820000;75107000;-3531000;-7404000
016268;07.334.600/0001-35;MARINA DE IRACEMA PARK SA;2025;43.833434466;-7.42954849326;116.949501183;0.292057986191;-28.5723342209;85000;-16.1849096706;3.56424833904;15774000;77784000;-5779000;-13184000
022810;07.401.436/0001-31;ELDORADO BRASIL CELULOSE S.A.;2020;-3.05347833067;-0.852394553217;72.0844734788;0.391104630208;39.6009253211;888014;;;4426139;12718406;-108411;3550410
022810;07.401.436/0001-31;ELDORADO BRASIL CELULOSE S.A.;2021;19.1462093199;7.07222827097;63.0619923098;1.50194896663;35.7210194798;789944000;136695.839444;97708.4203319;6054774000;12439672000;879762000;4594967000
022810;07.401.436/0001-31;ELDORADO BRASIL CELULOSE S.A.;2022;44.0421606288;24.0761987287;45.3337475161;1.47785061899;53.0001552113;1347256000;24.4986187759;18.0056033632;7538110000;14679510000;3534268000;8024738000
022810;07.401.436/0001-31;ELDORADO BRASIL CELULOSE S.A.;2023;22.8123779962;14.5702671439;36.1299942239;1.72775678827;43.3908284103;1407283000;-23.6394135931;9.7412992668;5756145000;16109485000;2347195000;10289129000
022810;07.401.436/0001-31;ELDORADO BRASIL CELULOSE S.A.;2024;10.1243507016;6.55009593982;35.3035455521;1.96036107475;39.2430221374;1181898000;10.722888322;3.82124568228;6373370000;16725068000;1095508000;10820526000
022810;07.401.436/0001-31;ELDORADO BRASIL CELULOSE S.A.;2025;59.5184403347;11.3989896947;80.8479697542;2.75177688828;101.945260703;11362858000;-7.74944809418;138.752362621;5879469000;39931495000;4551787000;7647692000
025003;07.415.333/0001-20;SIMPAR S.A.;2020;12.3299781317;1.5550275547;87.388237529;2.08075429269;10.502457567;409601000;;;9807057000;25562248000;397500000;3223850000
025003;07.415.333/0001-20;SIMPAR S.A.;2021;22.8174909774;2.77048162372;87.8580794599;3.30112756388;22.5768178045;1029383000;41.3902152297;87.6524865888;13866219000;47968194000;1328950000;5824260000
025003;07.415.333/0001-20;SIMPAR S.A.;2022;16.8532538075;1.52564776946;90.9474586517;1.54964578812;20.9862187729;1718025000;75.835900183;28.5424963049;24381791000;61659514000;940707000;5581753000
025003;07.415.333/0001-20;SIMPAR S.A.;2023;-9.65455974852;-0.929344444692;90.374036011;1.44568542271;15.2767558129;1345475000;30.6040766242;13.7550970642;31843613000;70140840000;-651850000;6751732000
025003;07.415.333/0001-20;SIMPAR S.A.;2024;1.63900694342;0.111671665191;93.1866264728;1.29126421437;16.328407971;1903850000;28.9517649897;19.7958151057;41062901000;84025791000;93833000;5724991000
025003;07.415.333/0001-20;SIMPAR S.A.;2025;2.90446594192;0.24283037809;91.6394138218;1.19158241883;18.7697817803;3029953000;6.00413984389;5.49394530544;43528375000;88642122000;215250000;7411001000
023965;07.437.016/0001-05;CINESYSTEM S.A.;2020;4262.46418338;-24.151703088;100.566613631;0.354435216281;-85.2335448732;8225000;;;41127000;184782000;-44628000;-1047000
023965;07.437.016/0001-05;CINESYSTEM S.A.;2021;96.3892816498;-14.6742269124;115.223919777;0.431120618459;-29.2209846328;19787000;46.0427456415;3.07822190473;60063000;190470000;-27950000;-28997000
023965;07.437.016/0001-05;CINESYSTEM S.A.;2022;19.369907961;-3.77749338423;119.501865429;0.32366892288;7.82056728318;5871000;103.799344022;-3.18265343624;122408000;184408000;-6966000;-35963000
023264;07.526.557/0001-00;AMBEV S.A.;2020;15.6110891967;9.37079039516;39.9735003941;1.05569783156;27.28531041;17090335000;;;58378995000;125196579000;11731909000;75151124000
023264;07.526.557/0001-00;AMBEV S.A.;2021;15.6188457476;9.46778276692;39.3823146733;0.993843912401;23.2855366867;16627698000;24.7954748108;10.7078836395;72854344000;138602483000;13122582000;84017617000
023264;07.526.557/0001-00;AMBEV S.A.;2022;17.8707300264;10.7940692391;39.5991701334;0.932812263123;22.1541837518;14926435000;9.40847535461;-0.464926735836;79708827000;137958083000;14891291000;83327827000
023264;07.526.557/0001-00;AMBEV S.A.;2023;18.6670193161;11.2786435869;39.5798365239;0.8916752065;23.3840320968;16059003000;0.0351642359509;-3.85185839383;79736856000;132644133000;14960459000;80143802000
023264;07.526.557/0001-00;AMBEV S.A.;2024;14.9094952452;9.13613893435;38.7226811902;1.09652144415;24.3766633727;28595666000;12.1848458635;22.5142381533;89452669000;162507949000;14846952000;99580514000
023264;07.526.557/0001-00;AMBEV S.A.;2025;18.0101069469;11.0198821121;38.8127891491;0.962198745696;26.5443462726;18638228000;-1.35289646863;-10.7199666891;88242467000;145087151000;15988433000;88774781000
020222;07.587.384/0001-30;PLANETA SECURITIZADORA S.A.;2020;46.398140976;15.9012476772;65.7286965755;5.05114401077;38.4419551935;2724000;;;1964000;3767000;599000;1291000
020222;07.587.384/0001-30;PLANETA SECURITIZADORA S.A.;2021;7.03209520375;6.23003194888;11.4057507987;8.75070028011;11.6336633663;1906000;-38.2892057026;-16.9100079639;1212000;3130000;195000;2773000
024260;07.594.978/0001-78;SMARTFIT ESCOLA DE GINÁSTICA E DANÇA S.A.;2020;-24.4826537254;-7.11720171752;70.9296149129;1.20879464352;-31.3396919707;1019611000;;;1256244000;8492495000;-604428000;2468801000
024260;07.594.978/0001-78;SMARTFIT ESCOLA DE GINÁSTICA E DANÇA S.A.;2021;-14.2916068753;-5.43153735322;61.9949149133;2.91825913033;-21.0648732666;1957828000;35.8693852468;37.2326036106;1706851000;11654472000;-633017000;4429292000
024260;07.594.978/0001-78;SMARTFIT ESCOLA DE GINÁSTICA E DANÇA S.A.;2022;-2.04488232855;-0.714142851808;65.0765796233;2.01051469937;9.05721260781;1251418000;71.6868080459;3.38992620172;2930438000;12049550000;-86051000;4208115000
024260;07.594.978/0001-78;SMARTFIT ESCOLA DE GINÁSTICA E DANÇA S.A.;2023;20.4915816167;7.33775834271;64.1913519417;1.49099290982;24.6157187844;1103433000;44.8501213812;18.0971654543;4244743000;14230177000;1044176000;5095634000
024260;07.594.978/0001-78;SMARTFIT ESCOLA DE GINÁSTICA E DANÇA S.A.;2024;8.05178865078;2.40091961429;70.1815370668;1.47306810696;22.6440530838;1490624000;31.4638836792;28.9534346621;5580304000;18350302000;440576000;5471778000
024260;07.594.978/0001-78;SMARTFIT ESCOLA DE GINÁSTICA E DANÇA S.A.;2025;11.3100491118;2.97955385631;73.6556947997;1.31595259279;23.4454120818;1330801000;29.7723923284;17.151467044;7241694000;21497648000;640534000;5663406000
020036;07.628.528/0001-59;BRASILAGRO - CIA BRAS DE PROP AGRICOLAS;2020;10.6595314243;5.84796866318;45.1385953997;1.60579066815;23.29588801;171045000;;;705206000;2044368000;119554000;1121569000
020036;07.628.528/0001-59;BRASILAGRO - CIA BRAS DE PROP AGRICOLAS;2021;14.5535533064;9.26535986452;36.3360983433;2.66328036631;32.2871310732;1059107000;73.0939611972;67.6957377537;1220669000;3428318000;317646000;2182601000
020036;07.628.528/0001-59;BRASILAGRO - CIA BRAS DE PROP AGRICOLAS;2022;23.4697082374;15.547357562;33.7556419331;3.28219771319;35.9727052824;435493000;57.1771708792;-2.42261657174;1918613000;3345263000;520100000;2216048000
020036;07.628.528/0001-59;BRASILAGRO - CIA BRAS DE PROP AGRICOLAS;2023;12.2220593844;7.65479643394;37.3690129202;2.13559906758;21.549227441;383837000;-33.2868587881;4.86694170234;1279967000;3508075000;268536000;2197142000
020036;07.628.528/0001-59;BRASILAGRO - CIA BRAS DE PROP AGRICOLAS;2024;10.408275714;6.29297752451;39.5387122956;2.08505667347;17.5470224542;170953000;-17.2706015077;2.76524874753;1058909000;3605082000;226867000;2179679000
020036;07.628.528/0001-59;BRASILAGRO - CIA BRAS DE PROP AGRICOLAS;2025;6.33775200576;3.59705311595;43.2440222861;1.78934911243;17.4932665376;142908000;10.6923257806;6.43314077183;1172131000;3837002000;138019000;2177728000
026425;07.636.657/0001-99;AÇO VERDE DO BRASIL S.A;2020;18.8759873633;5.72038275135;69.6949216946;1.14185941394;26.9212369706;120017000;;;900943000;1747453000;99961000;529567000
026425;07.636.657/0001-99;AÇO VERDE DO BRASIL S.A;2021;51.3285374239;24.0541509217;53.1368861671;2.27261035038;48.5334435237;228179000;57.4075163468;29.3299447825;1418152000;2259980000;543619000;1059097000
026425;07.636.657/0001-99;AÇO VERDE DO BRASIL S.A;2022;35.5799220912;18.7877954682;47.1955126263;3.29334180702;36.0842549099;562812000;33.4546649442;27.777546704;1892590000;2887747000;542544000;1524860000
026425;07.636.657/0001-99;AÇO VERDE DO BRASIL S.A;2023;12.0316305604;5.78663889421;51.9047824385;3.74492892595;15.5848912691;663119000;-8.97452697098;21.2637741464;1722739000;3501791000;202636000;1684194000
026425;07.636.657/0001-99;AÇO VERDE DO BRASIL S.A;2024;12.6253247368;6.21610882975;50.7647608331;3.84100457901;22.2013903678;603972000;6.84520406167;7.87956791253;1840664000;3777717000;234827000;1859968000
026425;07.636.657/0001-99;AÇO VERDE DO BRASIL S.A;2025;4.03775722343;1.91658773311;52.5333588165;3.61250088273;15.1108568393;665147000;-13.6805522355;6.92336138467;1588851000;4039262000;77416000;1917302000
020052;07.659.538/0001-51;DINAMICA ENERGIA S.A.;2020;0.41148943037;0.395655546936;3.84794414275;81.0691823899;;10506000;;;0;12890000;51000;12394000
020052;07.659.538/0001-51;DINAMICA ENERGIA S.A.;2021;2.34941658783;2.24161275764;4.58853618174;55.3916666667;;10796000;;3.13421256788;0;13294000;298000;12684000
020052;07.659.538/0001-51;DINAMICA ENERGIA S.A.;2022;6.17433414044;5.56540717501;9.86222889101;13.0560997329;;11976000;;10.2903565518;0;14662000;816000;13216000
020052;07.659.538/0001-51;DINAMICA ENERGIA S.A.;2023;10.9911151961;9.82338444688;10.6243154436;14.0867888139;;11390000;;-0.368299004229;0;14608000;1435000;13056000
020052;07.659.538/0001-51;DINAMICA ENERGIA S.A.;2024;9.0949854271;8.21353850307;9.69157049335;16.2289156627;;11356000;;1.43072289157;0;14817000;1217000;13381000
020052;07.659.538/0001-51;DINAMICA ENERGIA S.A.;2025;8.46051266854;8.04338639245;4.93027186928;47.644295302;;11466000;;-4.17763379901;0;14198000;1142000;13498000
020087;07.689.002/0001-89;EMBRAER S.A.;2020;-23.546782612;-6.56093111022;72.1366132336;2.53110202214;-8.55866611573;9786142000;;;19641764000;54812845000;-3596233000;15272715000
020087;07.689.002/0001-89;EMBRAER S.A.;2021;-1.72829023403;-0.47223758842;72.6760251768;2.07706480214;4.6525440009;10147201000;15.4158302686;3.3885451485;22669705000;56670203000;-267618000;15484552000
020087;07.689.002/0001-89;EMBRAER S.A.;2022;-7.1061176793;-1.9789231802;72.1518377613;1.7893105417;-2.36936937974;9479949000;3.43659522698;-6.62054801533;23448771000;52918325000;-1047213000;14736781000
020087;07.689.002/0001-89;EMBRAER S.A.;2023;5.33058814495;1.50256043785;71.812483032;1.65197722291;5.83140119363;7887311000;11.351324127;-1.35510147005;26110517000;52201228000;784355000;14714230000
020087;07.689.002/0001-89;EMBRAER S.A.;2024;9.28897467943;2.62747665868;71.7140292728;1.47463642834;10.6484374202;9678721000;35.6701362903;40.2643592982;35424174000;73219718000;1923831000;20710908000
020087;07.689.002/0001-89;EMBRAER S.A.;2025;9.49721930207;2.80205161508;70.4960838961;1.50158336363;7.99392425141;10728816000;18.2334808992;-2.9058156165;41883234000;71092088000;1992037000;20974950000
026557;07.704.246/0001-93;DATORA PARTICIPAÇÕES E SERVIÇOS S.A.;2020;58.9342873282;16.2613452756;72.4076662112;0.923799573142;4.20978732964;11300000;;;534160000;192481000;31300000;53110000
026557;07.704.246/0001-93;DATORA PARTICIPAÇÕES E SERVIÇOS S.A.;2021;37.2099919757;8.02466349156;78.434116576;0.934288901018;4.2018894891;9720000;18.2812265988;38.1009034658;631811000;265818000;21331000;57326000
026557;07.704.246/0001-93;DATORA PARTICIPAÇÕES E SERVIÇOS S.A.;2022;25.3627637013;6.99105446546;72.4357544478;1.06971801926;4.06551437755;22976000;7.29426996364;-2.1819440369;677897000;260018000;18178000;71672000
026557;07.704.246/0001-93;DATORA PARTICIPAÇÕES E SERVIÇOS S.A.;2023;39.6576319544;8.72582840514;77.9971017554;0.930604490147;5.21983133259;40062000;6.24534405669;31.1047696698;720234000;340896000;29746000;75007000
020966;07.718.269/0001-57;SPRINGS GLOBAL PARTICIPACOES S.A.;2020;-29.0246964046;-10.1409892631;65.060825713;1.24572795719;3.2000307476;168793000;;;1535079000;3164780000;-320940000;1105748000
020966;07.718.269/0001-57;SPRINGS GLOBAL PARTICIPACOES S.A.;2021;-15.5058201347;-4.80496791182;69.011842843;0.958076689708;6.46158620533;199765000;12.0934492622;0.992549245129;1720723000;3196192000;-153576000;990441000
020966;07.718.269/0001-57;SPRINGS GLOBAL PARTICIPACOES S.A.;2022;-166.578639505;-23.4047353046;85.9497379891;0.661184171056;-20.5101667837;225444000;-29.2480544515;-15.6772496771;1217445000;2695117000;-630785000;378671000
020966;07.718.269/0001-57;SPRINGS GLOBAL PARTICIPACOES S.A.;2023;147.121331532;-52.3299581477;135.569252673;0.24858493508;-100.407172055;38160000;-43.6161797864;-24.421648485;686442000;2036925000;-1065922000;-724519000
020966;07.718.269/0001-57;SPRINGS GLOBAL PARTICIPACOES S.A.;2024;64.457017236;-26.5479432964;141.187049036;0.245129790276;-86.617368584;48273000;-35.9934269756;13.4292622458;439368000;2310469000;-613382000;-951614000
026158;07.802.794/0001-56;ESSENTIA PCHS S.A.;2020;32.0525441242;7.36989371249;77.0068370114;0.351540068136;51.912568306;33774000;;;325191000;1245866000;91819000;286464000
026158;07.802.794/0001-56;ESSENTIA PCHS S.A.;2021;71.1125017235;12.7985752;82.0023555777;0.752883797054;69.853289426;60106000;10.3775934758;-15.9037970376;358938000;1047726000;134094000;188566000
026158;07.802.794/0001-56;ESSENTIA PCHS S.A.;2022;49.4461806663;7.32091182464;85.1941813786;0.713846781716;56.2981068585;83908000;-15.8818514618;-9.03365956366;301932000;953078000;69774000;141111000
026158;07.802.794/0001-56;ESSENTIA PCHS S.A.;2023;66.3825813235;11.1548612597;83.1961019934;0.655362033776;62.3338713975;76999000;8.12997628605;-4.39030173816;326479000;911235000;101647000;153123000
026158;07.802.794/0001-56;ESSENTIA PCHS S.A.;2024;69.7935058918;12.6669878773;81.8507643147;0.536379723119;60.9320592882;63882000;1.77530560924;-3.4273266501;332275000;880004000;111470000;159714000
026158;07.802.794/0001-56;ESSENTIA PCHS S.A.;2025;110.492002323;9.23851392806;91.6387487476;0.998515623209;61.34016379;129535000;2.4560981115;2.97998645461;340436000;906228000;83722000;75772000
020982;07.816.890/0001-53;MULTIPLAN - EMPREEND IMOBILIARIOS S.A.;2020;15.4656576753;9.12487774846;40.9990965786;1.84104262194;105.99809907;1223414000;;;1081576000;10564284000;963978000;6233023000
020982;07.816.890/0001-53;MULTIPLAN - EMPREEND IMOBILIARIOS S.A.;2021;7.11432137922;4.2457181551;40.3215299284;1.45071761563;47.463778521;553793000;19.1218185315;0.929319961485;1288393000;10662460000;452698000;6363193000
020982;07.816.890/0001-53;MULTIPLAN - EMPREEND IMOBILIARIOS S.A.;2022;11.6883095181;7.07332906083;39.4837290209;1.37388353562;59.4403664876;23589000;39.5230337327;2.01502279962;1797605000;10877311000;769388000;6582543000
020982;07.816.890/0001-53;MULTIPLAN - EMPREEND IMOBILIARIOS S.A.;2023;14.7181178881;8.84598008967;39.8973417871;1.41606499482;66.9292840007;157158000;12.9040584556;6.06411823658;2029569000;11536924000;1020554000;6933998000
020982;07.816.890/0001-53;MULTIPLAN - EMPREEND IMOBILIARIOS S.A.;2024;23.7520522005;10.7177695681;54.8764482427;1.42602758093;67.1775931128;49603000;25.3856853352;8.45005999866;2544789000;12511801000;1340986000;5645769000
020982;07.816.890/0001-53;MULTIPLAN - EMPREEND IMOBILIARIOS S.A.;2025;18.1165953025;8.67532486487;52.1139335508;1.25353470053;68.1102281713;191102000;7.63493554868;5.14018725202;2739082000;13154931000;1141233000;6299379000
020630;07.820.907/0001-46;FICA EMPREENDIMENTOS IMOBILIÁRIOS S.A.;2020;-14.3988286205;-12.7522321982;11.4356276173;2.88550866863;-721.026653504;95000;;;2026000;121069000;-15439000;107224000
020630;07.820.907/0001-46;FICA EMPREENDIMENTOS IMOBILIÁRIOS S.A.;2021;-6.95229752329;-5.99484978541;13.7716738197;2.1050232935;-155.138662316;2113000;142.053307009;-3.77388101;4904000;116500000;-6984000;100456000
020630;07.820.907/0001-46;FICA EMPREENDIMENTOS IMOBILIÁRIOS S.A.;2022;-8.12783225515;-6.92333082721;14.8194671117;1.68989719257;-224.944866454;320000;-16.7822185971;-6.38111587983;4081000;109066000;-7551000;92903000
020630;07.820.907/0001-46;FICA EMPREENDIMENTOS IMOBILIÁRIOS S.A.;2023;-16.0442168374;-13.6730392574;14.7790172869;2.18100358423;-521.022067364;578000;-36.7066895369;-13.8649991748;2583000;93944000;-12845000;80060000
020630;07.820.907/0001-46;FICA EMPREENDIMENTOS IMOBILIÁRIOS S.A.;2024;-0.804573097795;-0.6067569364;24.5864747327;2.05252861195;-14.1204627044;217000;-2.94231513744;12.1029549519;2507000;105314000;-639000;79421000
020630;07.820.907/0001-46;FICA EMPREENDIMENTOS IMOBILIÁRIOS S.A.;2025;-11.6310122846;-7.50560085623;35.4690660402;0.397754359553;19058.6206897;80000;-101.156761069;4.68788575118;-29000;110251000;-8275000;71146000
080020;07.857.850/0001-50;GP INVESTMENTS, LTD.;2020;-34.3871077794;-26.6502399669;22.4993269631;4.7464656843;113.323332736;217976000;;;-669960000;3116471000;-830547000;2415286000
080020;07.857.850/0001-50;GP INVESTMENTS, LTD.;2021;18.7860427746;15.3764022203;18.1498604855;6.60446729695;82.878121055;671870000;-215.753030032;27.5435259946;775499000;3974857000;611190000;3253426000
080020;07.857.850/0001-50;GP INVESTMENTS, LTD.;2022;-41.0926101134;-30.6680386265;25.3684822116;3.24611024032;118.448398961;213227000;-185.969420979;-30.415786027;-666692000;2765873000;-848239000;2064213000
080020;07.857.850/0001-50;GP INVESTMENTS, LTD.;2023;-3.7544542074;-2.85010031898;24.0874928408;4.97175990691;-3.06627859477;94217000;-123.499907004;-10.422604364;156672000;2477597000;-70614000;1880806000
080020;07.857.850/0001-50;GP INVESTMENTS, LTD.;2024;-15.2465521218;-12.6476823396;17.0456229149;2.93206649027;247.039441293;227691000;-184.264578227;14.9571136872;-132019000;2848174000;-360228000;2362685000
024473;07.859.510/0001-68;JHSF MALLS S.A.;2020;3.24289530723;1.62223317567;49.975777138;1.27581696481;100.757217665;112902000;;;107895000;3077671000;49927000;1539581000
024473;07.859.510/0001-68;JHSF MALLS S.A.;2021;-0.5499916996;-0.264497338302;51.90884908;2.063410226;43.9444880145;149368000;35.9052782798;2.968445945;146635000;3169030000;-8382000;1524023000
024473;07.859.510/0001-68;JHSF MALLS S.A.;2022;-4.39786654109;-1.98403774884;54.8863584127;2.03601481493;28.56680092;127517000;26.3149998295;1.59563020861;185222000;3219596000;-63878000;1452477000
020257;07.859.971/0001-30;TRANSMISSORA ALIANÇA DE ENERGIA ELÉTRICA S.A.;2020;37.5533198006;16.0429619283;57.2795108036;2.8042305348;89.7064992814;896031000;;;3561286000;14105419000;2262927000;6025904000
020257;07.859.971/0001-30;TRANSMISSORA ALIANÇA DE ENERGIA ELÉTRICA S.A.;2021;33.1158534433;13.9265527926;57.945964411;1.50669522203;98.9402223298;384824000;-2.5057521356;12.6916896265;3472049000;15895635000;2213714000;6684756000
020257;07.859.971/0001-30;TRANSMISSORA ALIANÇA DE ENERGIA ELÉTRICA S.A.;2022;22.0564689682;8.37257044438;62.0402954958;3.02458794127;93.3029672653;1083174000;-24.6405508678;8.89203860053;2616517000;17309081000;1449215000;6570476000
020257;07.859.971/0001-30;TRANSMISSORA ALIANÇA DE ENERGIA ELÉTRICA S.A.;2023;20.4786721982;7.03305153837;65.6567014194;2.00153633088;69.4527196563;1306121000;28.4958591899;12.3609970974;3362116000;19448656000;1367834000;6679310000
020257;07.859.971/0001-30;TRANSMISSORA ALIANÇA DE ENERGIA ELÉTRICA S.A.;2024;24.4097416761;8.29086823696;66.0345924714;1.22735480507;77.0106703947;750976000;10.5892241672;5.05143903003;3718138000;20431093000;1693915000;6939504000
020257;07.859.971/0001-30;TRANSMISSORA ALIANÇA DE ENERGIA ELÉTRICA S.A.;2025;20.7631323086;7.01958358174;66.1920779707;1.56637728903;59.1742243323;741596000;24.3663629483;10.1581104839;4624113000;22506506000;1579863000;7608982000
024902;07.882.930/0001-65;MITRE REALTY EMPREENDIMENTOS E PARTICIPAÇÕES S.A.;2020;4.87208095022;3.71505709621;23.7480424859;5.09458423298;9.25634585036;223197000;;;411253000;1321191000;49083000;1007434000
024902;07.882.930/0001-65;MITRE REALTY EMPREENDIMENTOS E PARTICIPAÇÕES S.A.;2021;2.75234613788;1.72759906378;37.2317660196;3.26985229206;7.05231395341;143619000;39.5724772828;19.9743261951;573996000;1585090000;27384000;994933000
024902;07.882.930/0001-65;MITRE REALTY EMPREENDIMENTOS E PARTICIPAÇÕES S.A.;2022;3.70704946949;1.80578715485;51.2877513583;2.83642913024;6.50017268061;227873000;32.1657293779;30.0336889388;758626000;2061151000;37220000;1004033000
024902;07.882.930/0001-65;MITRE REALTY EMPREENDIMENTOS E PARTICIPAÇÕES S.A.;2023;9.24723911016;4.38270729717;52.6052344385;2.62666151309;11.2516083904;198786000;22.1144542897;5.04989687801;926392000;2165237000;94896000;1026209000
024902;07.882.930/0001-65;MITRE REALTY EMPREENDIMENTOS E PARTICIPAÇÕES S.A.;2024;6.68177865984;3.1643173498;52.6425894827;2.26507070651;7.26108536439;236730000;27.3152186116;1.6186680719;1179438000;2200285000;69624000;1041998000
024902;07.882.930/0001-65;MITRE REALTY EMPREENDIMENTOS E PARTICIPAÇÕES S.A.;2025;7.40363035303;3.27655140825;55.7439897454;2.67894940612;8.5415631837;206924000;-10.5570619227;8.35378144195;1054924000;2384092000;78116000;1055104000
020184;07.950.674/0001-04;CCX CARVÃO DA COLÔMBIA S.A. - EM LIQUIDAÇÃO;2020;-7.84346401144;64.0290216529;916.336016325;0.109300654243;;31000;;;0;8821000;5648000;-72009000
020184;07.950.674/0001-04;CCX CARVÃO DA COLÔMBIA S.A. - EM LIQUIDAÇÃO;2021;1.57287661657;-24.3;1644.94;0.0608850247193;;33000;;-43.3170842308;0;5000000;-1215000;-77247000
020184;07.950.674/0001-04;CCX CARVÃO DA COLÔMBIA S.A. - EM LIQUIDAÇÃO;2022;10.6649181732;-946.555819477;8975.41567696;0.0111604480085;;31000;;-83.16;0;842000;-7970000;-74731000
025828;07.976.147/0001-60;MOVIDA LOCAÇÃO DE VEÍCULOS S.A.;2020;2.76320196641;1.40954391921;48.9887479689;0.716681947246;5.98166461748;55496000;;;3849497000;7450566000;105019000;3800627000
025828;07.976.147/0001-60;MOVIDA LOCAÇÃO DE VEÍCULOS S.A.;2021;17.5631884994;5.66726211411;67.7321568672;0.679452438985;28.078942761;98795000;20.7753116836;71.6549051441;4649242000;12789262000;724801000;4126819000
025828;07.976.147/0001-60;MOVIDA LOCAÇÃO DE VEÍCULOS S.A.;2022;10.5921525034;3.76618341905;64.4436443127;2.24492036387;21.7169753593;472294000;118.635855049;67.061453585;10164910000;21365927000;804680000;7596945000
025828;07.976.147/0001-60;MOVIDA LOCAÇÃO DE VEÍCULOS S.A.;2023;-6.33374284228;-2.30268998283;63.6440878613;1.36119636756;6.8308553847;63040000;6.13533223609;-5.46921741331;10788561000;20197378000;-465083000;7342941000
020435;08.065.557/0001-12;TECNISA S.A.;2020;-21.0894610197;-9.56957966105;54.6238775277;2.34914145271;-78.9168931673;101813000;;;180647000;1743807000;-166875000;791272000
020435;08.065.557/0001-12;TECNISA S.A.;2021;-28.074932626;-11.9275280004;57.5153815709;3.14015351335;-87.5289519892;103863000;-18.9784496836;-10.7465447724;146363000;1556408000;-185641000;661234000
020435;08.065.557/0001-12;TECNISA S.A.;2022;0.369761841221;0.143050127252;61.3129016288;3.63617244117;9.55183760486;113662000;62.1632516415;3.30376096756;237347000;1607828000;2300000;622022000
020435;08.065.557/0001-12;TECNISA S.A.;2023;-10.3203651072;-3.61905348134;64.9328929378;1.93384438028;-7.86809114202;83865000;84.1691700337;-5.02018872665;437120000;1527112000;-55267000;535514000
020435;08.065.557/0001-12;TECNISA S.A.;2024;-39.1533911529;-11.280440903;71.1891088591;1.34477710523;-22.8268306468;130821000;7.66517203514;-12.3135696661;470626000;1339070000;-151053000;385798000
020435;08.065.557/0001-12;TECNISA S.A.;2025;-34.2981335398;-8.35969453565;75.6263864156;1.44071205668;-16.3667212022;199508000;-54.4141207668;-10.5511287685;214539000;1197783000;-100131000;291943000
023230;08.070.508/0001-78;RAIZEN ENERGIA S.A.;2020;3.61060370627;0.610198163902;83.0998300134;1.08763692264;4.13865707797;6473747000;;;30710614000;44900004000;273979000;7588177000
023230;08.070.508/0001-78;RAIZEN ENERGIA S.A.;2021;8.5963394624;1.36446058335;84.1274231978;1.18373395881;5.47534098942;4042966000;4.49418236965;-3.05150975042;32090805000;43529876000;593948000;6909313000
023230;08.070.508/0001-78;RAIZEN ENERGIA S.A.;2022;8.51756719365;1.97699390111;76.7892186094;1.31341085573;4.59841687125;7305940000;56.9644014851;34.5641278647;50371140000;58575598000;1158036000;13595854000
023230;08.070.508/0001-78;RAIZEN ENERGIA S.A.;2023;2.90811765303;0.784579190584;73.0210643381;1.53391980849;3.00273447384;7885893000;55.7436004029;40.3033836718;78449827000;82183546000;644795000;22172246000
023230;08.070.508/0001-78;RAIZEN ENERGIA S.A.;2024;-6.56440013753;-1.37724735077;79.0194485115;1.40644723274;2.88961973412;13902766000;-14.7116959225;16.0303900735;66908527000;95357889000;-1313314000;20006611000
023230;08.070.508/0001-78;RAIZEN ENERGIA S.A.;2025;-40.3221138597;-5.75773621727;85.7206488794;1.7897939447;-1.2463678922;14250829000;31.0746371684;11.071454193;87700109000;105915394000;-6098329000;15124031000
020370;08.078.847/0001-09;LPS BRASIL - CONSULTORIA DE IMOVEIS S.A.;2020;7.53180544182;3.28307331862;56.4105400228;2.8905699346;21.3311746717;32116000;;;166770000;397798000;13060000;173398000
020370;08.078.847/0001-09;LPS BRASIL - CONSULTORIA DE IMOVEIS S.A.;2021;30.0261110323;13.2621710679;55.8312062004;1.7852031342;19.7536520942;41710000;33.4844396474;8.3313641597;222612000;430940000;57152000;190341000
020370;08.078.847/0001-09;LPS BRASIL - CONSULTORIA DE IMOVEIS S.A.;2022;14.4047054056;6.88892742565;52.1758534334;1.47377946565;15.5842757135;22446000;-12.4103821896;-9.00775049891;194985000;392122000;27013000;187529000
020370;08.078.847/0001-09;LPS BRASIL - CONSULTORIA DE IMOVEIS S.A.;2023;17.1488989354;8.84350330782;48.4310722156;1.56874885148;23.6806420976;31332000;-6.58101905275;1.72930873555;182153000;398903000;35277000;205710000
020370;08.078.847/0001-09;LPS BRASIL - CONSULTORIA DE IMOVEIS S.A.;2024;15.4545820781;8.43298747484;45.4337397659;1.54550435104;23.4975149209;52831000;5.59694322904;2.63547779786;192348000;409416000;34526000;223403000
020370;08.078.847/0001-09;LPS BRASIL - CONSULTORIA DE IMOVEIS S.A.;2025;22.7307438875;13.1213364669;42.2749359551;1.49761700133;24.6832202739;46663000;5.60962422276;-3.03578756082;203138000;396987000;52090000;229161000
023175;08.159.965/0001-33;IGUA SANEAMENTO S.A.;2020;-0.580919420735;-0.160373306792;72.3931924002;2.3899486333;22.0272654921;475012000;;;757661000;2933780000;-4705000;809923000
023175;08.159.965/0001-33;IGUA SANEAMENTO S.A.;2021;-1.6548771098;-0.44120940112;73.3388419896;0.632070289886;10.1394695658;557935000;39.6603494175;269.279836934;1058152000;10833858000;-47800000;2888432000
023175;08.159.965/0001-33;IGUA SANEAMENTO S.A.;2022;-20.183289884;-5.26471501468;73.9154763919;1.05537403172;10.5079443826;769131000;95.8278205778;7.13749432566;2072156000;11607124000;-611082000;3027663000
023175;08.159.965/0001-33;IGUA SANEAMENTO S.A.;2023;-14.2861688154;-3.15027456298;77.9487796646;2.40715309129;16.3946050136;204575000;13.1166765437;4.37616587882;2343954000;12115071000;-381658000;2671521000
023175;08.159.965/0001-33;IGUA SANEAMENTO S.A.;2024;-7.88926702456;-1.64950897384;79.091733507;1.01196031529;23.4593918692;972657000;11.9100460163;58.7836753082;2623120000;19236755000;-317312000;4022072000
023175;08.159.965/0001-33;IGUA SANEAMENTO S.A.;2025;-18.507574521;-3.4771053064;81.2125284032;0.712382557564;18.2676199424;241703000;31.8266415566;-6.42582909644;3457971000;18000634000;-625901000;3381864000
026026;08.170.849/0001-15;DESKTOP S.A.;2020;23.0795934839;6.57302176589;71.5202012962;1.17960982745;28.4368528782;54941000;;;167086000;404578000;26593000;115223000
026026;08.170.849/0001-15;DESKTOP S.A.;2021;3.44087855274;1.41676221696;58.8255675041;1.85318369605;19.7004522449;141493000;108.830183259;435.039967571;348926000;2164654000;30668000;891284000
026026;08.170.849/0001-15;DESKTOP S.A.;2022;5.77726556911;2.1814794804;62.2402769216;0.866260433946;30.8673049461;68629000;103.700784694;16.4554704817;710765000;2520858000;54992000;951869000
026026;08.170.849/0001-15;DESKTOP S.A.;2023;9.03909486962;3.58950440181;60.2891168465;1.26890215951;33.2737220838;329655000;38.7787806096;29.2770160001;986391000;3258890000;116978000;1294134000
026026;08.170.849/0001-15;DESKTOP S.A.;2024;7.30954812189;2.85037050202;61.0048329323;1.53082553072;31.7328731567;290953000;14.4416362274;7.73336933741;1128842000;3510912000;100074000;1369086000
026026;08.170.849/0001-15;DESKTOP S.A.;2025;5.61691646425;2.09345855433;62.7293984582;1.40502226584;31.3622699822;464637000;7.94663912222;9.8960042291;1218547000;3858352000;80773000;1438031000
026590;08.213.823/0001-07;AURA ALMAS MINERAÇÃO S.A.;2020;-2.01962049706;-2.00298375511;0.823755847792;0.435438792622;;779000;;;0;217176000;-4350000;215387000
026590;08.213.823/0001-07;AURA ALMAS MINERAÇÃO S.A.;2021;5.70391202515;1.92486531672;66.2535938802;30.7493538087;;398620000;;213.419070247;0;680671000;13102000;229702000
026590;08.213.823/0001-07;AURA ALMAS MINERAÇÃO S.A.;2022;6.20241245169;1.97362980036;68.1796427482;0.74786452953;;121790000;;8.35998595504;0;737575000;14557000;234699000
026590;08.213.823/0001-07;AURA ALMAS MINERAÇÃO S.A.;2023;22.5727103181;5.02052178358;77.7584449858;0.445654593001;8.85204916813;26101000;;20.9340067112;167995000;891979000;44782000;198390000
026590;08.213.823/0001-07;AURA ALMAS MINERAÇÃO S.A.;2024;36.8840134235;7.32579725098;80.1382860187;2.82211348271;49.8812163782;743232000;321.697669573;112.098715328;708431000;1891876000;138595000;375759000
026590;08.213.823/0001-07;AURA ALMAS MINERAÇÃO S.A.;2025;85.6739143905;17.1899839191;79.9355684383;1.12643542922;61.8274626443;236262000;53.6715643443;-2.21214286771;1088657000;1850025000;318019000;371197000
020605;08.294.224/0001-65;JHSF PARTICIPACOES S.A.;2020;16.6947545846;8.77300986715;47.4505011577;1.72479230684;69.7254282175;480160000;;;1170550000;7282039000;638854000;3826675000
020605;08.294.224/0001-65;JHSF PARTICIPACOES S.A.;2021;21.5820440519;11.6651611941;45.9496924104;2.41993827365;55.4691769272;421743000;71.4955362864;15.5106969353;2007441000;8411534000;981219000;4546460000
020605;08.294.224/0001-65;JHSF PARTICIPACOES S.A.;2022;12.2506600709;6.12391112077;50.0115823529;4.20724128579;46.9105595313;269036000;-5.24792509469;22.7093298321;1902092000;10321737000;632094000;5159673000
020605;08.294.224/0001-65;JHSF PARTICIPACOES S.A.;2023;9.53226580023;4.49414965731;52.853290587;2.18161492549;57.789270487;318126000;-16.2251878458;7.32756511816;1593474000;11078069000;497865000;5222945000
020605;08.294.224/0001-65;JHSF PARTICIPACOES S.A.;2024;14.7612941561;6.48082891904;56.0957945115;1.75305875968;76.1078353389;1126004000;0.907388510889;20.0005795234;1607933000;13293747000;861545000;5836514000
020605;08.294.224/0001-65;JHSF PARTICIPACOES S.A.;2025;26.1820042613;10.0550554294;61.5955473498;1.75766008314;70.7338188553;3661184000;116.373567804;39.788202679;3479142000;18583090000;1868540000;7136734000
020770;08.312.229/0001-73;EZ TEC EMPREEND. E PARTICIPACOES S.A.;2020;10.0344388551;8.79956323082;12.3063744978;5.50272488989;28.4139487609;77351000;;;936628000;4716450000;415027000;4136026000
020770;08.312.229/0001-73;EZ TEC EMPREEND. E PARTICIPACOES S.A.;2021;10.3486080876;8.90822930085;13.9185750837;4.68598927979;32.3359426058;62045000;2.26749574004;7.61267478718;957866000;5075498000;452137000;4369061000
020770;08.312.229/0001-73;EZ TEC EMPREEND. E PARTICIPACOES S.A.;2022;7.53714961013;6.18236538496;17.9747556471;4.91438584394;21.3818382891;49103000;17.0581271284;9.02563649912;1121260000;5533594000;342107000;4538944000
020770;08.312.229/0001-73;EZ TEC EMPREEND. E PARTICIPACOES S.A.;2023;5.23044957518;4.18579304123;19.9725954516;6.2362823506;17.4561380833;84186000;-3.39689278134;6.24769363275;1083172000;5879316000;246096000;4705064000
020770;08.312.229/0001-73;EZ TEC EMPREEND. E PARTICIPACOES S.A.;2024;8.77958094876;6.62979580715;24.4861930673;6.84166453091;21.4278894307;71381000;44.0713940168;9.98786253367;1560541000;6466534000;428718000;4883126000
020770;08.312.229/0001-73;EZ TEC EMPREEND. E PARTICIPACOES S.A.;2025;10.6954300057;7.60904016696;28.8570897768;8.32916045778;29.480285184;66575000;-3.95497458894;11.2904842068;1498822000;7196637000;547595000;5119897000
018139;08.324.196/0001-81;CIA ENERGETICA DO RIO GDE NORTE - COSERN;2020;25.7336343115;7.40740740741;71.2150747238;1.52402402402;16.7501789549;209000000;;;2794000000;4617000000;342000000;1329000000
018139;08.324.196/0001-81;CIA ENERGETICA DO RIO GDE NORTE - COSERN;2021;35.2280237938;10.2657935285;70.8590138675;0.929292929293;19.9115044248;167000000;29.4201861131;12.4539744423;3616000000;5192000000;533000000;1513000000
018139;08.324.196/0001-81;CIA ENERGETICA DO RIO GDE NORTE - COSERN;2022;41.3523131673;11.0288534548;73.3295368261;1.05326460481;25.4232505643;241000000;-1.99115044248;1.46379044684;3544000000;5268000000;581000000;1405000000
018139;08.324.196/0001-81;CIA ENERGETICA DO RIO GDE NORTE - COSERN;2023;37.9689521345;10.3691927221;72.6903373962;0.959944751381;25.234936429;361000000;2.08803611738;7.46013667426;3618000000;5661000000;587000000;1546000000
018139;08.324.196/0001-81;CIA ENERGETICA DO RIO GDE NORTE - COSERN;2024;35.6822549648;9.3174974908;73.887587822;1.47091722595;25.0520291363;347000000;6.24654505252;5.59971736442;3844000000;5978000000;557000000;1561000000
018139;08.324.196/0001-81;CIA ENERGETICA DO RIO GDE NORTE - COSERN;2025;41.0703547805;9.88995076745;75.9194902983;1.37537537538;25.4807692308;680000000;8.22060353798;15.5235864838;4160000000;6906000000;683000000;1663000000
020915;08.343.492/0001-20;MRV ENGENHARIA E PARTICIPACOES S.A.;2020;10.2905502201;3.43811031051;66.5896357632;2.36851355575;10.7387368031;1080705000;;;6646359000;18062015000;620992000;6034585000
020915;08.343.492/0001-20;MRV ENGENHARIA E PARTICIPACOES S.A.;2021;13.3382245963;4.31468201939;67.6517516387;2.37655237015;15.8890805368;947928000;6.9187054145;12.5091967867;7106201000;20321428000;876805000;6573626000
020915;08.343.492/0001-20;MRV ENGENHARIA E PARTICIPACOES S.A.;2022;-1.87796190869;-0.546264336933;70.9118521305;2.03475855357;5.45321983933;733748000;-6.48610980748;11.2191968005;6645285000;22601329000;-123463000;6574308000
020915;08.343.492/0001-20;MRV ENGENHARIA E PARTICIPACOES S.A.;2023;-0.243752447241;-0.0735450668646;69.8279678021;2.0727707316;0.940266476804;406767000;11.8073190239;10.9302112278;7429915000;25071702000;-18439000;7564642000
020915;08.343.492/0001-20;MRV ENGENHARIA E PARTICIPACOES S.A.;2024;-6.45340966636;-1.63807593075;74.6168922255;1.68206521138;4.81228011657;414563000;21.2535405856;17.386075345;9009035000;29430687000;-482097000;7470423000
020915;08.343.492/0001-20;MRV ENGENHARIA E PARTICIPACOES S.A.;2025;-16.9402214096;-3.65485474628;78.4249883287;2.02628656286;1.84477944545;255863000;21.0588703452;-3.06278952985;10906236000;28529287000;-1042704000;6155197000
021490;08.364.948/0001-38;ALUPAR INVESTIMENTO S/A;2020;22.9801909112;9.10461802998;60.3805814096;1.78345900907;54.04155359;674609000;;;6140745000;22576510000;2055505000;8944682000
021490;08.364.948/0001-38;ALUPAR INVESTIMENTO S/A;2021;21.2245030181;8.25358325209;61.1129492877;1.79798901353;72.2174586872;377119000;-14.7626550199;13.9234186329;5234208000;25719932000;2122816000;10001723000
021490;08.364.948/0001-38;ALUPAR INVESTIMENTO S/A;2022;16.0425580616;5.95649514983;62.8706648468;2.10048295771;74.7567368198;850481000;-26.7566745532;8.60743722029;3833708000;27933759000;1663873000;10371619000
021490;08.364.948/0001-38;ALUPAR INVESTIMENTO S/A;2023;10.8289466628;4.04762526876;62.6221700522;1.6682168166;71.1997501949;823209000;-13.6245900835;1.79826137972;3311381000;28436081000;1150986000;10628790000
021490;08.364.948/0001-38;ALUPAR INVESTIMENTO S/A;2024;15.8647632879;6.06049013726;61.7990509705;2.04456008191;72.2778818342;807229000;20.8590615215;7.92287446361;4002104000;30689036000;1859906000;11723503000
021490;08.364.948/0001-38;ALUPAR INVESTIMENTO S/A;2025;13.7811876964;5.39694820217;60.8382940493;2.44688316879;70.8185961291;685881000;9.88927324227;4.64426448586;4397883000;32114316000;1733193000;12576514000
026603;08.397.078/0001-01;GSH CORP PARTICIPAÇÕES S.A.;2020;129.869495739;87.4099967136;32.6939738878;3.08743042672;49.3803062763;2699000;;;63015000;33471000;29257000;22528000
026603;08.397.078/0001-01;GSH CORP PARTICIPAÇÕES S.A.;2021;22.8411630926;3.62060189161;84.1487849068;2.53850249311;21.2752121619;91252000;190.40228517;1831.01192077;182997000;646329000;23401000;102451000
026603;08.397.078/0001-01;GSH CORP PARTICIPAÇÕES S.A.;2022;9.30544741858;1.4191870043;84.7488579489;1.93546746053;16.2037795104;123006000;160.309185396;13.3591406234;476358000;732673000;10398000;111741000
026603;08.397.078/0001-01;GSH CORP PARTICIPAÇÕES S.A.;2023;9.60578824245;1.47035673029;84.6930132834;1.39879018096;18.0054202582;168568000;11.5421594683;23.1144043796;531340000;902026000;13263000;138073000
026603;08.397.078/0001-01;GSH CORP PARTICIPAÇÕES S.A.;2024;5.58889913657;1.02625070848;81.6376949485;3.62880299252;14.1674746271;273672000;26.9503519404;30.268307122;674538000;1175054000;12059000;215767000
026603;08.397.078/0001-01;GSH CORP PARTICIPAÇÕES S.A.;2025;-18.0532986675;-2.60937415731;85.5462749198;2.01081810034;10.733468003;190977000;6.70799865982;-2.167389754;719786000;1149586000;-29997000;166158000
004669;08.402.943/0001-52;GUARARAPES CONFECCOES S.A.;2020;-0.540126265504;-0.196389681564;63.6400423185;1.71263941801;-0.503044494387;2921946000;;;6245372000;13826592000;-27154000;5027343000
004669;08.402.943/0001-52;GUARARAPES CONFECCOES S.A.;2021;8.60350289598;3.12967829848;63.6232086358;1.45146598293;5.69949707672;1725775000;15.6245136399;4.71431427209;7221181000;14478421000;453128000;5266785000
004669;08.402.943/0001-52;GUARARAPES CONFECCOES S.A.;2022;0.987633115768;0.341480806092;65.4243260336;1.61771491074;4.2860437873;2044149000;17.1368367584;5.1353528123;8458663000;15221939000;51980000;5263088000
004669;08.402.943/0001-52;GUARARAPES CONFECCOES S.A.;2023;-0.655924137951;-0.240039213411;63.4044244566;1.65651220936;4.86658573029;1285983000;3.98080642295;-6.2362028911;8795386000;14272668000;-34260000;5223165000
004669;08.402.943/0001-52;GUARARAPES CONFECCOES S.A.;2024;4.35149029725;1.72473699811;60.364452629;1.47819895065;7.9076046425;1158206000;9.53705727071;-4.47989822225;9634207000;13633267000;235138000;5403620000
004669;08.402.943/0001-52;GUARARAPES CONFECCOES S.A.;2025;27.5592634164;9.91864944223;64.0097440473;1.56370871507;22.6323481863;1415443000;8.95599399099;9.09101978271;10497046000;14872670000;1475168000;5352712000
011215;08.424.178/0001-71;TECBLU TECELAGEM BLUMENAU S.A.;2020;11.1660786104;-54.5569620253;588.595539482;0.00487804878049;;1000;;;0;16590000;-9051000;-81058000
011215;08.424.178/0001-71;TECBLU TECELAGEM BLUMENAU S.A.;2021;12.1602583554;-67.1433700335;652.154140737;0.0196078431373;;1000;;0.735382760699;0;16712000;-11221000;-92276000
011215;08.424.178/0001-71;TECBLU TECELAGEM BLUMENAU S.A.;2022;14.2587256455;-94.0169864737;759.364580057;0.00392927308448;;2000;;-4.88870272858;0;15895000;-14944000;-104806000
011215;08.424.178/0001-71;TECBLU TECELAGEM BLUMENAU S.A.;2023;14.0814703688;-161.940228151;1250.02356934;0;-3913.63636364;0;;-33.2683233721;22000;10607000;-17177000;-121983000
011215;08.424.178/0001-71;TECBLU TECELAGEM BLUMENAU S.A.;2024;13.4045725646;-186.902286902;1494.31739432;0;-3368.18181818;0;0;-4.77043461865;22000;10101000;-18879000;-140840000
011215;08.424.178/0001-71;TECBLU TECELAGEM BLUMENAU S.A.;2025;14.0905928448;-237.996082878;1789.04236677;0.0424646128226;54.963898917;2000;4936.36363636;-3.96000396;1108000;9701000;-23088000;-163854000
020540;08.439.659/0001-50;CPFL ENERGIAS RENOVÁVEIS S.A.;2020;13.5008136441;6.56928815446;51.3415389054;0.417181413012;39.3253546648;326991000;;;2198696000;12269305000;806006000;5970055000
020540;08.439.659/0001-50;CPFL ENERGIAS RENOVÁVEIS S.A.;2021;25.4440885178;12.5105636086;50.8311582869;0.646029002568;51.3958441931;89588000;55.8306377962;-3.22752592751;3426242000;11873310000;1485418000;5837969000
020540;08.439.659/0001-50;CPFL ENERGIAS RENOVÁVEIS S.A.;2022;22.439522838;11.3000045241;49.6424028011;0.988649859055;54.5886266543;505371000;4.91678637995;-1.89154498619;3594703000;11648721000;1316306000;5866016000
020540;08.439.659/0001-50;CPFL ENERGIAS RENOVÁVEIS S.A.;2023;28.2825199468;12.0720132557;57.3163449425;0.308331695731;56.9089185625;474765000;1.24897661921;-1.69638366306;3639600000;11451114000;1382380000;4887754000
020540;08.439.659/0001-50;CPFL ENERGIAS RENOVÁVEIS S.A.;2024;23.8956179492;11.1886192054;53.1771087517;0.735638562496;48.5181376885;227864000;-0.224090559402;-6.00384381816;3631444000;10763607000;1204299000;5039832000
020540;08.439.659/0001-50;CPFL ENERGIAS RENOVÁVEIS S.A.;2025;23.1365422414;10.4307973807;54.9163514934;0.600039907069;48.1528090216;414259000;-2.03370890478;-3.37472373341;3557591000;10400365000;1084841000;4688864000
020648;08.467.115/0001-00;CIA ESTADUAL DE DISTRIB ENER ELET-CEEE-D;2020;28.2592365452;-40.4222409526;243.040810349;0.505201011569;-19.4647803565;30679000;;;3514445000;4014864000;-1622898000;-5742894000
020648;08.467.115/0001-00;CIA ESTADUAL DE DISTRIB ENER ELET-CEEE-D;2021;14.8328718057;-5.84591919003;139.41191744;1.15975055968;0.801687703289;516741000;39.084919525;67.9695003367;4888063000;6743747000;-394234000;-2657840000
020648;08.467.115/0001-00;CIA ESTADUAL DE DISTRIB ENER ELET-CEEE-D;2022;9.69782380822;-3.8914274035;140.12681072;1.1495495989;5.69264671915;415108000;-8.59381313211;1.42666977275;4467992000;6839958000;-266172000;-2744657000
020648;08.467.115/0001-00;CIA ESTADUAL DE DISTRIB ENER ELET-CEEE-D;2023;13.4607450704;-5.90130028584;143.840814568;1.08534244605;6.37382676433;464985000;7.27044721656;11.8699266867;4792835000;7651856000;-451559000;-3354636000
020648;08.467.115/0001-00;CIA ESTADUAL DE DISTRIB ENER ELET-CEEE-D;2024;12.1295702356;-5.34399189941;144.057553529;1.14850860609;5.33079849618;83929000;11.4160616837;7.32999941452;5339988000;8212737000;-438888000;-3618331000
020648;08.467.115/0001-00;CIA ESTADUAL DE DISTRIB ENER ELET-CEEE-D;2025;16.5064246731;-7.04757652286;142.695960285;1.53126328592;5.77775383521;466065000;16.8007680916;21.7320851745;6237147000;9997536000;-704584000;-4268544000
021709;08.493.364/0001-62;CIA MINEIRA DE AÇUCAR E ALCOOL PARTICIPAÇÕES;2020;21.1315699902;2.45005308491;88.4057214583;1.419627204;15.1314002864;453381000;;;972144000;2356602000;57738000;273231000
021709;08.493.364/0001-62;CIA MINEIRA DE AÇUCAR E ALCOOL PARTICIPAÇÕES;2021;66.8182611268;5.35690935818;91.9828662587;0.933435028609;22.2474827364;512176000;41.44046561;39.5433764378;1375005000;3288482000;176161000;263642000
021709;08.493.364/0001-62;CIA MINEIRA DE AÇUCAR E ALCOOL PARTICIPAÇÕES;2022;16.3429227296;1.53850471936;90.586110301;1.08063124196;21.0859253796;891989000;30.7421427558;44.0957256266;1797711000;4738562000;72903000;446083000
021709;08.493.364/0001-62;CIA MINEIRA DE AÇUCAR E ALCOOL PARTICIPAÇÕES;2023;13.1985813103;1.59196776221;87.9383418204;1.30674363144;18.1857444428;794555000;20.5546942751;4.23617966801;2167225000;4939296000;78632000;595761000
021636;08.534.605/0001-74;RENOVA ENERGIA S.A. - EM RECUPERAÇÃO JUDICIAL;2020;-2.02539279565;0.976694129387;148.222454996;1.37589615993;-3.93208221626;29374000;;;70497000;2296932000;22434000;-1107637000
021636;08.534.605/0001-74;RENOVA ENERGIA S.A.;2021;-4.68275041201;1.34550618822;128.733245846;1.01283816507;334.404980173;354110000;33.072329319;-0.706551173478;93812000;2280703000;30687000;-655320000
021636;08.534.605/0001-74;RENOVA ENERGIA S.A.;2022;85.3076198568;27.6120932953;67.6323248244;0.341612488694;485.705634124;63773000;120.017694964;23.4013810654;206403000;2814419000;777120000;910962000
021636;08.534.605/0001-74;RENOVA ENERGIA S.A.;2023;-0.99011811108;-0.300311624511;69.6691110737;0.317144462155;87.915975386;17600000;10.3850234735;9.29921948367;227838000;3076138000;-9238000;933020000
021636;08.534.605/0001-74;RENOVA ENERGIA S.A.;2024;-14.3475527329;-3.82410220864;73.3466586266;0.794913440804;6.48700361846;144216000;13.7764552006;-0.480862692116;259226000;3061346000;-117069000;815951000
021636;08.534.605/0001-74;RENOVA ENERGIA S.A.;2025;-13.6304861255;-5.36374766373;60.6488894502;0.837613106851;-0.41673301512;35730000;98.6521413747;-1.20087699986;514958000;3024583000;-162231000;1190207000
021393;08.560.444/0001-93;CIA CELG DE PARTICIPACOES - CELGPAR;2020;11.7309154831;8.18273845139;30.2463779303;4.22519474222;86.0766313249;4600000;;;278424000;2033989000;166436000;1418781000
021393;08.560.444/0001-93;CIA CELG DE PARTICIPACOES - CELGPAR;2021;10.701702313;7.63153944813;28.6885466914;4.07725365117;81.7195368688;2732000;-2.71959313852;9.40206657951;270852000;2225226000;169819000;1586841000
021393;08.560.444/0001-93;CIA CELG DE PARTICIPACOES - CELGPAR;2022;;;;;;0;-100;-100;0;0;0;0
021393;08.560.444/0001-93;CIA CELG DE PARTICIPACOES - CELGPAR;2023;;;;;;0;;;0;0;0;0
021393;08.560.444/0001-93;CIA CELG DE PARTICIPACOES - CELGPAR;2024;4.7840685896;4.43818262543;7.22995412165;25.293504723;50.8483241205;67000;;;31297000;844625000;37486000;783559000
021393;08.560.444/0001-93;CIA CELG DE PARTICIPACOES - CELGPAR;2025;0;0;21.2470826721;1.65663526826;;105000;-100;-11.2233239603;0;749830000;0;590513000
024546;08.574.411/0001-00;PRÁTICA PRODUTOS S.A.;2020;9.95116369358;3.50662442396;64.7616647465;1.71206297583;5.0813176611;32665000;;;120638000;138880000;4870000;48939000
024546;08.574.411/0001-00;PRÁTICA PRODUTOS S.A.;2021;31.1204683489;11.2544579677;63.8358335692;1.52083614295;16.9771698728;21358000;47.6300999685;27.196140553;178098000;176650000;19881000;63884000
024546;08.574.411/0001-00;PRÁTICA PRODUTOS S.A.;2022;23.2343302454;8.11533071054;65.0718113032;1.6258852108;10.6283376798;34676000;39.733742097;25.6161902066;248863000;221901000;18008000;77506000
024546;08.574.411/0001-00;PRÁTICA PRODUTOS S.A.;2023;37.4326935463;11.7132296332;68.7085578849;1.69394297603;15.1515055768;33859000;27.1743891217;11.8007579957;316490000;248087000;29059000;77630000
024546;08.574.411/0001-00;PRÁTICA PRODUTOS S.A.;2024;32.1200007877;10.9436797842;65.9287686306;1.88544446726;14.6404661029;64007000;6.9436633069;20.159057105;338466000;298099000;32623000;101566000
024546;08.574.411/0001-00;PRÁTICA PRODUTOS S.A.;2025;20.4034628711;5.75766386737;71.7809476571;2.21211733674;9.79477587941;75366000;14.8407816442;17.6796970134;388697000;350802000;20198000;98993000
021180;08.613.550/0001-98;NEXPE PARTICIPAÇÕES S.A;2020;425.558585714;-86.6856711254;120.369856005;0.706847793152;-171.311305991;8957000;;;101601000;205215000;-177892000;-41802000
021180;08.613.550/0001-98;NEXPE PARTICIPAÇÕES S.A;2021;-742.065746753;-45.9767658226;93.8042193668;0.345982944345;-38.3334379818;12816000;41.0783358432;-22.4832492752;143337000;159076000;-73138000;9856000
021180;08.613.550/0001-98;NEXPE PARTICIPAÇÕES S.A;2022;173.595292112;-105.336054003;160.679096029;0.486558442853;-113.079603769;10364000;-16.1186574297;-10.0417410546;120233000;143102000;-150738000;-86833000
021180;08.613.550/0001-98;NEXPE PARTICIPAÇÕES S.A;2023;34.9139623849;-39.9940016495;214.550165371;0.456250324322;-25.9403383485;7925000;-4.03300258664;-16.120669173;115384000;120033000;-48006000;-137498000
021180;08.613.550/0001-98;NEXPE PARTICIPAÇÕES S.A;2024;26.073959375;-132.644074287;608.722409124;0.131872035199;-24.2693051291;6363000;-0.931671635582;-69.540876259;114309000;36561000;-48496000;-185994000
021180;08.613.550/0001-98;NEXPE PARTICIPAÇÕES S.A;2025;-104.466158987;986.96889052;1044.77379095;0.0316735000469;17762.5189681;565000;-99.4234924634;-70.1950165477;659000;10897000;107550000;-102952000
021008;08.764.621/0001-53;GENERAL SHOPPING E OUTLETS DO BRASIL BRASIL S.A.;2020;100.932836219;-27.9289254549;127.67080219;0.904220375345;17.6877567252;113487000;;;91781000;1693377000;-472942000;-468571000
021008;08.764.621/0001-53;GENERAL SHOPPING E OUTLETS DO BRASIL BRASIL S.A.;2021;35.3731719999;-14.8584458855;142.004844478;1.17709588753;38.5521962874;269294000;42.2778134908;1.93176120852;130584000;1726089000;-256470000;-725041000
021008;08.764.621/0001-53;GENERAL SHOPPING E OUTLETS DO BRASIL BRASIL S.A.;2022;10.6886684495;-5.79717890936;154.236680057;0.906453527002;31.1423287805;127042000;18.0198186608;-13.2839036689;154115000;1496797000;-86772000;-811813000
021008;08.764.621/0001-53;GENERAL SHOPPING E OUTLETS DO BRASIL BRASIL S.A.;2023;-12.9639267068;6.10063144302;147.058515379;1.48933760531;32.291686112;92525000;4.27732537391;2.02699497661;160707000;1527137000;93165000;-718648000
021008;08.764.621/0001-53;GENERAL SHOPPING E OUTLETS DO BRASIL BRASIL S.A.;2024;53.1494553809;-66.8385588277;225.755867767;1.12909859359;-55.2794583693;144988000;12.3112247755;-20.1278601723;180492000;1219757000;-815268000;-1533916000
021008;08.764.621/0001-53;GENERAL SHOPPING E OUTLETS DO BRASIL BRASIL S.A.;2025;-1.46651620047;2.09502155973;242.857034859;0.590767968421;-6.10024764839;79359000;5.37253728697;-13.2431295742;190189000;1058223000;22170000;-1511746000
020818;08.769.451/0001-08;VIRGO COMPANHIA DE SECURITIZAÇÃO;2020;-11.7516629712;-0.968523002421;91.75841747;1.89510644589;22.0160701242;9971000;;;20535000;43778000;-424000;3608000
020818;08.769.451/0001-08;VIRGO COMPANHIA DE SECURITIZAÇÃO;2021;-48.7199200431;-13.5186449356;72.2523252837;1.52795411516;3.70800433504;8797000;25.8144631118;7.0766138243;25836000;46876000;-6337000;13007000
020818;08.769.451/0001-08;VIRGO COMPANHIA DE SECURITIZAÇÃO;2022;27.8305813792;14.5679371017;47.6549307283;2.08749604806;15.2284263959;12298000;-22.224802601;17.4865602867;20094000;55073000;8023000;28828000
020818;08.769.451/0001-08;VIRGO COMPANHIA DE SECURITIZAÇÃO;2023;48.6403209463;28.1530156678;42.120004309;3.58260457275;12.9429735234;17092000;-2.25938090972;51.7022860567;19640000;83547000;23521000;48357000
020818;08.769.451/0001-08;VIRGO COMPANHIA DE SECURITIZAÇÃO;2024;36.1301976341;25.8833081715;28.3610113799;4.17606239253;20.467755328;25752000;47.1690427699;-5.65430236873;28904000;78823000;20402000;56468000
025224;08.773.135/0001-00;2W ECOBANK S.A.;2020;33.7495020073;9.16929491812;72.831317878;1.10538516783;12.345602462;22194000;;;790249000;600526000;55064000;163155000
025224;08.773.135/0001-00;2W ECOBANK S.A. - EM RECUPERAÇÃO JUDICIAL;2021;-227.551632912;-4.98182586315;97.8106833164;1.38995536997;-7.62842704004;343439000;55.9745093002;242.128067727;1232587000;2054568000;-102355000;44981000
025224;08.773.135/0001-00;2W ECOBANK S.A. - EM RECUPERAÇÃO JUDICIAL;2022;70.9284022069;3.42364509336;95.1730971137;1.19871835512;15.4566799964;191170000;-7.12168796199;26.8362010895;1144806000;2605936000;89218000;125786000
025224;08.773.135/0001-00;2W ECOBANK S.A. - EM RECUPERAÇÃO JUDICIAL;2023;287.598170921;-7.54334134037;102.622875283;0.487055039328;3.53689516423;24020000;-4.13327672986;13.2633341724;1097488000;2951570000;-222647000;-77416000
025224;08.773.135/0001-00;2W ECOBANK S.A. - EM RECUPERAÇÃO JUDICIAL;2024;85.8072213977;-22.3625490675;126.061383533;0.137494458679;-7.74158375358;8363000;-51.1975529573;-38.3312948702;535601000;1820195000;-407042000;-474368000
023930;08.773.191/0001-36;BRASILIANA PARTICIPAÇÕES S/A;2020;548.303152247;-536.289687746;197.808974023;2.85692695214;;90000;;;0;15244000;-81752000;-14910000
023930;08.773.191/0001-36;BRASILIANA PARTICIPAÇÕES S/A;2021;56.6128328241;-134.135410921;336.93463872;0.279387774686;;56000;;-4.85436893204;0;14504000;-19455000;-34365000
023930;08.773.191/0001-36;BRASILIANA PARTICIPAÇÕES S/A;2022;38.5693070193;-77.8560335175;301.860078737;0.187405082515;;707000;;90.8921676779;0;27687000;-21556000;-55889000
023930;08.773.191/0001-36;BRASILIANA PARTICIPAÇÕES S/A;2023;-4.65320949742;9.56983864135;305.661031309;0.325174108972;;96000;;-6.21230180229;0;25967000;2485000;-53404000
023612;08.795.211/0001-70;MAESTRO LOCADORA DE VEICULOS S.A.;2020;2.10928875572;0.44383238898;78.9581967961;0.874713885245;15.0452831459;23747000;;;118808000;241082000;1070000;50728000
023612;08.795.211/0001-70;MAESTRO LOCADORA DE VEICULOS S.A.;2021;12.810023891;2.73376175595;78.659198615;0.369376615059;32.1563154222;22590000;-21.6003972796;13.085174339;93145000;272628000;7453000;58181000
023612;08.795.211/0001-70;MAESTRO LOCADORA DE VEICULOS S.A.;2022;15.6924752985;4.06452447298;74.0988951987;0.51111443152;42.8511818106;20473000;15.7796983198;-6.40763237819;107843000;255159000;10371000;66089000
023612;08.795.211/0001-70;MAESTRO LOCADORA DE VEICULOS S.A.;2023;13.791702773;3.79304694948;72.4976167779;0.518021707966;24.2630346834;17377000;63.1927895181;5.24574872922;175992000;268544000;10186000;73856000
023612;08.795.211/0001-70;MAESTRO LOCADORA DE VEICULOS S.A.;2024;-12.8843315705;-3.1702261259;75.3947179289;0.556215761549;11.9342745473;26987000;-28.7638074458;-1.5557971878;125370000;264366000;-8381000;65048000
023612;08.795.211/0001-70;MAESTRO LOCADORA DE VEICULOS S.A.;2025;-20.183282832;-5.3853927876;73.3175577411;0.378582477851;16.9939255678;3505000;-11.890404403;-23.2711468192;110463000;202845000;-10924000;54124000
025100;08.797.760/0001-83;CURY CONSTRUTORA E INCORPORADORA S.A.;2020;29.576874999;11.5520528822;60.9422804722;2.24656539902;19.658036031;291125000;;;1144682000;1644712000;189998000;642387000
025100;08.797.760/0001-83;CURY CONSTRUTORA E INCORPORADORA S.A.;2021;42.7058163851;12.1369694702;71.5800551364;1.68043149459;21.6515608686;473052000;51.8583327072;57.9560433681;1738295000;2597922000;315309000;738328000
025100;08.797.760/0001-83;CURY CONSTRUTORA E INCORPORADORA S.A.;2022;39.697042887;12.4512628684;68.6342811383;1.93306703788;19.0245931633;562264000;29.8567849531;7.71805312092;2257294000;2798431000;348440000;877748000
025100;08.797.760/0001-83;CURY CONSTRUTORA E INCORPORADORA S.A.;2023;49.7112279083;16.0286970698;67.7563847358;2.03357668527;20.1630394862;643630000;27.8598179945;10.4913074505;2886172000;3092023000;495611000;996980000
025100;08.797.760/0001-83;CURY CONSTRUTORA E INCORPORADORA S.A.;2024;53.3632064414;16.1042750032;69.8213880365;2.18097066718;20.8765991478;975224000;36.038669906;40.3383804066;3926310000;4339295000;698812000;1309539000
025100;08.797.760/0001-83;CURY CONSTRUTORA E INCORPORADORA S.A.;2025;65.0532413508;19.1217628057;70.6059799501;1.84198658026;23.4850976697;1355394000;37.5190445991;30.3067664217;5399424000;5654395000;1081220000;1662054000
021040;08.801.621/0001-86;SYN PROP & TECH S.A.;2020;4.35307557913;2.59881733314;40.2992829805;2.56822923176;50.2202235547;156076000;;;486324000;4924971000;127991000;2940243000
021040;08.801.621/0001-86;SYN PROP & TECH S.A.;2021;50.6107415545;28.6986716426;43.2952951071;2.77775396097;70.8654653373;447021000;374.192513633;-0.651496222008;2306112000;4892885000;1404193000;2774496000
021040;08.801.621/0001-86;SYN PROP & TECH S.A.;2022;-1.27944582078;-0.808303744935;36.8239422224;4.83589808675;30.1235619042;132395000;-79.424286418;-16.7142289263;474499000;4075077000;-32939000;2574474000
021040;08.801.621/0001-86;SYN PROP & TECH S.A.;2023;0.216186633071;0.138495335334;35.9371421965;5.27909689033;40.5838835153;165346000;-10.4933835477;-1.73272799508;424708000;4004467000;5546000;2565376000
021040;08.801.621/0001-86;SYN PROP & TECH S.A.;2024;35.8502250601;20.9628450814;41.5266011683;5.20853714374;61.4723846855;268587000;219.68858604;-21.3835449262;1357743000;3148170000;659946000;1840842000
021040;08.801.621/0001-86;SYN PROP & TECH S.A.;2025;5.56598450205;3.28570688758;40.9680913346;1.29521339198;47.4277238782;167881000;-75.86678775;-27.6225235613;327667000;2278566000;74867000;1345081000
021016;08.807.432/0001-10;YDUQS PARTICIPACOES S.A.;2020;3.06339936517;1.05966736411;65.4087750961;2.11669611253;9.24762120508;28407000;;;3853737000;9265266000;98181000;3204969000
021016;08.807.432/0001-10;YDUQS PARTICIPACOES S.A.;2021;4.87943548586;1.5980427964;67.2494328282;1.59359979078;12.446935791;905461000;13.9511596147;6.82688440893;4391378000;9897795000;158171000;3241584000
021016;08.807.432/0001-10;YDUQS PARTICIPACOES S.A.;2022;-1.87307077325;-0.612694570917;67.2892994933;1.89638871409;13.5251065731;401050000;3.95233569053;-8.5735055131;4564940000;9049207000;-55444000;2960059000
021016;08.807.432/0001-10;YDUQS PARTICIPACOES S.A.;2023;5.05877330856;1.66513487451;67.0842164108;1.47483787063;15.630059434;501971000;12.7629716929;2.63436343096;5147562000;9287596000;154651000;3057085000
021016;08.807.432/0001-10;YDUQS PARTICIPACOES S.A.;2024;10.8700971022;3.43322039792;68.4159178558;1.75215490536;17.1438127653;677472000;3.96737329244;7.00749688079;5351785000;9938424000;341208000;3138960000
021016;08.807.432/0001-10;YDUQS PARTICIPACOES S.A.;2025;6.07056773455;1.81645275088;70.077712163;1.4060398714;16.0700612488;982314000;3.17566942618;-0.193753053804;5521740000;9919168000;180177000;2968042000
026115;08.810.422/0001-34;GUARARAPES PAINÉIS S.A.;2020;6.58059789901;5.21650021837;20.7290842195;2.78593497548;24.7198753386;221557000;;;632754000;1646257000;85877000;1305003000
026115;08.810.422/0001-34;GUARARAPES PAINÉIS S.A.;2021;27.104942685;17.6931290509;34.7236064784;4.74768439193;55.2641880405;581377000;42.5139943801;46.9435817129;901763000;2419069000;428009000;1579081000
026115;08.810.422/0001-34;GUARARAPES PAINÉIS S.A.;2022;9.60754232142;4.73887596022;50.6754609901;4.42392800245;18.7641729019;589199000;77.6129648256;42.8530562791;1601648000;3455714000;163762000;1704515000
021130;08.811.643/0001-27;TRISUL S.A.;2020;15.139417924;8.43520215205;44.2831805397;3.68016342366;22.6513151907;478720000;;;878960000;2176901000;183626000;1212900000
021130;08.811.643/0001-27;TRISUL S.A.;2021;10.3813237653;5.63937326527;45.6777055338;3.51203510388;20.4886322096;387514000;-11.9230681715;7.49524208956;774161000;2340065000;131965000;1271177000
021130;08.811.643/0001-27;TRISUL S.A.;2022;5.33055249007;2.70864643405;49.1863847304;3.99581129112;15.0086153603;310361000;-1.79432960327;10.0418150778;760270000;2575050000;69749000;1308476000
021130;08.811.643/0001-27;TRISUL S.A.;2023;9.3594228278;4.72107937737;49.5580073234;2.6949332978;15.5360230823;362013000;37.6734581136;7.09454185356;1046690000;2757738000;130195000;1391058000
021130;08.811.643/0001-27;TRISUL S.A.;2024;11.7498187233;5.746543903;51.0924888434;4.74085557201;14.8746485839;449769000;28.6621635823;10.329335129;1346694000;3042594000;174844000;1488057000
021130;08.811.643/0001-27;TRISUL S.A.;2025;14.4157948322;6.20681198307;56.9443651544;2.96723702505;15.1023214923;526805000;2.36891231416;12.8393732453;1378596000;3433244000;213095000;1478205000
024104;08.822.767/0001-08;CONCESSIONÁRIA DA RODOVIA MG-050 S.A.;2020;-40.1458711423;-8.32996693145;79.2507505892;0.145973873333;-6.31757393106;25723000;;;238905000;985226000;-82069000;204427000
024104;08.822.767/0001-08;CONCESSIONÁRIA DA RODOVIA MG-050 S.A.;2021;-17.3026200106;-6.71776132113;61.1748896003;1.34966761034;-10.5170437948;158737000;-6.86046754986;12.9921459645;222515000;1113228000;-74784000;432212000
024104;08.822.767/0001-08;CONCESSIONÁRIA DA RODOVIA MG-050 S.A.;2022;-8.38091577907;-3.23483263829;61.4023965451;0.548702404868;-3.73659619631;77179000;47.3572568141;1.73540370885;327892000;1132547000;-36636000;437136000
024104;08.822.767/0001-08;CONCESSIONÁRIA DA RODOVIA MG-050 S.A.;2023;-8.93899070328;-3.34906896747;62.534148668;0.43235385283;9.95517064604;50753000;-16.1178070828;-1.97148551009;275043000;1110219000;-37182000;415953000
024104;08.822.767/0001-08;CONCESSIONÁRIA DA RODOVIA MG-050 S.A.;2024;-13.444408686;-4.61382659799;65.6821902269;0.503290214579;2.05748589419;63550000;-8.30488323644;-3.76502293692;252201000;1068419000;-49295000;366658000
024104;08.822.767/0001-08;CONCESSIONÁRIA DA RODOVIA MG-050 S.A.;2025;5.07646916024;2.02707111153;60.0692716227;0.738423163983;23.6631220071;43366000;37.7008814398;0.417345629383;347283000;1072878000;21748000;428408000
023396;08.827.501/0001-58;AEGEA SANEAMENTO E PARTICIPAÇÕES S.A.;2020;25.0350582772;4.75895386615;80.9908416691;2.69267392405;37.5406614056;81948000;;;2836535000;10526263000;500940000;2000954000
023396;08.827.501/0001-58;AEGEA SANEAMENTO E PARTICIPAÇÕES S.A.;2021;9.1622622134;3.64410647786;60.2270007888;3.44989536964;40.3205180024;105689000;30.834980002;52.9577685832;3711180000;16100737000;586728000;6403746000
023396;08.827.501/0001-58;AEGEA SANEAMENTO E PARTICIPAÇÕES S.A.;2022;7.00004097185;2.42640418348;65.3372859783;1.68357333464;43.7720609101;74054000;24.8671581545;6.70773642225;4634045000;17180732000;416874000;5955308000
023396;08.827.501/0001-58;AEGEA SANEAMENTO E PARTICIPAÇÕES S.A.;2023;14.5702548705;4.62898863238;68.2298719308;1.93521943225;46.1688131775;138954000;90.040019033;100.725987694;8806540000;34486194000;1596362000;10956308000
023396;08.827.501/0001-58;AEGEA SANEAMENTO E PARTICIPAÇÕES S.A.;2024;21.0179382638;5.40671136628;74.2757291489;1.73148724108;40.8637418861;182644000;61.3845392174;28.5471890577;14212394000;44331033000;2396851000;11403835000
023396;08.827.501/0001-58;AEGEA SANEAMENTO E PARTICIPAÇÕES S.A.;2025;27.2677253528;2.31175153184;91.5220228239;1.53022490365;34.5483173847;186551000;32.1414675107;24.9093338294;18780466000;55373598000;1280100000;4694561000
021903;08.873.873/0001-10;ECORODOVIAS CONCESSÕES E SERVIÇOS S.A.;2020;36.1709794187;4.01206586411;88.9080530066;0.832163662379;35.4750694275;1296745000;;;3804686000;10358479000;415589000;1148957000
021903;08.873.873/0001-10;ECORODOVIAS CONCESSÕES E SERVIÇOS S.A.;2021;15.151086188;2.70437753727;82.1506029092;0.823423347786;36.2011893367;2024120000;15.521307146;50.5366859362;4395223000;15593311000;421702000;2783312000
021903;08.873.873/0001-10;ECORODOVIAS CONCESSÕES E SERVIÇOS S.A.;2022;15.6908648569;2.563790023;83.6606200717;0.560312962954;28.874296724;1280097000;30.0850491545;11.1704627709;5717528000;17335156000;444437000;2832457000
021903;08.873.873/0001-10;ECORODOVIAS CONCESSÕES E SERVIÇOS S.A.;2023;22.3139434041;3.06546956842;86.2620895244;1.02492649693;33.2035225977;3342789000;48.5500551987;45.1093892665;8493391000;25154939000;771117000;3455763000
021903;08.873.873/0001-10;ECORODOVIAS CONCESSÕES E SERVIÇOS S.A.;2024;26.1621131317;3.55374277478;86.4164536065;0.679646388423;37.1620723736;2244959000;11.8137855657;13.5068266315;9496782000;28552573000;1014685000;3878452000
021903;08.873.873/0001-10;ECORODOVIAS CONCESSÕES E SERVIÇOS S.A.;2025;17.9776727897;2.66537886703;85.1739493859;1.58624651148;38.5587357147;1112590000;16.8419997426;26.5669717402;11096230000;36138127000;963218000;5357857000
025585;08.902.291/0001-15;CSN MINERAÇÃO S.A.;2020;38.0194793343;20.5413648051;45.9714726115;1.43473217224;45.7041504892;2972521000;;;13789531000;19622406000;4030710000;10601697000
025585;08.902.291/0001-15;CSN MINERAÇÃO S.A.;2021;45.5124622731;23.6039211987;48.1374550621;1.95907972668;49.7350979812;10716802000;38.0748192234;37.5526222421;19039870000;26991134000;6370966000;13998289000
025585;08.902.291/0001-15;CSN MINERAÇÃO S.A.;2022;25.894737378;11.7759467254;54.523783912;2.07139427887;35.8074822619;6489572000;-30.2906795057;-7.17842755328;13272564000;25053595000;2950298000;11393427000
025585;08.902.291/0001-15;CSN MINERAÇÃO S.A.;2023;33.3567442839;12.0197517026;63.9660525611;2.13971054988;31.9716038187;9795878000;42.2515348203;18.508361774;18880426000;29690605000;3568737000;10698697000
025585;08.902.291/0001-15;CSN MINERAÇÃO S.A.;2024;44.090639173;12.4418896923;71.7811083584;2.3631240866;30.1116182479;15185928000;-12.6274110552;22.5671184538;16496317000;36390919000;4527718000;10269114000
025585;08.902.291/0001-15;CSN MINERAÇÃO S.A.;2025;24.6850231289;4.9150024972;80.0891314886;1.20373593645;27.8008841106;8871892000;9.2675474168;-7.79684898862;18025121000;33553574000;1649159000;6680808000
023493;08.926.302/0001-05;DOMMO ENERGIA S.A.;2020;43.5562766947;-113.374187404;360.293569624;0.357538261153;-53.8954160102;93994000;;;333225000;289812000;-328572000;-754362000
023493;08.926.302/0001-05;DOMMO ENERGIA S.A.;2021;-10.3778082627;24.5429489727;336.49453094;1.12089118627;72.5928558352;12182000;-44.2664866081;-20.126150746;185718000;231484000;56813000;-547447000
021520;08.935.054/0001-50;MULTINER S/A;2020;19.2655894832;-3.37581692297;117.522520792;0.194860124365;40.253647596;121401000;;;247903000;1900577000;-64160000;-333029000
021520;08.935.054/0001-50;MULTINER S/A;2021;7.48549805954;-1.6666153945;122.264589226;0.174720678907;15.9876732372;108055000;-6.53965462298;-2.51081645206;231691000;1852857000;-30880000;-412531000
021520;08.935.054/0001-50;MULTINER S/A;2022;-14.6732148294;3.11806316817;121.250034191;0.401586054883;35.0327465145;267242000;-10.4397667583;2.60284522767;207503000;1901084000;59277000;-403981000
021520;08.935.054/0001-50;MULTINER S/A;2023;-141.952601412;12.0288838566;108.473873488;0.546870180321;49.5000552861;436317000;22.0358259881;3.64476267224;253228000;1970374000;237014000;-166967000
021520;08.935.054/0001-50;MULTINER S/A;2024;20.8777200698;-2.21226540155;110.596297844;0.617779424343;-16.051218025;607270000;-31.9960667857;1.07157321402;172205000;1991488000;-44057000;-211024000
021520;08.935.054/0001-50;MULTINER S/A;2025;6.51693357255;-1.02582375858;115.740896346;0.970609931659;-26.9947947235;239607000;20.7084579426;-27.9901761899;207866000;1434067000;-14711000;-225735000
021075;08.937.002/0001-13;VISION SECURITIZADORA S.A.;2020;-59255.9748428;-0.0391864445422;99.9999338692;35.1541057368;-7.64174005577;1206;;;2465852;480865264;-188434;318
021075;08.937.002/0001-13;VISION SECURITIZADORA S.A.;2021;-40640.0817996;-0.0385682562768;99.999905098;117.646379853;-8.05928336332;112117;0;7.15440323425;2465852;515268304;-198730;489
021075;08.937.002/0001-13;VISION SECURITIZADORA S.A.;2022;70.3256138486;-31972.6586103;45563.7462236;0.496996996997;;662;-100;-99.9998715232;0;662;-211659;-300970
021075;08.937.002/0001-13;VISION SECURITIZADORA S.A.;2023;41.1167413378;-162914.728682;396324.806202;0.0298680250058;;129;;-80.5135951662;0;129;-210160;-511130
023272;09.041.168/0001-10;LOG COMMERCIAL PROPERTIES E PARTICIPAÇÕES;2020;4.62901965317;3.38475322653;26.8796963475;2.37002949853;177.16144895;453855000;;;141537000;4212183000;142572000;3079961000
023272;09.041.168/0001-10;LOG COMMERCIAL PROPERTIES E PARTICIPAÇÕES;2021;11.471583259;7.4271938833;35.2557208924;1.51556337684;276.969477863;207564000;5.53212234257;22.4994972915;149367000;5159903000;383236000;3340742000
023272;09.041.168/0001-10;LOG COMMERCIAL PROPERTIES E PARTICIPAÇÕES;2022;10.9366189226;6.51480520781;40.4312680734;1.35138171759;229.34769599;297733000;45.433730342;19.2000314735;217230000;6150606000;400700000;3663838000
023272;09.041.168/0001-10;LOG COMMERCIAL PROPERTIES E PARTICIPAÇÕES;2023;5.22369923968;3.11714308784;40.3269035062;1.76615443442;118.600901179;396515000;1.34695944391;1.68827266777;220156000;6254445000;194960000;3732221000
023272;09.041.168/0001-10;LOG COMMERCIAL PROPERTIES E PARTICIPAÇÕES;2024;9.55179419617;5.08366964606;46.7778561634;1.45482860093;222.051314724;226237000;-0.188048474718;8.31018579586;219742000;6774201000;344378000;3605375000
023272;09.041.168/0001-10;LOG COMMERCIAL PROPERTIES E PARTICIPAÇÕES;2025;10.0059019202;5.43352938143;45.6967555274;1.0343240895;239.382293706;6050000;13.205031355;-1.24761577048;248759000;6689685000;363486000;3632716000
025500;09.042.817/0001-05;BEMOBI MOBILE TECH S.A.;2020;23.1070698709;7.81961271798;66.1592198333;0.73523971688;36.2031175312;111196000;;;171546000;456928000;35730000;154628000
025500;09.042.817/0001-05;BEMOBI MOBILE TECH S.A.;2021;7.31740477779;5.21276095282;28.7621621173;2.58342276444;17.3622291275;319185000;184.959719259;216.345682471;488837000;1445472000;75349000;1029723000
025500;09.042.817/0001-05;BEMOBI MOBILE TECH S.A.;2022;8.08350479818;6.3414258166;21.551035412;3.39595756095;6.68650191351;359295000;201.905134022;-6.65208319497;1475824000;1349318000;85566000;1058526000
025500;09.042.817/0001-05;BEMOBI MOBILE TECH S.A.;2023;7.9983099245;6.01984097017;24.7360876611;2.95262266268;7.25101770548;262973000;-11.3821160247;6.97085490596;1307844000;1443377000;86889000;1086342000
025500;09.042.817/0001-05;BEMOBI MOBILE TECH S.A.;2024;10.269999547;7.38459401725;28.0954786469;2.63374651914;8.01193539666;378610000;14.5446245883;12.7364506986;1498065000;1627212000;120163000;1170039000
025500;09.042.817/0001-05;BEMOBI MOBILE TECH S.A.;2025;16.567610856;8.64545805455;47.8171105679;1.85879846526;8.4679560978;241156000;13.2398794445;14.6304230795;1696407000;1865280000;161262000;973357000
025348;09.053.134/0001-45;ELFA MEDICAMENTOS S.A.;2020;2.50016793175;1.1457429083;54.1733619671;1.51261473804;1.26016482074;228461000;;;2875973000;3573402000;40942000;1637570000
025348;09.053.134/0001-45;ELFA MEDICAMENTOS S.A.;2021;8.68807983904;3.73648481092;56.9929733596;1.45161603527;3.16589260107;456156000;103.074750702;32.3708051879;5840375000;4730141000;176741000;2034293000
025348;09.053.134/0001-45;ELFA MEDICAMENTOS S.A.;2022;3.50355720066;1.30592242156;62.7258141722;1.35333235367;4.33411357041;323696000;5.72298867795;36.6040251231;6174619000;6461563000;84383000;2408495000
025348;09.053.134/0001-45;ELFA MEDICAMENTOS S.A.;2023;-1.42803503672;-0.62132572294;56.4908628314;1.74151057232;2.83029624124;365624000;-4.26185000241;6.76419931215;5911466000;6898636000;-42863000;3001537000
025348;09.053.134/0001-45;ELFA MEDICAMENTOS S.A.;2024;-4.25866635824;-1.95963295026;53.9848209412;1.54203181314;3.25280341749;365516000;-5.8564998936;-0.860242517506;5565261000;6839291000;-134025000;3147112000
025348;09.053.134/0001-45;ELFA MEDICAMENTOS S.A.;2025;-23.2194109508;-9.66206661477;58.3879770454;1.39346942758;2.38003938982;180485000;-18.0894121587;-11.1198514583;4558538000;6078772000;-587335000;2529500000
022560;09.054.385/0001-44;INBRANDS S.A.;2020;-38.7574439565;-9.70682808869;74.9549322716;1.16898697954;-22.5840350107;17475000;;;300708000;1143834000;-111030000;286474000
022560;09.054.385/0001-44;INBRANDS S.A.;2021;0.613112895541;0.152774552248;75.082149901;0.90175716357;5.78837939521;10411000;41.0710722694;0.887716224557;424212000;1153988000;1763000;287549000
022560;09.054.385/0001-44;INBRANDS S.A.;2022;-45.1126842891;-10.4546241317;76.8255330037;1.45914336359;15.0263610445;4320000;25.014851065;3.63288006461;530328000;1195911000;-125028000;277146000
022560;09.054.385/0001-44;INBRANDS S.A.;2023;-10.4275095895;-2.3392742055;77.5663193074;1.57038398108;10.5319475051;3563000;-2.19656514459;-6.32563794463;518679000;1120262000;-26206000;251316000
022560;09.054.385/0001-44;INBRANDS S.A.;2024;-22.8358587336;-4.25841409531;81.3520737495;1.20262941508;0.91595857733;3195000;-13.2793114817;-1.81403992994;449802000;1099940000;-46840000;205116000
022560;09.054.385/0001-44;INBRANDS S.A.;2025;-139.845369882;-11.5991243744;91.7057501552;1.00790739468;-5.81890889646;1967000;-4.37681468735;-6.43062348855;430115000;1029207000;-119379000;85365000
022225;09.074.183/0001-64;TRANSBRASILIANA CONCESSIONÁRIA DE RODOVIA S.A;2020;-0.284001173232;-0.166317350682;41.4377945031;0.274854561794;8.40210618428;6103000;;;132562000;605469000;-1007000;354576000
022225;09.074.183/0001-64;TRANSBRASILIANA CONCESSIONÁRIA DE RODOVIA S.A;2021;5.30891796986;3.23454204359;39.0734220806;0.319658324205;21.1582214038;2114000;54.8430168525;2.82805560648;205263000;622592000;20138000;379324000
022225;09.074.183/0001-64;TRANSBRASILIANA CONCESSIONÁRIA DE RODOVIA S.A;2022;3.20786674804;1.36380465933;57.4856199947;0.580105397922;19.7132837252;23763000;26.5542255545;10.1880525288;259769000;686022000;9356000;291658000
022225;09.074.183/0001-64;TRANSBRASILIANA CONCESSIONÁRIA DE RODOVIA S.A;2023;0.534061806386;0.21609701706;59.5370770806;0.412567854744;16.5779522812;18100000;0.888481689501;5.49938631706;262077000;723749000;1564000;292850000
022225;09.074.183/0001-64;TRANSBRASILIANA CONCESSIONÁRIA DE RODOVIA S.A;2024;1.22056420648;0.492337922847;59.6630869369;0.382396177876;23.9486155172;13335000;-2.57443423116;1.25471675954;255330000;732830000;3608000;295601000
022225;09.074.183/0001-64;TRANSBRASILIANA CONCESSIONÁRIA DE RODOVIA S.A;2025;-8.28631333273;-3.49187049534;57.8597820874;0.614581622598;11.3249367743;37788000;9.02283319626;1.00637255571;278368000;740205000;-25847000;311924000
025470;09.083.175/0001-84;MOSAICO TECNOLOGIA AO CONSUMIDOR S.A.;2020;54.9574632637;27.0016182821;50.868150241;1.63075151852;27.0063462968;39403000;;;231316000;223694000;60401000;109905000
021938;09.095.183/0001-40;ENERGISA PARAÍBA - DISTRIBUIDORA DE ENERGIA S/A;2020;32.7051699366;11.1425810668;65.9302150444;1.31264656637;18.9854452719;125344000;;;2256655000;3293088000;366935000;1121948000
021938;09.095.183/0001-40;ENERGISA PARAÍBA - DISTRIBUIDORA DE ENERGIA S/A;2021;40.6840199359;12.6088265873;69.0079136546;1.57109999267;20.596272813;36408000;24.1306712812;6.98623905586;2801201000;3523151000;444228000;1091898000
021938;09.095.183/0001-40;ENERGISA PARAÍBA - DISTRIBUIDORA DE ENERGIA S/A;2022;30.0108813192;10.7706727904;64.1107747692;1.04582317835;20.3023772518;45256000;-14.4411629155;-6.45907598056;2396675000;3295588000;354957000;1182761000
021938;09.095.183/0001-40;ENERGISA PARAÍBA - DISTRIBUIDORA DE ENERGIA S/A;2023;30.1592386306;10.8900059401;63.8916417171;0.86724754401;20.45426903;77152000;18.0103268069;21.9845441845;2828324000;4020108000;437790000;1451595000
021938;09.095.183/0001-40;ENERGISA PARAÍBA - DISTRIBUIDORA DE ENERGIA S/A;2024;33.3021077003;12.4163513116;62.7160195883;1.01968743134;19.8370017982;81391000;20.7431326821;11.3182780164;3415007000;4475115000;555646000;1668501000
021938;09.095.183/0001-40;ENERGISA PARAÍBA - DISTRIBUIDORA DE ENERGIA S/A;2025;31.9760889275;10.6208290463;66.7850903518;1.13646165447;20.268158344;113406000;6.70669196286;18.4304090509;3644041000;5299897000;562893000;1760356000
021342;09.112.685/0001-32;OSX BRASIL S.A. - EM RECUPERAÇÃO JUDICIAL;2020;15.9729772657;-58.6096795162;466.93021308;0.0191870808813;-5794.60671917;826000;;;10031000;1487657000;-871911000;-5458663000
021342;09.112.685/0001-32;OSX BRASIL S.A. - EM RECUPERAÇÃO JUDICIAL;2021;-2.30207297118;5.50684635558;339.212502146;0.0236584783389;3158.36173597;4829000;163.243943774;49.9701208007;26406000;2231041000;122860000;-5336929000
021342;09.112.685/0001-32;OSX BRASIL S.A. - EM RECUPERAÇÃO JUDICIAL;2022;5.12815634688;-10.50210919;304.793077269;0.0470491708705;1590.26309039;17807000;32.8599560706;23.0956759647;35083000;2746315000;-288421000;-5624263000
021342;09.112.685/0001-32;OSX BRASIL S.A. - EM RECUPERAÇÃO JUDICIAL;2023;17.493096784;-50.320814112;387.660982692;0.0114833225272;-770.49904964;2141000;28.968446256;-13.8137103719;45246000;2366947000;-1191067000;-6808783000
021342;09.112.685/0001-32;OSX BRASIL S.A. - EM RECUPERAÇÃO JUDICIAL;2024;18.9334941362;-114.293019945;703.655189701;0.0079091799655;-1519.57186544;614000;42.3750165761;-41.1787843158;64419000;1392267000;-1591264000;-8404492000
021342;09.112.685/0001-32;OSX BRASIL S.A. - EM RECUPERAÇÃO JUDICIAL;2025;11.1593906275;-160.19165112;1535.48744252;0.0396865445202;-294.420247774;9315000;28.3099706608;-50.3728092385;82656000;690943000;-1106833000;-9918400000
025534;09.114.805/0001-30;OCEANPACT SERVIÇOS MARITIMOS S.A.;2020;-14.4256613606;-2.03020655416;85.9264230359;1.28763216149;11.0591333091;166539000;;;642582000;1123531000;-22810000;158121000
025534;09.114.805/0001-30;OCEANPACT SERVIÇOS MARITIMOS S.A.;2021;-5.27603467764;-1.90645195039;63.8658184247;2.20090928021;3.52737284399;491332000;37.2965629289;121.190158527;882243000;2485140000;-47378000;897985000
025534;09.114.805/0001-30;OCEANPACT SERVIÇOS MARITIMOS S.A.;2022;-12.1749367191;-4.08823103925;66.4209257628;0.809961934323;2.72074687104;84251000;36.1254212275;-8.48761035596;1200957000;2274211000;-92975000;763659000
025534;09.114.805/0001-30;OCEANPACT SERVIÇOS MARITIMOS S.A.;2023;9.29957925794;3.07623559227;66.9207013893;1.23082845567;16.6927550348;214287000;37.2974219726;4.79546532841;1648883000;2383270000;73315000;788369000
025534;09.114.805/0001-30;OCEANPACT SERVIÇOS MARITIMOS S.A.;2024;-1.56879231756;-0.514533645744;67.2019272416;1.81784201436;16.2406496469;515103000;4.37720565983;27.1984710083;1721058000;3031483000;-15598000;994268000
025534;09.114.805/0001-30;OCEANPACT SERVIÇOS MARITIMOS S.A.;2025;10.4073853708;3.03293454929;70.8578625539;2.59370875539;15.3906642105;696563000;23.9886744084;14.7179449794;2133917000;3477655000;105475000;1013463000
004685;09.116.278/0001-01;CONPEL CIA NORDESTINA PAPEL - EM RECUPERAÇÃO JUDICIAL;2020;5.49315581368;-12.0624830808;319.591132857;0.13648712046;-1.97670960214;128;;;43709;99739;-12031;-219018
004685;09.116.278/0001-01;CONPEL CIA NORDESTINA PAPEL - EM RECUPERAÇÃO JUDICIAL;2021;0.936271256834;-2.3611648717;352.188119037;0.10263910606;7.84559374665;2256;113.663089981;-11.932142893;93390;87838;-2074;-221517
004685;09.116.278/0001-01;CONPEL CIA NORDESTINA PAPEL - EM RECUPERAÇÃO JUDICIAL;2022;4.8438090656;-9.42486271429;294.575438186;0.215497322573;10.4964692887;2342000;108472.652318;136106.425465;101396000;119641000;-11276000;-232792000
004685;09.116.278/0001-01;CONPEL CIA NORDESTINA PAPEL - EM RECUPERAÇÃO JUDICIAL;2023;-143.081646079;145.047581746;201.373995702;0.787417521395;21.9212156845;790000;9.03290070614;-21.0396101671;110555000;94469000;137025000;-95767000
004685;09.116.278/0001-01;CONPEL CIA NORDESTINA PAPEL - EM RECUPERAÇÃO JUDICIAL;2024;-10.3014178271;26.0659225366;353.032378399;0.852348217896;5.29315418725;1291000;-32.0727239835;-63.678031947;75097000;34313000;8944000;-86823000
025798;09.146.451/0001-06;KALLAS INCORPORAÇÕES E CONSTRUÇÕES S.A.;2020;9.31461933755;5.54141750973;40.5083846273;4.25142365627;18.1194098987;122250000;;;384273000;1196535000;66305000;711838000
025798;09.146.451/0001-06;KALLAS INCORPORAÇÕES E CONSTRUÇÕES S.A.;2021;9.70392181431;5.28087933968;45.5799475642;5.57097623714;16.2130158152;193667000;27.2426113726;22.5668283836;488959000;1466555000;77447000;798100000
025798;09.146.451/0001-06;KALLAS INCORPORAÇÕES E CONSTRUÇÕES S.A.;2022;5.8567294321;2.83874893203;51.530133585;3.190130386;11.7917018463;146259000;33.4678367716;12.2915267412;652603000;1646817000;46749000;798210000
025798;09.146.451/0001-06;KALLAS INCORPORAÇÕES E CONSTRUÇÕES S.A.;2023;8.33974943004;3.91728343283;53.0287634456;2.97360074648;11.3217237314;104778000;52.4634425524;20.8935176161;994981000;1990895000;77989000;935148000
025798;09.146.451/0001-06;KALLAS INCORPORAÇÕES E CONSTRUÇÕES S.A.;2024;6.62467297061;3.06278513854;53.7669987315;4.13686042835;8.20257418498;183902000;26.0861262677;-3.74213607448;1254533000;1916393000;58695000;886006000
025798;09.146.451/0001-06;KALLAS INCORPORAÇÕES E CONSTRUÇÕES S.A.;2025;-18.2614919563;-7.68790411482;57.9010075781;2.60081065187;-13.2268638479;134696000;-26.4153274565;5.46291914028;923144000;2021084000;-155379000;850856000
023426;09.149.503/0001-06;SERENA GERAÇÃO S.A.;2020;1.42313510005;0.517283185602;63.651856694;2.16354254509;47.5327566981;881364000;;;1102141000;10578345000;54720000;3845032000
023426;09.149.503/0001-06;SERENA GERAÇÃO S.A.;2021;7.0755112248;2.78655550644;60.6169021868;1.87402744243;67.5436608863;934807000;60.5710158682;0.543317503825;1769719000;10635819000;296373000;4188715000
023426;09.149.503/0001-06;SERENA GERAÇÃO S.A.;2022;1.30066425455;0.43473008038;66.5763029267;1.19247109025;26.4263878099;740885000;37.5378238014;19.6138915113;2434033000;12721917000;55306000;4252135000
023426;09.149.503/0001-06;SERENA GERAÇÃO S.A.;2023;4.56528274954;1.86804432493;59.0815196468;1.32891055194;28.2006552262;46148000;13.1397150326;-14.5718054913;2753858000;10868104000;203021000;4447063000
023426;09.149.503/0001-06;SERENA GERAÇÃO S.A.;2024;13.3326995838;5.12887187;61.5316325269;2.02507220957;37.970698381;1232089000;36.7487720863;22.7872865405;3765867000;13344650000;684430000;5133469000
023426;09.149.503/0001-06;SERENA GERAÇÃO S.A.;2025;1.9423363813;0.66874263954;65.5701944329;1.35656570759;12.8742460402;898446000;51.5243634467;13.9437977017;5706206000;15205401000;101685000;5235190000
025712;09.229.201/0001-30;GPS PARTICIPAÇÕES E EMPREENDIMENTOS S.A.;2020;38.2622609506;6.30573087835;83.5197117951;1.2214353271;9.40537244045;731669000;;;4942186000;4482367000;282646000;738707000
025712;09.229.201/0001-30;GPS PARTICIPAÇÕES E EMPREENDIMENTOS S.A.;2021;18.1984471491;6.05411581222;66.7327889978;2.26558826711;9.21146652699;652434000;33.8528133097;47.3086206462;6615255000;6602913000;399748000;2196605000
025712;09.229.201/0001-30;GPS PARTICIPAÇÕES E EMPREENDIMENTOS S.A.;2022;19.9451830735;5.74703559685;71.18584685;2.65107881568;10.0997723861;889159000;39.3549152678;36.2504549129;9218683000;8996499000;517032000;2592265000
025712;09.229.201/0001-30;GPS PARTICIPAÇÕES E EMPREENDIMENTOS S.A.;2023;21.6293916134;6.45117277446;70.1740442369;2.23421705683;10.7065705191;989728000;15.321830678;11.3662325756;10631154000;10019062000;646347000;2988281000
025712;09.229.201/0001-30;GPS PARTICIPAÇÕES E EMPREENDIMENTOS S.A.;2024;19.0936207239;4.63754242832;75.7115609691;2.39179752388;8.655097216;1468264000;38.9723918965;43.430722357;14774369000;14370413000;666434000;3490349000
025712;09.229.201/0001-30;GPS PARTICIPAÇÕES E EMPREENDIMENTOS S.A.;2025;17.4585840182;4.44358336634;74.5478593126;2.97775655152;8.29578666724;3892614000;16.9806913581;8.70421051921;17283159000;15621244000;694143000;3975941000
021814;09.257.877/0001-37;FERROVIA NORTE SUL S/A;2020;11.422972581;6.74147411887;40.9831891735;0.82157481674;39.1627190465;578247000;;;916586000;4316504000;290996000;2547463000
021814;09.257.877/0001-37;FERROVIA NORTE SUL S/A;2021;9.81869790458;6.69462102593;31.8176290686;1.0797097843;32.641576538;333241000;19.6374371854;-5.8882836666;1096580000;4062336000;271958000;2769797000
021814;09.257.877/0001-37;FERROVIA NORTE SUL S/A;2022;16.8377671364;11.3847762109;32.3854753501;0.96103116924;42.7980339987;373592000;37.1320833865;10.6284167533;1503763000;4494098000;511643000;3038663000
021814;09.257.877/0001-37;FERROVIA NORTE SUL S/A;2023;27.7884604146;19.2655995434;30.6705040295;0.817878303193;53.3014695629;272611000;32.0934881361;1.59954233308;1986373000;4565983000;879664000;3165573000
021814;09.257.877/0001-37;FERROVIA NORTE SUL S/A;2024;34.2397163553;18.2110042301;46.8132152699;0.850320114088;52.3048340661;354639000;14.8656873608;-4.09259079589;2281661000;4379116000;797481000;2329111000
021814;09.257.877/0001-37;FERROVIA NORTE SUL S/A;2025;37.0209372349;22.0914615321;40.3271143787;0.935772116082;57.2782518679;288350000;-1.9456439848;1.77652293294;2237268000;4456912000;984597000;2659568000
025976;09.267.996/0001-70;YUNY INCORPORADORA HOLDING S.A.;2020;4.39565048078;1.59658964795;63.677966323;2.32978308509;13.2569722114;28332000;;;99789000;459542000;7337000;166915000
025976;09.267.996/0001-70;YUNY INCORPORADORA HOLDING S.A.;2021;-9.07699606679;-3.17038620874;65.072297207;1.65694316032;-8.60701938975;34514000;6.67308019922;-18.5819794491;106448000;374150000;-11862000;130682000
025976;09.267.996/0001-70;YUNY INCORPORADORA HOLDING S.A.;2022;-30.3609511319;-5.68939761456;81.2608057309;1.30088586205;-6.21072232136;24734000;21.0825943184;25.0629426701;128890000;467923000;-26622000;87685000
025976;09.267.996/0001-70;YUNY INCORPORADORA HOLDING S.A.;2023;5.08979104244;1.0308460553;79.7467902571;1.57576814121;15.8569337223;12848000;47.333385057;7.76260196656;189898000;504246000;5198000;102126000
025976;09.267.996/0001-70;YUNY INCORPORADORA HOLDING S.A.;2024;-42.0853007199;-4.53493745173;89.224414762;1.79314605966;-6.65161696766;24918000;30.3984244173;18.8818552849;247624000;599457000;-27185000;64595000
023248;09.288.252/0001-32;ANIMA HOLDING S.A.;2020;-1.60900004591;-0.887104007276;44.8661291509;4.77598329415;8.31082378274;73183000;;;1421989000;4582439000;-40651000;2526476000
023248;09.288.252/0001-32;ANIMA HOLDING S.A.;2021;-3.37130305124;-0.822934836084;75.5900070811;1.06218919974;10.6059857289;169248000;86.4152957583;115.664147411;2650805000;9882678000;-81328000;2412361000
023248;09.288.252/0001-32;ANIMA HOLDING S.A.;2022;0.357773371466;0.106727573629;70.168944326;1.30643210513;10.611184063;422431000;34.4207137077;8.594016723;3563231000;10731997000;11454000;3201468000
023248;09.288.252/0001-32;ANIMA HOLDING S.A.;2023;-7.46049739216;-2.20778320947;70.4070239098;1.04627589194;14.0613564643;139411000;4.76278411363;-10.030938324;3732940000;9655477000;-213172000;2857343000
023248;09.288.252/0001-32;ANIMA HOLDING S.A.;2024;7.35348175729;2.11009061632;71.3048772546;2.16499150476;21.5737236408;99601000;1.83338065975;0.345876231697;3801379000;9688873000;204444000;2780234000
023248;09.288.252/0001-32;ANIMA HOLDING S.A.;2025;9.05773318991;2.52282549378;72.1472752521;2.22331573237;24.90289403;220007000;5.84835134829;5.00408045394;4023697000;10173712000;256665000;2833656000
022519;09.295.063/0001-97;TECHNOS S.A.;2020;-8.90402946616;-4.70312199928;47.1798468642;5.18678204013;-3.9312039312;65258000;;;244607000;598815000;-28163000;316295000
022519;09.295.063/0001-97;TECHNOS S.A.;2021;8.53489517163;4.36901965055;48.8099201842;3.83193777713;16.1096303459;89633000;28.5335252057;7.33365062665;314402000;642730000;28081000;329014000
022519;09.295.063/0001-97;TECHNOS S.A.;2022;10.9399746812;6.21143619918;43.2225724447;4.83735226231;15.8308468477;98325000;11.7143020719;0.00560110777465;351232000;642766000;39925000;364946000
022519;09.295.063/0001-97;TECHNOS S.A.;2023;13.9597545439;8.44527241724;39.5027155338;4.58088689336;18.0273231546;125152000;-2.52966700073;3.55479287952;342347000;665615000;56213000;402679000
022519;09.295.063/0001-97;TECHNOS S.A.;2024;15.7971681908;8.94881481655;43.3517785688;2.89525083378;16.6793244729;119913000;16.9223039781;8.84475259722;400280000;724487000;64833000;410409000
022519;09.295.063/0001-97;TECHNOS S.A.;2025;16.3259479214;10.3131384839;36.8297722524;3.69306771628;15.6447327992;37264000;19.5220845408;-4.33948435238;478423000;693048000;71475000;437800000
021628;09.304.427/0001-58;HABITASEC SECURITIZADORA SA;2020;;0;9.17258947752;10.2624680863;;553;;;0;4509261;0;0
021628;09.304.427/0001-58;HABITASEC SECURITIZADORA SA;2021;206.599218553;148.364323599;28.1873742608;3.35570635277;8.62881048908;23041;;-27.2475024178;8345287;3280600;4867240;2355885
021628;09.304.427/0001-58;HABITASEC SECURITIZADORA SA;2022;150.4792784;98.9788950022;34.224236018;2.63722082383;-82.5486704184;437;-29.6991463565;129.432055112;5866808;7526748;7449892;4950776
021628;09.304.427/0001-58;HABITASEC SECURITIZADORA SA;2023;77.8572508969;50.4968018348;35.1418124156;2.57425127318;-108.236664438;411;-9.12409269231;35.430347874;5331515;10193501;5147392;6611320
021628;09.304.427/0001-58;HABITASEC SECURITIZADORA SA;2024;39.0610626795;27.4563708513;29.7091042386;3.19760967187;-52.1205937766;3336;67.0717985413;46.7136168427;8907458;14955254;4106170;10512182
021628;09.304.427/0001-58;HABITASEC SECURITIZADORA SA;2025;878.164666667;28.4202077253;96.7636812543;0.658729581396;-76.5232004294;19488;-18.1437734537;23.9670218908;7291309;18539583;5268988;600000
024112;09.305.994/0001-29;AZUL S.A.;2020;76.577146391;-68.5981733972;189.580477505;0.530463011931;-24.3567254618;3064815000;;;5744126000;15794457000;-10834709000;-14148750000
024112;09.305.994/0001-29;AZUL S.A.;2021;22.9815486312;-22.7329653757;198.91833549;0.499249333042;0.54928316517;3073799000;73.6683526789;17.3416281421;9975729000;18533473000;-4213208000;-18333003000
024112;09.305.994/0001-29;AZUL S.A.;2022;3.80043140865;-3.85853156617;201.528777954;0.323585416016;8.96381360826;668348000;59.8686872909;1.01340962916;15948067000;18721293000;-722367000;-19007500000
024112;09.305.994/0001-29;AZUL S.A.;2023;11.1612573383;-11.5933694539;203.871536176;0.342002036765;8.95254905501;1897336000;16.3427831097;9.67676751814;18554425000;20532909000;-2380456000;-21327848000
024112;09.305.994/0001-29;AZUL S.A.;2024;30.0683089061;-34.8292706096;215.833819316;0.26510829645;17.3645184974;1210009000;5.23747300172;27.9650292124;19526208000;26274943000;-9151371000;-30435270000
024112;09.305.994/0001-29;AZUL S.A.;2025;-0.429980485612;0.528210738054;222.845281525;0.213873501344;19.9694617376;991644000;10.8274223034;-10.0362881853;21640393000;23637914000;124858000;-29038062000
021997;09.313.969/0001-97;AUTOPISTA LITORAL SUL;2020;-1.25717117263;-0.422580229219;66.3864206866;0.18822600075;3.12563928329;10962000;;;699025000;3482179000;-14715000;1170485000
021997;09.313.969/0001-97;AUTOPISTA LITORAL SUL;2021;8.5353704668;2.07591347074;75.6786951566;3.6965752215;16.6053868372;777863000;82.9063338221;48.9852474557;1278561000;5187933000;107697000;1261773000
021997;09.313.969/0001-97;AUTOPISTA LITORAL SUL;2022;0.245956488891;0.0693675602291;71.796816363;1.48443542808;6.92720102966;213857000;21.900011028;10.8164851011;1558566000;5749085000;3988000;1621425000
021997;09.313.969/0001-97;AUTOPISTA LITORAL SUL;2023;-16.3339661407;-6.71299598104;58.9016168932;0.298491566146;-24.0602218443;27377000;26.2266724669;9.50706068879;1967326000;6295654000;-422627000;2587412000
021997;09.313.969/0001-97;AUTOPISTA LITORAL SUL;2024;-26.4247402248;-10.367252242;60.7668716747;0.437639164167;-30.7560268563;25700000;-20.7268647901;0.504173196303;1559561000;6327395000;-655977000;2482435000
021997;09.313.969/0001-97;AUTOPISTA LITORAL SUL;2025;-27.7774604302;-9.42279365056;66.0775553106;0.647123409487;-8.04313305513;41419000;-30.5471219144;-6.20534991098;1083160000;5934758000;-559220000;2013215000
022004;09.324.949/0001-11;AUTOPISTA FLUMINENSE SA;2020;-9.13364591869;-3.06581074816;66.4338778243;0.127691161265;-11.6900076819;5683000;;;338460000;2185099000;-66991000;733453000
022004;09.324.949/0001-11;AUTOPISTA FLUMINENSE SA;2021;-14.1147257104;-4.27513752116;69.711508329;0.157001002095;-16.8723201374;5594000;-6.42498374993;-2.88600196147;316714000;2122037000;-90720000;642733000
022004;09.324.949/0001-11;AUTOPISTA FLUMINENSE SA;2022;226.575316028;-109.965543773;148.533770448;0.141134686392;-205.430862731;4844000;19.3351099099;-50.6957230246;377951000;1046255000;-1150520000;-507787000
022004;09.324.949/0001-11;AUTOPISTA FLUMINENSE SA;2023;18.7259917027;-11.2670563049;160.168008636;0.149211573415;10.9245217212;8294000;43.3759931843;-0.750868574105;541891000;1038399000;-116997000;-624784000
022004;09.324.949/0001-11;AUTOPISTA FLUMINENSE SA;2024;14.1019172206;-10.3303941465;173.25524597;0.253036469812;24.3497450244;7194000;-24.4041698423;-4.38116754735;409647000;992905000;-102571000;-727355000
022004;09.324.949/0001-11;AUTOPISTA FLUMINENSE SA;2025;235.228772752;52.9617073325;77.4850216183;0.200095723604;282.880738925;3666000;8.83443550179;140.601366697;445837000;2388943000;1265225000;537870000
021970;09.325.109/0001-73;AUTOPISTA PLANALTO SUL SA;2020;-6.31518343752;-3.51904251291;44.2764798881;0.186513370162;-14.3433234596;8757000;;;220451000;1383956000;-48702000;771189000
021970;09.325.109/0001-73;AUTOPISTA PLANALTO SUL SA;2021;-6.28050617656;-3.32274273542;47.0943480986;0.176286462882;-5.38514731669;4674000;10.2040816327;-0.27464745989;242946000;1380155000;-45859000;730180000
021970;09.325.109/0001-73;AUTOPISTA PLANALTO SUL SA;2022;-6.69624200341;-3.27764263782;51.0525062243;0.303405160103;0.513610491529;12240000;10.3545643888;1.30304204962;268102000;1398139000;-45826000;684354000
021970;09.325.109/0001-73;AUTOPISTA PLANALTO SUL SA;2023;-9.08351889723;-4.24406402998;53.2773138032;0.172429231035;2.65926917926;9104000;7.22971108011;-3.96190936667;287485000;1342746000;-56987000;627367000
021970;09.325.109/0001-73;AUTOPISTA PLANALTO SUL SA;2024;-26.2450094981;-8.65786870772;67.0113714062;1.67806220591;6.34347183918;210539000;33.0625945702;12.1887534947;382535000;1506410000;-130423000;496944000
021970;09.325.109/0001-73;AUTOPISTA PLANALTO SUL SA;2025;-27.4542190305;-7.82238357478;71.507535632;1.4237631817;12.23018024;78726000;0.408851477643;-9.15939219734;384099000;1368432000;-107044000;389900000
021989;09.326.342/0001-70;AUTOPISTA FERNÃO DIAS SA;2020;-5.52629290195;-2.98060037116;46.0651032428;0.169664831234;-9.27568817801;14031000;;;434081000;2046534000;-60999000;1103796000
021989;09.326.342/0001-70;AUTOPISTA FERNÃO DIAS SA;2021;-1.4838834636;-0.805687548311;45.7041224548;0.177364542612;5.6890711214;10585000;15.0670036237;0.826812552345;499484000;2063455000;-16625000;1120371000
021989;09.326.342/0001-70;AUTOPISTA FERNÃO DIAS SA;2022;-74.1864919574;-21.222706569;71.3927616618;2.79226494627;-50.6889743142;412583000;14.5782447486;8.96234713139;572300000;2248389000;-477169000;643202000
021989;09.326.342/0001-70;AUTOPISTA FERNÃO DIAS SA;2023;5.04820728307;1.91936596893;61.9792559754;2.31045369461;11.997335361;544238000;29.8383714835;6.34503193175;743065000;2391050000;45893000;909095000
021989;09.326.342/0001-70;AUTOPISTA FERNÃO DIAS SA;2024;-3.65762579289;-1.35464298202;62.9638716826;2.79443115075;4.7486982866;476497000;1.36905923439;-0.96384433617;753238000;2368004000;-32078000;877017000
021989;09.326.342/0001-70;AUTOPISTA FERNÃO DIAS SA;2025;6.09945555871;2.25315658663;63.059709757;2.92518960227;17.0880016695;267916000;1.78588971879;6.77194802036;766690000;2528364000;56968000;933985000
021962;09.336.431/0001-06;AUTOPISTA REGIS BITTENCOURT SA;2020;-7.54716296487;-2.23455744503;70.3920869944;0.435064575134;6.45381359205;75168000;;;543818000;2792365000;-62397000;826761000
021962;09.336.431/0001-06;AUTOPISTA REGIS BITTENCOURT SA;2021;-11.547669569;-2.90128050332;74.8756189639;0.345780948968;15.3705775004;10064000;18.6989029418;-2.59625801068;645506000;2719868000;-78911000;683350000
021962;09.336.431/0001-06;AUTOPISTA REGIS BITTENCOURT SA;2022;-8.72890541234;-2.21608840683;74.6120698742;0.352168070192;17.4504435502;8323000;9.82686450629;-0.591756658779;708939000;2703773000;-59918000;686432000
021962;09.336.431/0001-06;AUTOPISTA REGIS BITTENCOURT SA;2023;-11.1156137548;-2.67793151936;75.9083791644;0.322191646503;15.3335825206;22935000;3.7783222534;-2.25976810923;735725000;2642674000;-70769000;636663000
021962;09.336.431/0001-06;AUTOPISTA REGIS BITTENCOURT SA;2024;-25.7933920548;-5.376007551;79.1574231897;0.346533426785;10.6189808117;25136000;11.6074620273;-8.11242703413;821124000;2428289000;-130545000;506118000
021962;09.336.431/0001-06;AUTOPISTA REGIS BITTENCOURT SA;2025;24.6010073698;6.66381231321;72.9124412954;0.319230607675;35.0397809164;10058000;6.55114209303;2.0507031906;874917000;2478086000;165135000;671253000
021610;09.346.601/0001-25;B3 S.A. - BRASIL, BOLSA, BALCÃO;2020;16.926892174;8.95848410401;47.0754346874;1.76701175904;60.0640264511;1438420000;;;9327395000;46332783000;4150715000;24521424000
021610;09.346.601/0001-25;B3 S.A. - BRASIL, BOLSA, BALCÃO;2021;21.0402388649;8.9794977207;57.3222634098;1.62782964695;61.4396171741;2560516000;10.3000784249;13.3792653897;10288124000;52531769000;4717089000;22419370000
021610;09.346.601/0001-25;B3 S.A. - BRASIL, BOLSA, BALCÃO;2022;20.8379835413;8.88038272606;57.383675304;1.84061810491;55.1681281243;2613794000;-1.72472649047;-9.39811488168;10110682000;47594773000;4226598000;20283143000
021610;09.346.601/0001-25;B3 S.A. - BRASIL, BOLSA, BALCÃO;2023;20.3711516936;8.36174903365;58.9529882285;1.55039651334;52.9129139057;1788906000;-1.8735729202;3.83833955884;9921251000;49421622000;4132512000;20286099000
021610;09.346.601/0001-25;B3 S.A. - BRASIL, BOLSA, BALCÃO;2024;24.8957078468;10.1189638914;59.3545845185;1.65807142931;57.1838817911;1636275000;6.56658117006;-8.48367947131;10572738000;45228850000;4576691000;18383454000
021610;09.346.601/0001-25;B3 S.A. - BRASIL, BOLSA, BALCÃO;2025;26.2646086289;9.45987748178;63.9824159749;1.90617471316;59.6862845945;1603617000;5.19077461297;7.20512902716;11121545000;48487647000;4586872000;17464079000
025569;09.347.516/0001-81;ELETROMIDIA S.A.;2020;-75.9435142574;-6.87415679439;90.948329345;0.716610172071;-23.6408090853;86135000;;;268303000;1015470000;-69805000;91917000
025569;09.347.516/0001-81;ELETROMIDIA S.A.;2021;-1.49561374365;-0.704615263738;52.8878852089;2.13886295797;2.19221646484;580182000;54.9360238238;60.4297517406;415698000;1629116000;-11479000;767511000
025569;09.347.516/0001-81;ELETROMIDIA S.A.;2022;5.38896797228;2.49801509596;53.6457609544;0.740159480553;16.8030870849;37881000;92.442109416;26.3282663727;799978000;2058034000;51410000;953986000
025569;09.347.516/0001-81;ELETROMIDIA S.A.;2023;8.8633266878;3.65873297809;58.720544701;1.14998557751;22.8363351238;29924000;17.3359767394;23.1029224979;938662000;2533500000;92694000;1045815000
025569;09.347.516/0001-81;ELETROMIDIA S.A.;2024;12.5179057872;4.7632352302;61.9486253438;1.70356363439;24.1476844392;10447000;26.478647266;20.7873297809;1187207000;3060147000;145762000;1164428000
023388;09.391.823/0001-60;SANTO ANTONIO ENERGIA S.A.;2020;-77.6974728467;-6.58084261184;91.5301716121;0.824238813885;13.3407265335;262524000;;;3200238000;21667818000;-1425925000;1835227000
023388;09.391.823/0001-60;SANTO ANTONIO ENERGIA S.A.;2021;0.35363297751;0.0276042428904;92.1940982188;0.598242867129;37.6113533667;179627000;17.4277975576;8.89051680238;3757969000;23594199000;6513000;1841740000
023388;09.391.823/0001-60;AXIA ENERGIA UHE SANTO ANTÔNIO S.A.;2022;-579.73456088;-13.1722454742;97.7278833516;1.00347802859;13.3062291975;923146000;10.0895190993;-6.02862593471;4137130000;22171793000;-2920523000;503769000
023388;09.391.823/0001-60;AXIA ENERGIA UHE SANTO ANTÔNIO S.A.;2023;10.5992065009;7.02703072082;33.7022944105;0.787541225838;33.0546189444;355171000;5.46557637783;6.92259304423;4363248000;23706656000;1665874000;15716969000
023388;09.391.823/0001-60;AXIA ENERGIA UHE SANTO ANTÔNIO S.A.;2024;4.77407607382;3.24725824333;31.981430687;1.09566986541;32.2484125187;1191864000;7.67226616502;1.38561085967;4698008000;24035138000;780483000;16348357000
023388;09.391.823/0001-60;AXIA ENERGIA UHE SANTO ANTÔNIO S.A.;2025;5.3897578901;3.79582890692;29.5732946763;1.04211619604;28.7398015429;2167405000;6.25373562582;1.00087213978;4991809000;24275699000;921464000;17096575000
022446;09.414.761/0001-64;K-INFRA RODOVIA DO AÇO S.A.;2020;-0.948454076649;-0.744634839101;21.4896263895;0.335243178191;9.475949767;2283000;;;101288000;448542000;-3340000;352152000
022446;09.414.761/0001-64;K-INFRA RODOVIA DO AÇO S.A.;2021;-19.8008484523;-12.5566033055;36.5855289699;0.412433090024;-66.7686024699;1670000;1.05046994708;3.34216193801;102352000;463533000;-58204000;293947000
022446;09.414.761/0001-64;K-INFRA RODOVIA DO AÇO S.A.;2022;-36.1073682553;-16.3074960528;54.8360989993;0.742674929306;-114.027086788;1568000;-8.09363764264;3.1609399978;94068000;478185000;-77980000;215967000
022446;09.414.761/0001-64;K-INFRA RODOVIA DO AÇO S.A.;2023;-215.146872127;-36.8570121517;82.8689063488;0.649748268548;-77.8077821236;2560000;10.6210400987;-16.3447201397;104059000;400027000;-147438000;68529000
022446;09.414.761/0001-64;K-INFRA RODOVIA DO AÇO S.A.;2024;137.185275221;-69.9279190569;150.973341668;0.460299757377;-249.076398852;1098000;-3.54702620629;-9.62160054196;100368000;361538000;-252816000;-184288000
026271;09.527.023/0001-23;ENVIRONMENTAL ESG PARTICIPAÇÕES S.A.;2020;-3.5757230555;-1.31520752345;63.2184175609;0.366385795967;2.20264317181;368000;;;4086000;42959000;-565000;15801000
026271;09.527.023/0001-23;ENVIRONMENTAL ESG PARTICIPAÇÕES S.A.;2021;25.2030259661;0.975068161748;96.1311464621;1.47696128315;13.9653613576;397636000;26644.1997063;7257.00784469;1092768000;3160497000;30817000;122275000
026271;09.527.023/0001-23;ENVIRONMENTAL ESG PARTICIPAÇÕES S.A.;2022;11.6851727769;1.29474603038;88.9197527918;2.74447474064;17.7868734741;2112686000;92.431147325;78.9938101507;2102826000;5657094000;73245000;626820000
026271;09.527.023/0001-23;ENVIRONMENTAL ESG PARTICIPAÇÕES S.A.;2023;36.2230020205;4.66775018247;87.1138505311;2.89788812547;23.6443269354;1646414000;8.34976360384;14.2661232074;2278407000;6464142000;301730000;832979000
026271;09.527.023/0001-23;ENVIRONMENTAL ESG PARTICIPAÇÕES S.A.;2024;19.3687064319;3.06141220541;84.1940285678;1.42816425193;21.5805749768;607286000;36.4486678631;34.8019427791;3108856000;8713789000;266765000;1377299000
021644;09.538.973/0001-53;PDG COMPANHIA SECURITIZADORA;2020;-0.0485298315729;-0.0325327719835;32.9633527892;2.70458830924;-16.4556962025;761000;;;158000;52255000;-17000;35030000
021644;09.538.973/0001-53;PDG COMPANHIA SECURITIZADORA;2021;-0.968467170116;-0.581294764887;39.9778554375;2.26359564939;-676.19047619;2000;-60.1265822785;10.615252129;63000;57802000;-336000;34694000
021644;09.538.973/0001-53;PDG COMPANHIA SECURITIZADORA;2022;-0.904516767007;-0.536243878888;40.7148768881;1.79035037335;;2000;-100;0.335628524965;0;57996000;-311000;34383000
021644;09.538.973/0001-53;PDG COMPANHIA SECURITIZADORA;2023;0;0;40.6852174513;3.86165413534;17.9450072359;0;;-0.0500034485137;691000;57967000;0;34383000
021644;09.538.973/0001-53;PDG COMPANHIA SECURITIZADORA;2024;2.6508226691;-0.962815405046;136.321381142;3.82951653944;-19.3798449612;0;-81.3314037627;-94.8039401729;129000;3012000;-29000;-1094000
021644;09.538.973/0001-53;PDG COMPANHIA SECURITIZADORA;2025;15.5864197531;-5.99228715515;138.445565114;3.85172413793;-112.195121951;0;-4.6511627907;11.9189907039;123000;3371000;-202000;-1296000
026719;09.584.854/0001-37;MANAUS TRANSMISSORA DE ENERGIA S.A;2020;5.04300834562;2.87270093937;43.0359669766;1.11524434719;82.1329468729;48423000;;;178026000;2344762000;67358000;1335671000
026719;09.584.854/0001-37;MANAUS TRANSMISSORA DE ENERGIA S.A;2021;5.55651220475;2.98720887125;46.239497707;1.91235423032;82.0120977299;53536000;9.02115421343;-0.950757475599;194086000;2322469000;69377000;1248571000
026719;09.584.854/0001-37;MANAUS TRANSMISSORA DE ENERGIA S.A;2022;4.45599670028;2.35370762248;47.178874205;1.32808915472;90.6413355904;48087000;3.78852673557;1.18701261459;201439000;2350037000;55313000;1241316000
026719;09.584.854/0001-37;MANAUS TRANSMISSORA DE ENERGIA S.A;2023;5.12006482783;2.93372471493;42.7014146581;2.59116894631;89.3792834609;73888000;9.52000357428;1.3596381674;220616000;2381989000;69881000;1364846000
026719;09.584.854/0001-37;MANAUS TRANSMISSORA DE ENERGIA S.A;2024;1.75708789696;0.797643190715;54.604252178;6.27818448023;86.6284466641;277947000;-30.6605141966;6.46442951668;152974000;2535971000;20228000;1151223000
026719;09.584.854/0001-37;MANAUS TRANSMISSORA DE ENERGIA S.A;2025;3.93532755568;1.62554996555;58.6934011833;3.18164032002;84.2316956463;84255000;41.397230902;-7.80253401951;216301000;2338101000;38007000;965790000
024279;09.611.768/0001-76;INC EMPREENDIMENTOS IMOBILIÁRIOS S.A.;2020;-83.5158645723;-4.88197771618;94.1544307286;1.25218765513;-11.3744943429;97754000;;;223966000;820057000;-40035000;47937000
024279;09.611.768/0001-76;INC EMPREENDIMENTOS IMOBILIÁRIOS S.A.;2021;24.2956411876;1.9539406502;91.9576493779;1.30147327408;7.70219133472;26681000;96.3387299858;-3.99057626482;439732000;787332000;15384000;63320000
024279;09.611.768/0001-76;INC EMPREENDIMENTOS IMOBILIÁRIOS S.A.;2022;50.1852740561;6.77109372429;86.5078076156;0.856468344299;16.2424604825;23174000;4.96575186705;19.6563838381;461568000;942093000;63790000;127109000
024279;09.611.768/0001-76;INC EMPREENDIMENTOS IMOBILIÁRIOS S.A.;2023;26.5729701003;4.59632641601;82.7030008363;0.884305820517;14.5656758953;20637000;5.29001143927;6.23377946763;485985000;1000821000;46001000;173112000
024279;09.611.768/0001-76;INC EMPREENDIMENTOS IMOBILIÁRIOS S.A.;2024;26.9222624276;4.52395926889;83.1962143558;0.689894189279;16.4463333932;15049000;-4.91414344064;29.1612586067;462103000;1292673000;58480000;217218000
024279;09.611.768/0001-76;INC EMPREENDIMENTOS IMOBILIÁRIOS S.A.;2025;30.9572874882;4.79228665661;84.5196816471;2.05972340545;13.6928002568;20937000;21.3246830252;22.461210221;560645000;1583023000;75863000;245057000
024988;09.625.321/0001-56;NORTE BRASIL TRANSMISSORA DE ENERGIA S.A.;2020;7.7326185965;3.84019930216;50.3376604673;3.72210638474;93.7791683571;65445000;;;342623000;3721786000;142924000;1848326000
024988;09.625.321/0001-56;NORTE BRASIL TRANSMISSORA DE ENERGIA S.A.;2021;3.03975227327;1.45803289068;52.0344830894;4.07973164353;82.5697118041;56060000;3.02548281931;0.833202123927;352989000;3752796000;54717000;1800048000
024988;09.625.321/0001-56;NORTE BRASIL TRANSMISSORA DE ENERGIA S.A.;2022;5.75467020686;2.67380513884;53.5367789512;4.02718427196;83.3986009404;209436000;-4.87040672656;5.83855344122;335797000;3971905000;106201000;1845475000
024988;09.625.321/0001-56;NORTE BRASIL TRANSMISSORA DE ENERGIA S.A.;2023;10.8487175912;4.74673704363;56.2461000229;4.9723697237;88.2390053356;438542000;20.836398181;7.28461531683;405765000;4261243000;202270000;1864460000
024988;09.625.321/0001-56;NORTE BRASIL TRANSMISSORA DE ENERGIA S.A.;2024;7.67583912009;3.29544575466;57.0672899327;4.1958808667;83.2100295633;398641000;-16.8871144628;2.53444828187;337243000;4369242000;143986000;1875834000
024988;09.625.321/0001-56;NORTE BRASIL TRANSMISSORA DE ENERGIA S.A.;2025;9.38320812688;4.10730020806;56.2271224029;3.70697859177;84.3538286682;432979000;6.44431463366;1.32405117409;358976000;4427093000;181834000;1937866000
025852;09.813.204/0001-16;W2W E-COMMERCE DE VINHOS S.A.;2020;-8.78409800561;-2.30922923231;73.7112537812;1.16723696353;0.189679889534;20972000;;;341101000;286286000;-6611000;75261000
025852;09.813.204/0001-16;W2W E-COMMERCE DE VINHOS S.A.;2021;-4.78080043635;-0.561750045264;88.2498746237;1.40427151468;4.72252795514;30045000;63.5462810135;118.006119754;557858000;624121000;-3506000;73335000
025852;09.813.204/0001-16;W2W E-COMMERCE DE VINHOS S.A.;2022;-11.0024568961;-3.07945605516;72.0111963697;1.14776159844;5.83144954269;33401000;31.0003620993;5.78301322981;730796000;660214000;-20331000;184786000
025852;09.813.204/0001-16;W2W E-COMMERCE DE VINHOS S.A.;2023;-16.8788451383;-3.8920952177;76.9409862713;1.11886888711;4.59972910625;54928000;5.16847382854;3.24500843666;768567000;681638000;-26530000;157179000
025852;09.813.204/0001-16;W2W E-COMMERCE DE VINHOS S.A.;2024;-34.5531727404;-5.28129569169;84.7154536825;0.90632919625;5.17531721334;58702000;3.14819657883;13.2799227743;792763000;772159000;-40780000;118021000
025852;09.813.204/0001-16;W2W E-COMMERCE DE VINHOS S.A.;2025;5.23321861037;0.876421595569;83.2527234037;0.947842544422;8.75706141014;32449000;-3.26945127358;-8.10312383848;766844000;709590000;6219000;118837000
025399;10.139.870/0001-08;NEOGRID PARTICIPAÇÕES S.A.;2020;2.72423286581;1.8699323532;31.3593057087;4.94762821345;16.0503525715;114417000;;;212581000;660933000;12359000;453669000
025399;10.139.870/0001-08;NEOGRID PARTICIPAÇÕES S.A.;2021;3.11626356152;1.89407963708;39.2195300656;2.94345952625;10.3654663605;96456000;15.5343139791;16.4667220429;245604000;769767000;14580000;467868000
025399;10.139.870/0001-08;NEOGRID PARTICIPAÇÕES S.A.;2022;2.86706774281;1.85228601612;35.3944105169;2.63728119242;-1.53604744362;69759000;8.20141365776;-8.0184003731;265747000;708044000;13115000;457436000
025399;10.139.870/0001-08;NEOGRID PARTICIPAÇÕES S.A.;2023;0.22647363438;0.156576040024;30.863457703;3.39073945005;1.04575845439;62742000;0.968966723989;-8.08452582043;268322000;650802000;1019000;449942000
025399;10.139.870/0001-08;NEOGRID PARTICIPAÇÕES S.A.;2024;-7.46532913589;-5.57212487518;25.359957026;2.86242389846;-14.7315923502;91238000;2.1526375027;-6.74921097354;274098000;606878000;-33816000;452974000
025399;10.139.870/0001-08;NEOGRID PARTICIPAÇÕES S.A.;2025;-1.21704174975;-0.953952265171;21.6171289634;3.30101026429;-3.47063254124;81318000;-1.18716663383;-7.01854408959;270844000;564284000;-5383000;442302000
022691;10.215.988/0001-60;COMPANHIA DE LOCAÇÃO DAS AMÉRICAS;2020;9.21217078233;2.66585078928;71.0616438593;1.34197872202;13.8892530116;3338488000;;;5591827000;14466226000;385648000;4186288000
022691;10.215.988/0001-60;COMPANHIA DE LOCAÇÃO DAS AMÉRICAS;2021;20.3673200478;5.42186627476;73.3795793357;1.10690276388;29.0474429296;2663080000;16.482305336;27.9003659973;6513489000;18502356000;1003173000;4925405000
022691;10.215.988/0001-60;COMPANHIA DE LOCAÇÃO DAS AMÉRICAS;2022;5.08628871144;1.50883474124;70.3352517555;1.32960720215;27.4911879987;498796000;24.5320441932;8.71477124319;8111381000;20114794000;303499000;5967003000
022691;10.215.988/0001-60;COMPANHIA DE LOCAÇÃO DAS AMÉRICAS;2023;4.8426621563;3.55743844112;26.5396113481;3.29082014288;28.7081571287;227884000;-4.47873179672;0.797766062133;7748094000;20275263000;721280000;14894287000
022691;10.215.988/0001-60;COMPANHIA DE LOCAÇÃO DAS AMÉRICAS;2024;4.89856224459;4.35786514279;11.0378734577;7.53002113729;10.194583956;975088000;9.74926220565;-5.52007142891;8503476000;19156054000;834795000;17041633000
023680;10.234.027/0001-00;LINHAS DE MACAPÁ TRANSMISSORA DE ENERGIA S/A;2020;0.503116456322;0.223551344671;55.5666800674;2.19020417469;62.5784430122;21350000;;;94336000;1947651000;4354000;865406000
023680;10.234.027/0001-00;LINHAS DE MACAPÁ TRANSMISSORA DE ENERGIA S/A;2021;4.17225399602;1.90771633004;54.276121927;1.82058909042;56.3663250746;2040000;104.29634498;1.40851723435;192725000;1975084000;37679000;903085000
023680;10.234.027/0001-00;LINHAS DE MACAPÁ TRANSMISSORA DE ENERGIA S/A;2022;11.1539364831;5.10414345273;54.2390844663;1.80569802739;68.3522803101;7527000;71.0686210922;8.82529553173;329692000;2149391000;109708000;983581000
023680;10.234.027/0001-00;LINHAS DE MACAPÁ TRANSMISSORA DE ENERGIA S/A;2023;6.17356334503;2.8860989789;53.2506784558;1.62484347425;83.2192620797;8899000;-48.0612207758;1.16460895202;171238000;2174423000;62756000;1016528000
023680;10.234.027/0001-00;LINHAS DE MACAPÁ TRANSMISSORA DE ENERGIA S/A;2024;3.53477133267;1.74990780965;50.4944550876;1.63221037587;46.9847722317;8671000;26.1326341116;2.26437082389;215987000;2223660000;38912000;1100835000
023680;10.234.027/0001-00;LINHAS DE MACAPÁ TRANSMISSORA DE ENERGIA S/A;2025;5.41558370745;2.62199755277;51.5842115198;1.79112767766;66.1315334818;10859000;-11.0298304991;2.20856605776;192164000;2272771000;59592000;1100380000
023671;10.240.186/0001-00;LINHAS DE XINGU TRANSMISSORA DE ENERGIA S/A;2020;-0.074941854429;-0.0300575976322;59.8921085405;1.87180883015;72.9773399528;39189000;;;76743000;2089322000;-628000;837983000
023671;10.240.186/0001-00;LINHAS DE XINGU TRANSMISSORA DE ENERGIA S/A;2021;6.10245572831;2.46656207597;59.5808280177;2.11618683619;64.4102332845;45653000;212.071459286;5.67887573098;239493000;2207972000;54461000;892444000
023671;10.240.186/0001-00;LINHAS DE XINGU TRANSMISSORA DE ENERGIA S/A;2022;18.1729683159;6.75804596855;62.812646503;1.19084983164;84.0302589092;6480000;55.4341880556;7.71717213805;372254000;2378365000;160731000;884451000
023671;10.240.186/0001-00;LINHAS DE XINGU TRANSMISSORA DE ENERGIA S/A;2023;5.52852366449;2.10871921686;61.8574624107;1.25605446951;80.8315241636;7772000;-54.8359453491;0.655912780418;168125000;2393965000;50482000;913119000
023671;10.240.186/0001-00;LINHAS DE XINGU TRANSMISSORA DE ENERGIA S/A;2024;3.43383481099;1.39362760258;59.4148327079;1.18293654513;61.385405297;8431000;6.80862453532;-0.0478286023396;179572000;2392820000;33347000;971130000
023671;10.240.186/0001-00;LINHAS DE XINGU TRANSMISSORA DE ENERGIA S/A;2025;4.44159997383;1.80399924425;59.3840225396;1.29003262593;79.8052416605;9348000;-15.8783106498;0.642965204236;151059000;2408205000;43444000;978116000
025011;10.285.590/0001-08;GRUPO DE MODA SOMA S.A.;2020;-4.47145659065;-3.02785771553;32.2847565631;3.02655200365;-6.81510282875;706771000;;;1243767000;2302486000;-69716000;1559134000
025011;10.285.590/0001-08;GRUPO DE MODA SOMA S.A.;2021;4.19512369871;2.99537968753;28.5985371908;2.21323564296;7.15390528564;224061000;124.453454707;334.678603909;2791678000;10008414000;299790000;7146154000
025011;10.285.590/0001-08;GRUPO DE MODA SOMA S.A.;2022;4.52655251657;3.15084387263;30.3919735583;1.93241760882;9.17353793845;337557000;74.4656797811;6.29095678896;4870520000;10638039000;335188000;7404929000
025011;10.285.590/0001-08;GRUPO DE MODA SOMA S.A.;2023;-27.9319275327;-17.2503733016;38.2413788616;1.72038710851;-46.3799310033;605740000;10.0610817736;-11.877950438;5360547000;9374458000;-1617129000;5789536000
022144;10.324.624/0001-18;CONCESSÃO METROVIÁRIA DO RIO DE JANEIRO S.A.;2020;-20.3549546857;-9.29678695559;54.3266634628;0.160836377719;-62.0043434529;15487000;;;418561000;2490753000;-231560000;1137610000
022144;10.324.624/0001-18;CONCESSÃO METROVIÁRIA DO RIO DE JANEIRO S.A.;2021;-21.45485082;-8.38511139426;60.9174099386;0.896754151804;-20.3246766557;47004000;16.5588767229;3.98060345606;487870000;2589900000;-217166000;1012200000
022144;10.324.624/0001-18;CONCESSÃO METROVIÁRIA DO RIO DE JANEIRO S.A.;2022;22.8986218186;9.90602005477;56.7396669841;1.52386500874;52.4127630549;204245000;63.1744112161;17.174022163;796079000;3034690000;300617000;1312817000
022144;10.324.624/0001-18;CONCESSÃO METROVIÁRIA DO RIO DE JANEIRO S.A.;2023;4.42787047552;1.93867930242;56.2164405411;2.46699783332;24.0330430862;251923000;20.3729780587;3.3826189825;958264000;3137342000;60823000;1373640000
022144;10.324.624/0001-18;CONCESSÃO METROVIÁRIA DO RIO DE JANEIRO S.A.;2024;20.4781640592;9.94069297617;51.4571084233;2.19786481648;47.1119734573;311169000;-1.89853735505;8.46127071897;940071000;3402801000;338262000;1651818000
022144;10.324.624/0001-18;CONCESSÃO METROVIÁRIA DO RIO DE JANEIRO S.A.;2025;0.933095979825;0.287259984402;69.2143155031;2.56597192205;24.5979468134;800985000;27.5139856458;41.5668738783;1198722000;4817239000;13838000;1483020000
022179;10.338.320/0001-00;AFLUENTE TRANSMISSÃO DE ENERGIA ELÉTRICA S/A;2020;9.9803156957;9.00410524441;9.78135843645;7.91168868466;53.3565265795;31209000;;;35930000;207783000;18709000;187459000
022179;10.338.320/0001-00;AFLUENTE TRANSMISSÃO DE ENERGIA ELÉTRICA S/A;2021;40.323532026;36.1695265361;10.3016905543;5.85674400693;85.7969231792;17619000;234.870581687;32.8044161457;120319000;275945000;99808000;247518000
022179;10.338.320/0001-00;AFLUENTE TRANSMISSÃO DE ENERGIA ELÉTRICA S/A;2022;14.3787490603;12.4667879316;13.2971312089;3.33728846528;53.1835465875;21331000;-40.1108719321;8.97787602602;72058000;300719000;37490000;260732000
022179;10.338.320/0001-00;AFLUENTE TRANSMISSÃO DE ENERGIA ELÉTRICA S/A;2023;11.2973098458;9.90800107666;12.2976955408;3.29611244019;44.7546317619;2936000;-6.59329984179;-3.63561996415;67307000;289786000;28712000;254149000
022179;10.338.320/0001-00;AFLUENTE TRANSMISSÃO DE ENERGIA ELÉTRICA S/A;2024;13.4548775859;9.92802481058;26.2124478858;3.91491135442;50.7308224514;7321000;27.7712570758;18.2793509693;85999000;342757000;34029000;252912000
022179;10.338.320/0001-00;AFLUENTE TRANSMISSÃO DE ENERGIA ELÉTRICA S/A;2025;9.63435539168;6.93290818479;28.039729666;2.22141320863;66.023228851;28251000;-42.8330561983;0.281832318523;49163000;343723000;23830000;247344000
026140;10.440.482/0001-54;GETNET ADQ E SERV PARA MEIOS DE PAGTO S.A. - INST PAGTO;2020;13.1618082142;0.839141681484;93.6244194732;1.03238470851;21.1159256969;265096000;;;2320495000;43021698000;361013000;2742883000
026140;10.440.482/0001-54;GETNET ADQ E SERV PARA MEIOS DE PAGTO S.A. - INST PAGTO;2021;14.3181587758;0.806175053872;94.3695619912;1.02593121251;19.4339852114;670441000;22.9539818013;37.2210390208;2853141000;59034821000;475924000;3323919000
025941;10.464.223/0001-63;PRIVALIA BRASIL S.A.;2020;-20.709428308;-2.98895413638;85.5671818076;1.03497805681;5.09613827502;10981000;;;926270000;480904000;-14374000;69408000
025941;10.464.223/0001-63;PRIVALIA BRASIL S.A.;2021;-5.90786571919;-1.07616392865;81.7842181966;1.05807634298;0.181863511331;18789000;4.36039167845;-6.82693427378;966659000;448073000;-4822000;81620000
021750;10.488.244/0001-19;INFRASEC SECURITIZADORA S.A.;2020;-47.8610253214;22.4915964115;146.993553231;18.4828005184;73.8741881141;169116;;;521779;1369058;307923;-643369
021750;10.488.244/0001-19;INFRASEC SECURITIZADORA S.A.;2021;-198.566496199;23.3686234138;111.768663829;14.8862166772;69.9294818249;380815;68.6374882853;33.7426902293;879915;1831015;427883;-215486
021750;10.488.244/0001-19;INFRASEC SECURITIZADORA S.A.;2022;224.256717795;16.7622720653;92.5254091694;10.0855932486;58.8519322754;679758;-9.66559269929;26.7126156804;794866;2320127;388906;173420
021750;10.488.244/0001-19;INFRASEC SECURITIZADORA S.A.;2023;72.9987263844;17.7356437846;75.7041736712;5.05840918285;58.0500560792;981889;1.51333683917;13.938762835;806895;2643524;468846;642266
021750;10.488.244/0001-19;INFRASEC SECURITIZADORA S.A.;2024;38.584098722;13.3513933297;65.3966432496;7.50497437618;43.3921232693;1249106;3.9477255405;14.3227373763;838749;3022149;403499;1045765
021750;10.488.244/0001-19;INFRASEC SECURITIZADORA S.A.;2025;489.680247821;9.98097755566;97.9617357245;53.7593102183;25.1628643174;1332912;-49.9093292511;-38.1617186975;420135;1868845;186529;38092
023329;10.502.676/0001-37;TERMELÉTRICA PERNAMBUCO III S.A.;2020;20.7530944882;-21.9683276159;205.855671926;0.0936852435992;14.4738378883;340;;;205488;384499;-84468;-407014
023329;10.502.676/0001-37;TERMELÉTRICA PERNAMBUCO III S.A.;2021;15.7451741448;-16.6806291449;205.941217236;0.20772527815;33.9107452555;18549;17.2905473799;18.5917258562;241018;455984;-76061;-483075
023329;10.502.676/0001-37;TERMELÉTRICA PERNAMBUCO III S.A.;2022;19.5661910764;-36.0151401382;284.068222566;0.0982396014802;14.6060954572;1602;6.06386245011;-28.4437611846;255633;326285;-117512;-600587
023329;10.502.676/0001-37;TERMELÉTRICA PERNAMBUCO III S.A.;2023;15.6732386614;-36.068746688;330.129505887;0.455284482944;28.936588563;2628000;66747.394507;94750.8206016;170884000;309484000;-111627000;-712214000
023329;10.502.676/0001-37;TERMELÉTRICA PERNAMBUCO III S.A.;2024;5.65464875527;-15.2945728935;370.477859111;1.00530199651;33.235219038;12979000;12.3294164462;-9.81795504776;191953000;279099000;-42687000;-754901000
023329;10.502.676/0001-37;TERMELÉTRICA PERNAMBUCO III S.A.;2025;-0.129729643951;0.396883192543;405.930996537;1.11401398285;55.7293389137;12246000;-8.63492625799;-11.4378768824;175378000;247176000;981000;-756188000
022268;10.531.501/0001-58;CONC AUTO RAPOSO TAVARES S.A.;2020;13.6621741163;6.53143671797;52.1932844482;1.32886207643;14.4670536592;375706000;;;464953000;3109469000;203093000;1486535000
022268;10.531.501/0001-58;CONC AUTO RAPOSO TAVARES S.A.;2021;-4.54816276753;-2.22738929732;51.0266142361;1.20472051445;18.2585418641;231268000;24.6171118371;-1.24600052292;579411000;3070725000;-68397000;1503838000
022268;10.531.501/0001-58;CONC AUTO RAPOSO TAVARES S.A.;2022;-4.57326238481;-2.27788648223;50.1912138303;0.497899674927;6.40763766991;45550000;58.5953666741;3.08855400598;918919000;3165566000;-72108000;1576730000
022268;10.531.501/0001-58;CONC AUTO RAPOSO TAVARES S.A.;2023;0.632982390687;0.320834604395;49.3138183439;0.64452274377;25.0656173666;124351000;-24.6646331178;-1.10504724905;692271000;3130585000;10044000;1586774000
022268;10.531.501/0001-58;CONC AUTO RAPOSO TAVARES S.A.;2024;1.37418320661;0.739210416685;46.2072878544;1.31714895461;24.1510207344;91034000;12.0679618242;-4.46213726827;775814000;2990894000;22109000;1608883000
022268;10.531.501/0001-58;CONC AUTO RAPOSO TAVARES S.A.;2025;4.73115207741;1.83542247026;61.2055913607;2.78217776467;29.5623887621;373010000;2.54932238913;42.3940801647;795592000;4258856000;78168000;1652198000
025437;10.571.175/0001-02;URBA DESENVOLVIMENTO URBANO S.A.;2020;10.9467539999;2.20312781011;79.8741452476;2.613884485;13.4155111581;4534000;;;88994000;522666000;11515000;105191000
025437;10.571.175/0001-02;URBA DESENVOLVIMENTO URBANO S.A.;2021;11.4234151378;4.021018265;64.8002088999;1.66382419653;19.1634950997;2668000;70.9474796054;25.2920603215;152133000;654859000;26332000;230509000
025437;10.571.175/0001-02;URBA DESENVOLVIMENTO URBANO S.A.;2022;-2.97651452807;-0.731824997017;75.4133571291;1.63804797599;7.02552633608;26067000;36.3754083598;47.1698487766;207472000;963755000;-7053000;236955000
025437;10.571.175/0001-02;URBA DESENVOLVIMENTO URBANO S.A.;2023;-41.032094914;-7.47865042699;81.7736568346;1.56131237441;-20.2333725221;839000;-23.3347150459;-3.64874890403;159059000;928590000;-69446000;169248000
025437;10.571.175/0001-02;URBA DESENVOLVIMENTO URBANO S.A.;2024;1.84528380926;0.190690852106;89.6660420934;3.03949199404;20.5778311261;1068000;58.1777830868;49.2599532625;251596000;1386013000;2643000;143230000
025437;10.571.175/0001-02;URBA DESENVOLVIMENTO URBANO S.A.;2025;18.265774522;1.37037823565;92.4975629476;2.92292030774;25.0897120318;700000;47.422455047;40.9947092848;370909000;1954205000;26780000;146613000
021920;10.608.405/0001-60;BARI SECURITIZADORA S.A.;2020;4.81491069117;3.92736486486;18.433277027;1.67468499427;-1.61290322581;29000;;;2852000;4736000;186000;3863000
021920;10.608.405/0001-60;BARI SECURITIZADORA S.A.;2021;25.282696821;19.9528540158;21.0809900657;2.15495207668;7.92974986695;481000;31.7671809257;25.4011824324;3758000;5939000;1185000;4687000
021920;10.608.405/0001-60;BARI SECURITIZADORA S.A.;2022;26.0032578113;19.8507800136;23.6604114854;1.34687052078;-14.6379044684;149000;-13.6508781267;48.9476342819;3245000;8846000;1756000;6753000
022187;10.629.105/0001-68;PRIO S.A.;2020;14.372427817;6.66751265635;53.6090023117;0.856691645161;49.5093176346;809273000;;;1904185000;6792833000;452913000;3151263000
022187;10.629.105/0001-68;PRIO S.A.;2021;20.1358891486;10.9074594957;45.8307531631;5.62275494315;48.2584520529;970681000;130.860079247;79.9163324051;4396003000;12221416000;1333046000;6620249000
022187;10.629.105/0001-68;PRIO S.A.;2022;34.6448252161;16.8800326265;51.2769006015;7.6402169284;61.5420505306;9612961000;44.7559294204;66.1224853159;6363475000;20302520000;3427072000;9892017000
022187;10.629.105/0001-68;PRIO S.A.;2023;37.3238254308;18.2964834927;50.9790776227;1.52862670625;60.107831632;2335403000;87.083959629;39.4454087473;11905041000;28310932000;5179905000;13878280000
022187;10.629.105/0001-68;PRIO S.A.;2024;39.7374236389;18.4794882303;53.4960082007;2.15607773901;48.3645207499;3993359000;20.6266572286;96.9068520952;14360653000;55746165000;10301606000;25924192000
022187;10.629.105/0001-68;PRIO S.A.;2025;8.73347320727;3.50809108283;59.8316614756;1.81914947188;11.6101555702;3398291000;8.51846361026;15.1282873001;15583960000;64179605000;2251479000;25779881000
022543;10.635.691/0001-53;VIARONDON CONCESSIONÁRIA DE RODOVIA S.A.;2020;-15.3620312701;-3.79474071647;75.2979234989;0.571218193555;25.5867135335;758000;;;218207000;1101709000;-41807000;272145000
022543;10.635.691/0001-53;VIARONDON CONCESSIONÁRIA DE RODOVIA S.A.;2021;-28.8002915383;-5.21446817189;81.894391017;0.235919891157;21.6582771614;845000;57.867529456;5.92661038441;344478000;1167003000;-60853000;211293000
022543;10.635.691/0001-53;VIARONDON CONCESSIONÁRIA DE RODOVIA S.A.;2022;-10.6755043033;-2.20853779518;79.3120986846;0.411556193962;21.9693219786;1658000;3.21820261381;22.4814332097;355564000;1429362000;-31568000;295705000
022543;10.635.691/0001-53;VIARONDON CONCESSIONÁRIA DE RODOVIA S.A.;2023;5.5032180132;1.14673416157;79.1624798651;0.394180106561;26.5128637772;1515000;7.0094272761;5.06386765564;380487000;1501743000;17221000;312926000
022543;10.635.691/0001-53;VIARONDON CONCESSIONÁRIA DE RODOVIA S.A.;2024;28.4563960932;7.71764910138;72.8790354334;0.335950920245;32.5657126396;582000;35.0248497321;7.39154435879;513752000;1612745000;124466000;437392000
022543;10.635.691/0001-53;VIARONDON CONCESSIONÁRIA DE RODOVIA S.A.;2025;11.0194300176;3.16172011303;71.3077708376;0.432198723231;38.6108513609;487000;-7.16259985363;6.22962712642;476954000;1713213000;54167000;491559000
022071;10.647.979/0001-48;CONC ROTA DAS BANDEIRAS S.A.;2020;2.90176206588;0.748181853582;74.2162921495;0.273839624345;33.345310936;23221000;;;896117000;3441142000;25746000;887254000
022071;10.647.979/0001-48;CONC ROTA DAS BANDEIRAS S.A.;2021;-5.72692369107;-1.27090440742;77.808253157;0.361114021425;30.1905911676;91601000;20.2573994244;9.89255892375;1077647000;3781559000;-48060000;839194000
022071;10.647.979/0001-48;CONC ROTA DAS BANDEIRAS S.A.;2022;9.27987866625;1.96857329831;78.7866483053;0.426471282612;39.6805934816;162492000;4.97157232378;8.82186420997;1131223000;4115163000;81010000;872964000
022071;10.647.979/0001-48;CONC ROTA DAS BANDEIRAS S.A.;2023;21.1672608221;4.92619556325;76.7272884071;0.596783033442;48.459712636;228823000;11.5811824901;7.63957588071;1262232000;4429544000;218208000;1030875000
022071;10.647.979/0001-48;CONC ROTA DAS BANDEIRAS S.A.;2024;28.1730472508;6.84506929198;75.7034827257;0.725369995906;52.8691084983;204579000;5.88901247948;2.37451078486;1336565000;4534724000;310405000;1101780000
022071;10.647.979/0001-48;CONC ROTA DAS BANDEIRAS S.A.;2025;34.2029390355;8.35128337956;75.5831410544;0.903344899786;57.3578058727;140987000;2.59313987722;-11.4131973633;1371224000;4017167000;335485000;980866000
022926;10.670.314/0001-55;VIABAHIA CONCESSIONÁRIA DE RODOVIAS SA;2020;-6.32296034774;-1.72500513671;72.7183938876;0.326095230514;5.04150493629;105552000;;;379232000;2151182000;-37108000;586877000
022926;10.670.314/0001-55;VIABAHIA CONCESSIONÁRIA DE RODOVIAS SA;2021;-7.94300053997;-2.45722415792;69.0642831314;0.224264768562;-1.29207838948;20089000;24.4088051641;-3.71242414635;471798000;2071321000;-50897000;640778000
022926;10.670.314/0001-55;VIABAHIA CONCESSIONÁRIA DE RODOVIAS SA;2022;-10.6693967315;-3.60876227549;66.1765105722;0.212144995059;-6.73926158629;22650000;-22.005180183;-5.89044382788;367978000;1949311000;-70346000;659325000
022926;10.670.314/0001-55;VIABAHIA CONCESSIONÁRIA DE RODOVIAS SA;2023;-0.0739180193006;-0.0261737052615;64.5909001497;0.234496192984;8.38363452471;36182000;17.6858399143;-4.54853022427;433058000;1860646000;-487000;658838000
022926;10.670.314/0001-55;VIABAHIA CONCESSIONÁRIA DE RODOVIAS SA;2024;10.7442159139;7.56322716002;29.606522983;0.463287085662;-1.85442054203;76391000;13.2028504265;-43.643229287;490234000;1048600000;79308000;738146000
022721;10.678.505/0001-63;CONC RODOVIAS DO TIETÊ S.A.- EM RECUPERAÇÃO JUDICIAL;2020;46.4733556129;-8.69101511421;118.701070752;0.041573082704;-10.6900978106;50636000;;;276555000;1820869000;-158252000;-340522000
022721;10.678.505/0001-63;CONC RODOVIAS DO TIETÊ S.A.- EM RECUPERAÇÃO JUDICIAL;2021;42.8650527856;-12.7821745817;129.819570375;0.0384618819852;-16.0281212782;48540000;22.0509482743;9.76484305021;337538000;1998674000;-255474000;-595996000
022721;10.678.505/0001-63;CONC RODOVIAS DO TIETÊ S.A.;2022;21.6576668472;-7.54231744458;134.825161444;0.0505426906569;12.3404529366;83945000;19.6075701106;9.29751425195;403721000;2184501000;-164762000;-760756000
022721;10.678.505/0001-63;CONC RODOVIAS DO TIETÊ S.A.;2023;22.5730677515;-9.28394753729;141.128426315;0.0677237536583;-9.46004389586;141461000;7.10044808172;9.36012389099;432387000;2388973000;-221791000;-982547000
022721;10.678.505/0001-63;CONC RODOVIAS DO TIETÊ S.A.;2024;16.271096139;-32.0625616161;297.052253532;0.0792136454688;-21.7389793199;192687000;19.7746463238;-45.0574786739;517890000;1312562000;-420841000;-2586433000
022721;10.678.505/0001-63;CONC RODOVIAS DO TIETÊ S.A.;2025;183.87204788;97.7879748167;46.8173787456;3.25159842582;48.5612766218;16587000;-2.07360636429;8.66839052174;507151000;1426340000;1394789000;758565000
025860;10.739.356/0001-03;BR ADVISORY PARTNERS PARTICIPAÇÕES S.A.;2020;30.2081737561;11.6540212842;61.4209671255;2.1742033705;10.8829511736;47102000;;;1223703000;761411000;88735000;293745000
025860;10.739.356/0001-03;BRBI BR PARTNERS S.A;2021;18.0733727317;4.54924095655;74.8290425695;1.35195171373;45.1452604449;94132000;-81.4830069061;300.30693016;226593000;3047981000;138660000;767206000
025860;10.739.356/0001-03;BRBI BR PARTNERS S.A;2022;18.2912074726;1.86888542895;89.7826022052;1.12114573386;27.7889311122;77470000;10.7915955038;158.238322352;251046000;7871055000;147101000;804217000
025860;10.739.356/0001-03;BRBI BR PARTNERS S.A;2023;18.8938581925;1.44321820798;92.3614425742;1.07385855158;4.49232765086;287188000;-1.74509850784;36.5218131496;246665000;10745707000;155084000;820817000
025860;10.739.356/0001-03;BRBI BR PARTNERS S.A;2024;24.0706446762;1.28628942462;94.6561903849;1.04568514634;6.31348986629;575235000;47.9018101474;40.1162994673;364822000;15056487000;193670000;804590000
025860;10.739.356/0001-03;BRBI BR PARTNERS S.A;2025;22.3507528425;1.0014138071;95.5195522309;1.03798515924;6.58997385899;137792000;-12.3397163548;16.1132938912;319804000;17482583000;175073000;783298000
021741;10.753.164/0001-43;ECO SECURITIZADORA DIREITOS CRED AGRONEGÓCIO S.A.;2020;67.1140939597;31.6825079206;52.7930631983;2.1759796807;46.9026548673;863000;;;7006000;5997000;1900000;2831000
021741;10.753.164/0001-43;ECO SECURITIZADORA DIREITOS CRED AGRONEGÓCIO S.A.;2021;80.0545383716;51.4650638618;35.7124968695;3.09392712551;30.1519756839;899000;-6.08050242649;-33.4167083542;6580000;3993000;2055000;2567000
023310;10.760.260/0001-19;CVC BRASIL OPERADORA E AGÊNCIA DE VIAGENS S.A.;2020;-2127.60761733;-24.0697313028;98.8686950025;0.971044452318;-224.575450636;910829000;;;624839000;5096592000;-1226736000;57658000
023310;10.760.260/0001-19;CVC BRASIL OPERADORA E AGÊNCIA DE VIAGENS S.A.;2021;-129.670230114;-9.81689421162;92.429338482;0.887860061482;-53.7183998373;795839000;32.1726076637;-2.73521992736;825866000;4957189000;-486642000;375292000
023310;10.760.260/0001-19;CVC BRASIL OPERADORA E AGÊNCIA DE VIAGENS S.A.;2022;-136.956837715;-11.0640382319;91.9215145322;0.626898841839;-3.07573295568;687545000;47.9168533394;-20.9720266869;1221595000;3917566000;-433441000;316480000
023310;10.760.260/0001-19;CVC BRASIL OPERADORA E AGÊNCIA DE VIAGENS S.A.;2023;-75.1498045098;-11.3344864303;84.9174771589;0.928616679068;-9.10699453476;482830000;17.2802770149;2.89256135059;1432690000;4030884000;-456880000;607959000
023310;10.760.260/0001-19;CVC BRASIL OPERADORA E AGÊNCIA DE VIAGENS S.A.;2024;-19.4384461432;-2.69071781637;86.1577525459;0.879645422063;6.39198796703;400233000;-0.832489931527;-4.7194610413;1420763000;3840648000;-103341000;531632000
023310;10.760.260/0001-19;CVC BRASIL OPERADORA E AGÊNCIA DE VIAGENS S.A.;2025;-8.54965945475;-1.09484512094;87.1942838574;0.775710439128;18.4923274748;286727000;4.76715680237;-2.64963099977;1488493000;3738885000;-40935000;478791000
025704;10.807.374/0001-77;BOA SAFRA SEMENTES S.A.;2020;64.5124831154;22.4517990029;65.1977448105;1.46624158356;17.5693470966;33406000;;;588525000;312701000;70207000;108827000
025704;10.807.374/0001-77;BOA SAFRA SEMENTES S.A.;2021;19.578976714;13.3824088315;31.6490895975;3.19075267049;13.698943635;238411000;77.4497260099;205.444178305;1044336000;955127000;127819000;652838000
025704;10.807.374/0001-77;BOA SAFRA SEMENTES S.A.;2022;18.3144886441;12.0934988096;33.9675868402;3.28272889011;10.5300415193;254739000;69.6259632915;51.7570961767;1771465000;1449473000;175292000;957122000
025704;10.807.374/0001-77;BOA SAFRA SEMENTES S.A.;2023;23.4261704698;14.6257140568;37.5667735552;4.58267793392;12.1953636538;465589000;17.3463207007;62.7164493578;2078749000;2358531000;344952000;1472507000
025704;10.807.374/0001-77;BOA SAFRA SEMENTES S.A.;2024;8.21319469674;6.0191959655;26.7130977926;4.06410855579;7.88239549996;238527000;-11.4346176474;13.0619864653;1841052000;2666602000;160508000;1954270000
025704;10.807.374/0001-77;BOA SAFRA SEMENTES S.A.;2025;5.13942461618;2.80269477731;45.4667596741;6.77252898336;3.51893063496;526878000;42.4411695053;35.3150188892;2622416000;3608313000;101130000;1967730000
014362;10.835.932/0001-08;CIA ENERGETICA DE PERNAMBUCO - CELPE;2020;12.749706228;1.89967609209;85.1002363652;1.04010115607;7.78198775867;728000000;;;6862000000;11423000000;217000000;1702000000
014362;10.835.932/0001-08;CIA ENERGETICA DE PERNAMBUCO - CELPE;2021;20.5240174672;2.89542584322;85.892499615;1.14909390445;11.1202635914;673000000;23.8414456427;13.6829204237;8498000000;12986000000;376000000;1832000000
014362;10.835.932/0001-08;CIA ENERGETICA DE PERNAMBUCO - CELPE;2022;10.1749837978;1.19056646698;88.2990824297;1.39589665653;12.2304879586;907000000;-6.67215815486;1.54782073002;7931000000;13187000000;157000000;1543000000
014362;10.835.932/0001-08;CIA ENERGETICA DE PERNAMBUCO - CELPE;2023;0.379746835443;0.0436522371772;88.5049108767;1.09682209682;11.7431842323;738000000;6.83394275627;4.2314400546;8473000000;13745000000;6000000;1580000000
014362;10.835.932/0001-08;CIA ENERGETICA DE PERNAMBUCO - CELPE;2024;5.79174368453;0.656699734526;88.6614503283;1.0337141265;13.1288641047;953000000;-2.64369172666;4.13968715897;8249000000;14314000000;94000000;1623000000
014362;10.835.932/0001-08;CIA ENERGETICA DE PERNAMBUCO - CELPE;2025;25.5030959752;4.30803425508;83.1077989148;1.07256894049;15.5512037784;820000000;5.23699842405;6.86740254296;8681000000;15297000000;659000000;2584000000
022411;10.841.050/0001-55;CONC ROD AYRTON SENNA E CARV PINTO S.A.-ECOPISTAS;2020;6.2038294724;2.44508918003;60.5874211902;0.353244407067;39.9945410985;28233000;;;296763000;1567223000;38320000;617683000
022411;10.841.050/0001-55;CONC ROD AYRTON SENNA E CARV PINTO S.A.-ECOPISTAS;2021;6.5118760416;3.32799698881;48.8934223019;0.798198071753;40.7916448169;65488000;22.7339661615;5.78035161556;364229000;1657814000;55172000;847252000
022411;10.841.050/0001-55;CONC ROD AYRTON SENNA E CARV PINTO S.A.-ECOPISTAS;2022;9.18048488613;4.84374052843;47.2387287979;0.724704459858;41.2353499732;30121000;22.3068454187;0.504097564624;445477000;1666171000;80705000;879093000
022411;10.841.050/0001-55;CONC ROD AYRTON SENNA E CARV PINTO S.A.-ECOPISTAS;2023;24.940284715;6.12433187644;75.4440177952;1.6045562696;50.1089227399;48820000;10.6701356074;4.47283021971;493010000;1740696000;106606000;427445000
022411;10.841.050/0001-55;CONC ROD AYRTON SENNA E CARV PINTO S.A.-ECOPISTAS;2024;19.9800241901;5.15293601056;74.2095607016;1.32104619279;43.5591574601;37634000;32.6494391594;5.71150850005;653975000;1840116000;94820000;474574000
022411;10.841.050/0001-55;CONC ROD AYRTON SENNA E CARV PINTO S.A.-ECOPISTAS;2025;23.7502957072;6.67633472983;71.8894669265;1.24709163246;46.7660553035;19710000;8.91670170878;6.23732416869;712288000;1954890000;130515000;549530000
024350;10.851.805/0001-00;FLEX GESTÃO DE RELACIONAMENTOS S.A.-EM RECUPERAÇÃO JUDICIAL;2020;-81.5677746712;-5.41170004466;93.3653945244;1.16833169531;1.02481512311;45136000;;;497358000;436665000;-23631000;28971000
024350;10.851.805/0001-00;FLEX GESTÃO DE RELACIONAMENTOS S.A.-EM RECUPERAÇÃO JUDICIAL;2021;283.152105197;-11.0671008935;103.908535621;0.90060635133;3.16366619502;34391000;6.85904318419;-7.31934091351;531472000;404704000;-44789000;-15818000
024350;10.851.805/0001-00;FLEX GESTÃO DE RELACIONAMENTOS S.A.-EM RECUPERAÇÃO JUDICIAL;2022;95.6824006922;-226.579234831;336.803459353;0.153058183715;-60.2660255701;2327000;-23.4573034892;-61.7718134736;406803000;154711000;-350543000;-366361000
023132;11.257.352/0001-43;BSI CAPITAL SECURITIZADORA S.A.;2020;65.6972274794;28.0302147398;57.3342501423;1.22245324056;16.1427774365;19050;;;1347804;600634;168359;256265
023132;11.257.352/0001-43;BSI CAPITAL SECURITIZADORA S.A.;2021;409.793447293;133.157370958;67.5062225037;0.877463370848;32.5046206754;43575;117.814904838;-20.8684490056;2935718;475291;632885;154440
023132;11.257.352/0001-43;BSI CAPITAL SECURITIZADORA S.A.;2022;79.3693343693;62.385106318;21.39898008;4.50604100271;18.4724839242;9992;-42.3498101657;-58.6598525956;1692447;196486;122578;154440
022080;11.274.829/0001-07;COMPANHIA PAULISTA DE SECURITIZAÇÃO;2020;1.54936663202;1.16001407154;25.1297886781;3.81421454328;10.314673733;68257000;;;90570000;562838000;6529000;421398000
022080;11.274.829/0001-07;COMPANHIA PAULISTA DE SECURITIZAÇÃO;2021;1.07788735025;1.00795263352;6.48812853331;12.2864104137;6.62186559679;104525000;-44.9596996798;-19.6388658904;49850000;452303000;4559000;422957000
022080;11.274.829/0001-07;COMPANHIA PAULISTA DE SECURITIZAÇÃO;2022;6.09396774836;5.85191463329;3.97201175099;23.3220760468;39.1570107367;130169000;-24.517552658;-30.6115590655;37628000;313846000;18366000;301380000
022080;11.274.829/0001-07;COMPANHIA PAULISTA DE SECURITIZAÇÃO;2023;4.16567155644;4.02157570168;3.45912664521;28.5574539992;-1.32350477467;179221000;-52.4104390348;-1.88213327556;17907000;307939000;12384000;297287000
023604;11.284.204/0001-18;YOU INC INCORPORADORA E PARTICIPAÇÃO S.A;2020;42.5921852101;12.1720027556;71.4219810617;2.91394673692;24.174648862;122044000;;;635790000;1129354000;137465000;322747000
023604;11.284.204/0001-18;YOU INC INCORPORADORA E PARTICIPAÇÃO S.A;2021;39.1814345992;7.44777823421;80.9915631972;3.01147618299;18.2773528339;128310000;10.3811006779;26.9608112248;701792000;1433837000;106789000;272550000
023604;11.284.204/0001-18;YOU INC INCORPORADORA E PARTICIPAÇÕES S.A;2022;33.7856342587;5.75803755121;82.9571423549;3.7937843875;14.4334125689;117408000;25.4041083398;15.0545006162;880076000;1649694000;94990000;281155000
023604;11.284.204/0001-18;YOU INC INCORPORADORA E PARTICIPAÇÕES S.A;2023;10.7785987579;1.63501876794;84.8308782555;2.52090214986;7.955692976;111554000;16.347451811;15.3050202037;1023946000;1902180000;31101000;288544000
023604;11.284.204/0001-18;YOU INC INCORPORADORA E PARTICIPAÇÕES S.A;2024;-2.07882221019;-0.20974226231;89.9105242728;1.82825031997;5.50576577636;147426000;11.2919040653;7.80325731529;1139569000;2050612000;-4301000;206896000
023604;11.284.204/0001-18;YOU INC INCORPORADORA E PARTICIPAÇÕES S.A;2025;180.144100411;-28.692305683;115.927419004;2.14189025615;-41.2813404969;85180000;-44.7285772077;-43.9918424353;629856000;1148510000;-329534000;-182928000
025550;11.421.994/0001-36;ORIZON VALORIZAÇÃO DE RESÍDUOS S.A.;2020;28.5399995165;3.5193579594;87.6686824842;0.780950898372;26.3485794759;6044000;;;391968000;670861000;23610000;82726000
025550;11.421.994/0001-36;ORIZON VALORIZAÇÃO DE RESÍDUOS S.A.;2021;-15.026271409;-4.60249588952;69.370339692;3.18976249279;18.2959983101;2917000;11.1100906196;79.7783743577;435516000;1206063000;-55509000;369413000
025550;11.421.994/0001-36;ORIZON VALORIZAÇÃO DE RESÍDUOS S.A.;2022;-24.6727673282;-6.91961012803;71.9544628456;1.79697536561;9.18281637242;168875000;43.788976754;71.9061110406;626224000;2073296000;-143464000;581467000
025550;11.421.994/0001-36;ORIZON VALORIZAÇÃO DE RESÍDUOS S.A.;2023;6.73750626181;2.21747886263;67.0875428317;2.29320785819;24.4397611159;289426000;23.961394006;9.11823492642;776276000;2262344000;50167000;744593000
025550;11.421.994/0001-36;ORIZON VALORIZAÇÃO DE RESÍDUOS S.A.;2024;8.52253936794;2.23370057807;73.7906687005;2.15495883884;30.2297910397;493299000;16.3855381333;47.3780291591;903473000;3334198000;74476000;873871000
025550;11.421.994/0001-36;ORIZON VALORIZAÇÃO DE RESÍDUOS S.A.;2025;4.76670767712;1.72247199254;63.8645348275;2.36226651659;29.5095873717;851334000;16.2558261287;28.7849431857;1050340000;4293945000;73962000;1551637000
022365;11.669.021/0001-10;ENAUTA PARTICIPAÇÕES S.A.;2020;4.49841769855;2.85104102456;36.6212473894;3.55952593741;33.9399606112;103248000;;;945446000;4347640000;123953000;2755480000
022365;11.669.021/0001-10;ENAUTA PARTICIPAÇÕES S.A.;2021;34.6758404882;21.5963894913;37.7192039551;3.25924679988;117.158086783;830416000;90.9087351366;53.8517218537;1804939000;6688919000;1444565000;4165912000
022365;11.669.021/0001-10;ENAUTA PARTICIPAÇÕES S.A.;2022;9.32826514829;4.6323348877;50.3408745993;1.72166455834;33.3060275457;853938000;20.5227988314;23.72797458;2175363000;8276064000;383375000;4109821000
022365;11.669.021/0001-10;ENAUTA PARTICIPAÇÕES S.A.;2023;-1.17069147471;-0.557853334456;52.3483901176;1.87997596804;1.06080967216;960997000;-36.1687221857;-1.67928860869;1388562000;8137085000;-45393000;3877452000
022420;11.716.471/0001-17;TRX SECURITIZADORA S.A.;2020;128.948817253;66.6812289236;48.2886075701;0.648142312579;68.9411292987;14373;;;269353;203723;135845;105348
022420;11.716.471/0001-17;TRX SECURITIZADORA S.A.;2021;58.3341219221;33.4200767679;42.7092143213;1.15280915992;42.0087537187;34177;-30.6144724581;-54.7297065133;186892;92226;30822;52837
022420;11.716.471/0001-17;TRX SECURITIZADORA S.A.;2022;5.78743268824;4.46926581416;22.7763663975;1.39967597208;9.17796101671;17747;-13.5013804764;-23.6018042634;161659;70459;3149;54411
022420;11.716.471/0001-17;TRX SECURITIZADORA S.A.;2023;;0;265.448379804;0.376721078779;;2336;-100;-84.9330816503;0;10616;0;0
022217;11.721.921/0001-60;ALPER CONSULTORIA E CORRETORA DE SEGUROS S.A.;2020;-0.495414185378;-0.293199502127;40.8172977722;1.64153077149;-3.20584278301;3639000;;;104060000;300478000;-881000;177831000
022217;11.721.921/0001-60;ALPER CONSULTORIA E CORRETORA DE SEGUROS S.A.;2021;1.47745731753;0.82503095748;44.1587281275;1.5582669552;5.05797436351;9228000;41.3934268691;76.8428969841;147134000;531374000;4384000;296726000
022217;11.721.921/0001-60;ALPER CONSULTORIA E CORRETORA DE SEGUROS S.A.;2022;5.59512021733;3.43235171579;38.6545492775;1.31212402438;7.70381143719;5997000;65.4267538434;44.9944859929;243399000;770463000;26445000;472644000
022217;11.721.921/0001-60;ALPER CONSULTORIA E CORRETORA DE SEGUROS S.A.;2023;-1.48053676389;-0.844495753799;42.9601632059;0.736519077056;8.58131921492;6418000;31.14474587;6.69285870963;319205000;822029000;-6942000;468884000
022217;11.721.921/0001-60;ALPER CONSULTORIA E CORRETORA DE SEGUROS S.A.;2025;2.2986709071;1.08379997534;52.8510161245;1.88972460079;16.6685263378;13944000;;;510843000;1411146000;15294000;665341000
025135;11.725.176/0001-27;BOA VISTA SERVIÇOS S.A.;2020;2.59612336272;1.92308959998;25.9245678538;7.24041352445;11.9083165291;1300085000;;;630299000;2427188000;46677000;1797950000
025135;11.725.176/0001-27;BOA VISTA SERVIÇOS S.A.;2021;8.56597207113;7.26997721869;15.1295713047;7.26676839348;15.3640044617;1264082000;19.1945410036;-0.713500561143;751282000;2409870000;175197000;2045267000
025135;11.725.176/0001-27;BOA VISTA SERVIÇOS S.A.;2022;13.5388664365;11.0335152057;18.5048817978;4.10783390017;24.7144021562;1382268000;16.1072673111;11.980978227;872293000;2698596000;297750000;2199224000
022497;11.992.680/0001-93;QUALICORP CONSULTORIA E CORRETORA DE SEGUROS S.A.;2020;23.4480160202;8.96730140246;61.756673167;1.42968237273;30.0713097207;418767000;;;2025951000;4406978000;395187000;1685375000
022497;11.992.680/0001-93;QUALICORP CONSULTORIA E CORRETORA DE SEGUROS S.A.;2021;29.5914902094;8.5681630473;71.0451789123;0.477201067786;30.373118097;449462000;3.48463511704;-0.0770822999343;2096548000;4403581000;377306000;1275049000
022497;11.992.680/0001-93;QUALICORP CONSULTORIA E CORRETORA DE SEGUROS S.A.;2022;7.48035152743;2.24905519203;69.9338301979;1.77589356679;18.565517821;377129000;-6.92280834973;2.46270024328;1951408000;4512028000;101478000;1356594000
022497;11.992.680/0001-93;QUALICORP CONSULTORIA E CORRETORA DE SEGUROS S.A.;2023;-5.86332672907;-1.67153620553;71.4916755834;1.24169794488;6.71424636523;394589000;-10.3259800103;-0.0599065431332;1749906000;4509325000;-75375000;1285533000
022497;11.992.680/0001-93;QUALICORP CONSULTORIA E CORRETORA DE SEGUROS S.A.;2024;1.15729465184;0.344981191276;70.1907210297;1.10277143095;11.727479169;322307000;-9.68320584077;-3.17120633354;1580459000;4366325000;15063000;1301570000
022497;11.992.680/0001-93;QUALICORP CONSULTORIA E CORRETORA DE SEGUROS S.A.;2025;1.30305283826;0.432876581552;66.779813616;0.90687162481;19.6219631425;222668000;-9.71958146336;-9.79746125174;1426845000;3938536000;17049000;1308389000
021067;12.049.631/0001-84;MOURA DUBEUX ENGENHARIA S/A;2020;-10.4419152897;-5.02580322155;51.8689523699;2.11556343663;-14.0878354026;49538000;;;513301000;2077260000;-104399000;999807000
021067;12.049.631/0001-84;MOURA DUBEUX ENGENHARIA S/A;2021;7.92553950827;3.15359749503;60.2096804673;1.85051437599;10.0438478285;113881000;20.7172789455;29.6673021191;619643000;2693527000;84943000;1071763000
021067;12.049.631/0001-84;MOURA DUBEUX ENGENHARIA S/A;2022;8.91805444022;3.72641131306;58.2149745997;2.78125097953;10.9516001336;190174000;29.0302642005;4.6677460445;799527000;2819254000;105057000;1178026000
021067;12.049.631/0001-84;MOURA DUBEUX ENGENHARIA S/A;2023;11.6342113113;4.52608540744;61.0967577747;2.38533728756;14.9269962988;257113000;43.9905093887;21.9551342305;1151243000;3438225000;155617000;1337581000
021067;12.049.631/0001-84;MOURA DUBEUX ENGENHARIA S/A;2024;16.3439378986;6.05216421992;62.9699754277;2.46429401655;15.7926885194;331069000;36.3764209641;20.6485613943;1570024000;4148169000;251054000;1536068000
021067;12.049.631/0001-84;MOURA DUBEUX ENGENHARIA S/A;2025;27.7056810846;7.54609935701;72.7633501087;2.1763973948;18.9499257087;309111000;50.1211446449;34.2298734695;2356938000;5568082000;420173000;1516559000
025291;12.091.809/0001-55;BRAVA ENERGIA S.A.;2020;-25.6735679138;-13.1115034916;48.9299518649;6.74011230362;-84.3812116287;287942000;;;204254000;2109064000;-276530000;1077100000
025291;12.091.809/0001-55;BRAVA ENERGIA S.A.;2021;0.382977143754;0.293225556301;23.4352333858;4.78679680981;57.0274210325;118725000;256.320561654;158.573518869;727799000;5453481000;15991000;4175445000
025291;12.091.809/0001-55;BRAVA ENERGIA S.A.;2022;2.94190070889;1.60223104991;45.5375551913;1.76189167513;15.7369680601;800442000;136.661770626;46.1659992948;1722422000;7971135000;127716000;4341275000
025291;12.091.809/0001-55;BRAVA ENERGIA S.A.;2023;7.64075693295;2.11340954792;72.3403117457;1.1885157879;22.5244213111;1754106000;226.284092981;152.408948036;5619989000;20119858000;425215000;5565090000
025291;12.091.809/0001-55;BRAVA ENERGIA S.A.;2024;-8.64423640762;-2.04591619325;76.3320194315;1.69273063678;28.6175188031;3171958000;55.2736313185;120.994338032;8726361000;44463747000;-909691000;10523671000
025291;12.091.809/0001-55;BRAVA ENERGIA S.A.;2025;11.9857522234;3.30433622056;72.4311319059;1.42216699815;19.0672349312;889391000;33.1940198211;-3.94809731173;11622991000;42708275000;1411225000;11774188000
026123;12.104.241/0004-02;ONCOCLÍNICAS DO BRASIL SERVIÇOS MÉDICOS S.A.;2020;-18.485736137;-3.72339381525;79.8580170805;1.39288553377;0.963840740255;740788000;;;2035191000;3362658000;-125205000;677306000
026123;12.104.241/0004-02;ONCOCLÍNICAS DO BRASIL SERVIÇOS MÉDICOS S.A.;2021;-0.972562011295;-0.371609356791;61.7906773578;2.41133446766;6.55850005144;536838000;32.7671948235;79.3940983591;2702066000;6032410000;-22417000;2304943000
026123;12.104.241/0004-02;ONCOCLÍNICAS DO BRASIL SERVIÇOS MÉDICOS S.A.;2022;4.32181962396;1.38410047277;67.9741267983;1.50101445405;11.5101759872;263208000;51.3009674819;36.2602840324;4088252000;8219779000;113770000;2632456000
026123;12.104.241/0004-02;ONCOCLÍNICAS DO BRASIL SERVIÇOS MÉDICOS S.A.;2023;11.6654991041;3.40438685594;70.8166206557;1.70961398502;13.8103285687;550704000;34.2572815961;11.6958740618;5488776000;9181154000;312562000;2679371000
026123;12.104.241/0004-02;ONCOCLÍNICAS DO BRASIL SERVIÇOS MÉDICOS S.A.;2024;-21.2103742138;-6.40424690145;69.8060635946;1.89987469458;-1.92617034837;550744000;13.4538374312;22.0144221522;6227227000;11202332000;-717425000;3382425000
026123;12.104.241/0004-02;ONCOCLÍNICAS DO BRASIL SERVIÇOS MÉDICOS S.A.;2025;-345.546198397;-51.4844652153;85.1005551633;0.556759593536;-34.6800439839;509549000;-7.834305703;-36.3479496948;5739367000;7130514000;-3671107000;1062407000
025046;12.108.897/0001-50;D1000 VAREJO FARMA PARTICIPAÇÕES S.A.;2020;0.014710120922;0.00845374188046;42.5311190486;1.52049585424;0.661804604854;206491000;;;1004375000;1454977000;123000;836159000
025046;12.108.897/0001-50;D1000 VAREJO FARMA PARTICIPAÇÕES S.A.;2021;0.236118634401;0.134578610501;43.0038163475;1.10443031774;-0.185036893483;96357000;13.642215308;1.0679893909;1141394000;1470516000;1979000;838138000
025046;12.108.897/0001-50;D1000 VAREJO FARMA PARTICIPAÇÕES S.A.;2022;1.33667964303;0.772073447269;42.239454959;1.19977352852;2.40245747559;56465000;29.9418079997;0.0135326647245;1483148000;1470715000;11355000;849493000
025046;12.108.897/0001-50;D1000 VAREJO FARMA PARTICIPAÇÕES S.A.;2023;2.45299160021;1.37951164952;43.7620720185;1.15804003099;2.93457235339;44229000;17.9187107423;5.29021598338;1748909000;1548519000;21362000;870855000
025046;12.108.897/0001-50;D1000 VAREJO FARMA PARTICIPAÇÕES S.A.;2024;2.88353451275;1.40952021691;51.1183164037;1.13979776195;2.92667235941;57598000;23.5424484636;18.4650624242;2160645000;1834454000;25857000;896712000
025046;12.108.897/0001-50;D1000 VAREJO FARMA PARTICIPAÇÕES S.A.;2025;2.45464642322;1.15768174295;52.8371283131;1.08179417684;3.14590899461;45913000;23.4244866695;6.25254162819;2666765000;1949154000;22565000;919277000
022276;12.130.744/0001-00;TRUE SECURITIZADORA S.A.;2020;330.937098845;143.982127897;56.4925998324;1.45229856649;45.1282960861;2171000;;;16914000;3581000;5156000;1558000
022276;12.130.744/0001-00;TRUE SECURITIZADORA S.A.;2021;172.175597159;99.5892457058;42.1583271098;2.19459198455;63.5057009796;1977000;-26.3686886603;49.5671600112;12454000;5356000;5334000;3098000
022390;12.139.922/0001-63;OCTANTE SECURITIZADORA S.A.;2020;30.8892355694;22.3981900452;27.4886877828;3.53881278539;15.2720889409;527000;;;1709000;884000;198000;641000
022390;12.139.922/0001-63;OCTANTE SECURITIZADORA S.A.;2021;8.89212827988;6.46871686108;27.2534464475;3.63948497854;4.25531914894;678000;-20.2457577531;6.6742081448;1363000;943000;61000;686000
025119;12.181.987/0001-77;MELNICK DESENVOLVIMENTO IMOBILIÁRIO S.A.;2020;4.7692700434;3.19291535602;33.0523261009;3.15404611526;9.40409219037;6491000;;;581449000;1790464000;57168000;1198674000
025119;12.181.987/0001-77;MELNICK DESENVOLVIMENTO IMOBILIÁRIO S.A.;2021;7.2024533328;4.42546671381;38.5561209587;2.5381661787;7.89407879308;16140000;32.7406186957;8.9890665213;771819000;1951410000;86359000;1199022000
025119;12.181.987/0001-77;MELNICK DESENVOLVIMENTO IMOBILIÁRIO S.A.;2022;9.69670625604;5.45790508191;43.7138246967;3.0643888287;7.06587617331;16058000;33.3950058239;17.9209392183;1029568000;2301121000;125593000;1295213000
025119;12.181.987/0001-77;MELNICK DESENVOLVIMENTO IMOBILIÁRIO S.A.;2023;11.4704115032;6.27532395876;45.2912046182;2.90371013014;8.17042026376;1580000;14.9714249083;5.22580081621;1183709000;2421373000;151949000;1324704000
025119;12.181.987/0001-77;MELNICK DESENVOLVIMENTO IMOBILIÁRIO S.A.;2024;10.0026535728;5.27356779891;47.2783120945;2.93309334254;7.53358626695;5140000;-13.0705266244;7.15800498312;1028992000;2594695000;136833000;1367967000
025119;12.181.987/0001-77;MELNICK DESENVOLVIMENTO IMOBILIÁRIO S.A.;2025;12.3375139156;5.47494578178;55.6235898154;2.59534963212;9.0130253481;5571000;8.58033881702;5.62998733955;1117283000;2740776000;150056000;1216258000
022160;12.261.588/0001-16;POLO CAPITAL SECURITIZADORA S.A;2020;-2.00501253133;-1.30612244898;34.8571428571;2.60889929742;-7.28346456693;44000;;;508000;1225000;-16000;798000
022160;12.261.588/0001-16;POLO CAPITAL SECURITIZADORA S.A;2021;4.94571773221;3.41382181515;30.9741881765;3.16935483871;3.84615384615;8000;27.9527559055;-1.95918367347;650000;1201000;41000;829000
025097;12.300.288/0001-07;NORTE ENERGIA S.A.;2020;-6.53094428173;-1.9339555548;70.3878111437;0.918072396267;19.3056359049;1106159000;;;4402647000;44488768000;-860393000;13174098000
025097;12.300.288/0001-07;NORTE ENERGIA S.A.;2021;-3.39560434646;-1.00348335987;70.4475770001;0.887412362912;31.5087314331;542779000;9.85286805869;-3.05180174915;4836434000;43131059000;-432813000;12746273000
025097;12.300.288/0001-07;NORTE ENERGIA S.A.;2022;-5.34823605848;-1.49059108502;72.1292951785;0.780687674991;27.3908977136;741217000;15.0704217198;0.690344746694;5565305000;43428812000;-647346000;12103916000
025097;12.300.288/0001-07;NORTE ENERGIA S.A.;2023;-7.55735653206;-1.97388688984;73.8812522413;0.805422985425;22.4088732018;554350000;3.57766555472;-0.74910867928;5764413000;43103483000;-850814000;11258090000
025097;12.300.288/0001-07;NORTE ENERGIA S.A.;2024;-17.4815932366;-3.91909662421;77.581582118;0.914555572835;15.1897707197;796696000;8.40860986192;-0.78668120625;6249120000;42764396000;-1675978000;9587101000
025097;12.300.288/0001-07;NORTE ENERGIA S.A.;2025;-19.1798509396;-3.75939569467;80.3992444649;0.968370488539;17.3629800548;847695000;0.421419335842;-3.98143586548;6275455000;41061759000;-1543674000;8048415000
022250;12.320.349/0001-90;ORE  SECURITIZADORA SA;2020;73.5325506937;42.0378279439;42.8309945088;2.17082533589;45.5270503788;212000;;;7523000;6556000;2756000;3748000
022250;12.320.349/0001-90;ORE  SECURITIZADORA SA;2021;332.985386221;160.301507538;51.8592964824;1.61941747573;65.1544779038;172000;35.9564003722;-54.4691885296;10228000;2985000;4785000;1437000
022250;12.320.349/0001-90;ORE  SECURITIZADORA SA;2022;42.4901185771;8.96020004168;78.9122733903;1.25138632163;10.543302851;17000;-63.6488071959;60.770519263;3718000;4799000;430000;1012000
025682;12.420.164/0001-57;CM HOSPITALAR S.A;2020;10.1384813676;2.64984106307;73.8635307697;1.39024266202;4.46413337862;937334000;;;4413421000;4595219000;121766000;1201028000
025682;12.420.164/0001-57;CM HOSPITALAR S.A;2021;18.3706125986;5.72921726094;68.8131398439;2.15951068689;7.91637045269;1364846000;40.9056375995;50.0949138659;6218759000;6897190000;395155000;2151017000
025682;12.420.164/0001-57;CM HOSPITALAR S.A;2022;11.3895902636;2.71697924521;76.1450659566;1.75191858172;5.86936695245;1042558000;40.6475311232;38.6017204108;8746531000;9559624000;259733000;2280442000
025682;12.420.164/0001-57;CM HOSPITALAR S.A;2023;10.9418245495;3.53319767269;67.7092457778;1.95468250567;5.7421486977;472702000;26.7225829303;6.55955715413;11083830000;10186693000;359916000;3289360000
025682;12.420.164/0001-57;CM HOSPITALAR S.A;2024;-73.4739079024;-14.8309071994;79.8147293062;1.84704406537;-7.45022325539;543666000;4.5069348772;-6.30720882626;11583371000;9544197000;-1415491000;1926522000
025682;12.420.164/0001-57;CM HOSPITALAR S.A;2025;0.941567475733;0.203021942488;78.4378764432;1.32978894552;4.59640703157;573643000;-0.141970761361;-5.87203931352;11566926000;8983758000;18239000;1937089000
022977;12.489.315/0001-23;FERREIRA GOMES ENERGIA S.A.;2020;2.68542676518;1.58575900817;40.9494599245;0.984651162791;40.845193086;8813000;;;195198000;1543488000;24476000;911438000
022977;12.489.315/0001-23;FERREIRA GOMES ENERGIA S.A.;2021;3.78081410323;2.32927766427;38.3921663253;0.983468463725;46.6289813392;9285000;23.9787292903;-1.19080938757;242004000;1525108000;35524000;939586000
022977;12.489.315/0001-23;FERREIRA GOMES ENERGIA S.A.;2022;3.52307052964;2.2545005666;36.0075097096;0.957113438198;45.7556661724;10721000;-21.9682319301;-0.882888293813;188840000;1511643000;34080000;967338000
022977;12.489.315/0001-23;FERREIRA GOMES ENERGIA S.A.;2023;6.33703622746;4.29836575669;32.1707245722;1.51605628721;50.0670137401;9385000;16.1607710231;-0.501639606706;219358000;1504060000;64650000;1020193000
022977;12.489.315/0001-23;FERREIRA GOMES ENERGIA S.A.;2024;8.12734978922;5.90902310266;27.2945885694;1.53710658913;47.0005556764;10983000;13.2149271966;-3.7291065516;248346000;1447972000;85561000;1052754000
022977;12.489.315/0001-23;FERREIRA GOMES ENERGIA S.A.;2025;7.49929582151;5.81513621947;22.4575699122;1.65963674443;41.8686335125;7815000;3.29097307788;-2.29514106626;256519000;1414739000;82269000;1097023000
025283;12.528.708/0001-07;AERIS IND. E COM. DE EQUIP. PARA GER. DE ENG. S.A.;2020;11.7152668248;4.77506180849;59.2406909727;1.76980174643;9.30211499786;684554000;;;2208702000;2370629000;113199000;966252000
025283;12.528.708/0001-07;AERIS IND. E COM. DE EQUIP. PARA GER. DE ENG. S.A.;2021;6.92212422668;2.2405760806;67.6316690192;2.79907488447;8.36204573336;892933000;12.561585945;30.2683380656;2486150000;3088179000;69193000;999592000
025283;12.528.708/0001-07;AERIS IND. E COM. DE EQUIP. PARA GER. DE ENG. S.A.;2022;-10.4771559148;-2.45589552411;76.5595210753;1.94935772216;8.64580919962;1061718000;-0.694487460531;22.2389310982;2468884000;3774957000;-92709000;884868000
025283;12.528.708/0001-07;AERIS IND. E COM. DE EQUIP. PARA GER. DE ENG. S.A.;2023;-9.36228869026;-2.65456481174;71.6461978522;1.60659927966;9.34042864987;1063522000;14.7042550399;6.34507889759;2831915000;4014481000;-106567000;1138258000
025283;12.528.708/0001-07;AERIS IND. E COM. DE EQUIP. PARA GER. DE ENG. S.A.;2024;-451.516118273;-39.4525036598;91.2622158849;0.513374234077;-48.8698199256;345841000;-46.4502289087;-41.0231609017;1516484000;2367614000;-934083000;206877000
025283;12.528.708/0001-07;AERIS IND. E COM. DE EQUIP. PARA GER. DE ENG. S.A.;2025;129.430511094;-55.8548859925;143.15434245;0.810738221838;-67.7278735024;28741000;-50.8068664094;-31.851644736;746006000;1613490000;-901213000;-696291000
024961;12.648.266/0001-24;AMBIPAR PARTICIPAÇÕES E EMPREENDIMENTOS S.A.;2020;4.0402202733;3.01205295588;25.4482985547;5.22960597408;18.40418921;591608000;;;701612000;1644161000;49523000;1225750000
024961;12.648.266/0001-24;AMBIPAR PARTICIPAÇÕES E EMPREENDIMENTOS S.A.;2021;12.9429645322;3.47373342776;73.1612226926;1.67145911581;17.1547518906;793241000;173.132728631;195.67475448;1916332000;4861369000;168871000;1304732000
024961;12.648.266/0001-24;AMBIPAR PARTICIPAÇÕES E EMPREENDIMENTOS S.A.;2022;8.36789657959;1.10033369723;86.8505342201;2.41132561881;18.7841493106;2853123000;97.762757184;103.294812634;3789791000;9882911000;108745000;1299550000
024961;12.648.266/0001-24;AMBIPAR PARTICIPAÇÕES E EMPREENDIMENTOS S.A.;2023;2.16768994408;0.486562520694;77.5538691765;2.36606756632;18.5206292929;2739836000;28.5745572777;17.8063528044;4872707000;11642697000;56649000;2613335000
024961;12.648.266/0001-24;AMBIPAR PARTICIPAÇÕES E EMPREENDIMENTOS S.A.;2024;-6.30099167299;-1.17485366358;81.3544641137;2.9113832974;18.2783632974;2293127000;31.624495378;25.8752332041;6413676000;14655272000;-172178000;2732554000
022675;12.648.327/0001-53;HIDROVIAS DO BRASIL S.A.;2020;-6.91723242543;-1.84696920831;73.2990147689;3.20096286015;13.8609249827;214848000;;;1462103000;5714497000;-105545000;1525827000
022675;12.648.327/0001-53;HIDROVIAS DO BRASIL S.A.;2021;-27.5021760841;-5.26475520634;80.8569504091;2.03620361023;7.67641160212;76454000;-23.7114621884;14.0525579067;1115417000;6517530000;-343132000;1247654000
022675;12.648.327/0001-53;HIDROVIAS DO BRASIL S.A.;2022;-0.613388137255;-0.128277878517;79.0869971678;1.8624924525;17.9417387861;401545000;58.4967774384;-2.36287366533;1767900000;6363529000;-8163000;1330805000
022675;12.648.327/0001-53;HIDROVIAS DO BRASIL S.A.;2023;1.27204245972;0.281626942476;77.8602561319;1.77634841764;20.2822251669;663919000;8.84948243679;-1.7990332094;1924350000;6249047000;17599000;1383523000
022675;12.648.327/0001-53;HIDROVIAS DO BRASIL S.A.;2024;-65.5748754054;-8.67484394465;86.7710858907;0.714114872063;-27.319828513;988450000;-29.721412425;14.6844950918;1352406000;7166688000;-621699000;948075000
022675;12.648.327/0001-53;HIDROVIAS DO BRASIL S.A.;2025;-6.51778958138;-2.17221072285;66.672585917;2.97213975098;25.4492550307;1083247000;65.7119977285;-9.47969271161;2241099000;6487308000;-140918000;2162052000
024066;12.919.786/0001-24;TCP TERMINAL DE CONTEINERES DE PARANAGUA SA;2020;-79.0610152334;-2.90096229453;96.3307297712;0.675341570271;48.9818778094;205874000;;;754379000;3338375000;-96845000;122494000
024066;12.919.786/0001-24;TCP TERMINAL DE CONTEINERES DE PARANAGUA SA;2021;95.2651554146;12.6405435728;86.7311993375;0.511629093655;56.0719545069;216693000;27.462720993;-1.3186954731;961552000;3294352000;416424000;437121000
024066;12.919.786/0001-24;TCP TERMINAL DE CONTEINERES DE PARANAGUA SA;2022;45.1142796597;9.01323504775;80.0213255853;0.830292397125;53.6725749903;239213000;17.4642661031;0.378648061895;1129480000;3306826000;298052000;660660000
024066;12.919.786/0001-24;TCP TERMINAL DE CONTEINERES DE PARANAGUA SA;2023;52.6980154328;10.86195432;79.3883047952;0.631799414179;53.1474074934;156340000;8.33675673761;2.2350737535;1223642000;3380736000;367214000;696827000
024066;12.919.786/0001-24;TCP TERMINAL DE CONTEINERES DE PARANAGUA SA;2024;61.1982772889;14.9323801563;75.5999991865;1.0158867908;57.7132405156;227218000;22.3325940103;1.81105534416;1496913000;3441963000;513967000;839839000
022489;12.979.898/0001-70;FORTE SECURITIZADORA S.A.;2020;47.110454726;21.3770803731;54.623489632;0.652722814379;7.40119448859;1374666;;;4988411;5831526;1246610;2646143
022489;12.979.898/0001-70;FORTE SECURITIZADORA S.A.;2021;10.3662823056;9.81909827922;5.27849821457;0.850185741573;-10.1669686381;65884;122.335429057;311.015641532;11091005;23968484;2353489;22703308
001120;13.009.717/0001-46;BCO ESTADO DE SERGIPE S.A. - BANESE;2020;0;0;92.704084233;0.770053317883;12.7665413344;80155000;;;634048000;6827916000;0;10351000
001120;13.009.717/0001-46;BCO ESTADO DE SERGIPE S.A. - BANESE;2021;0;0;92.1968371748;0.777774096495;20.2067320136;59766000;12.1164328253;7.20008857754;710872000;7319532000;0;9833000
001120;13.009.717/0001-46;BCO ESTADO DE SERGIPE S.A. - BANESE;2022;;0;92.3262052137;0.750709742512;8.35848538575;63973000;51.1474639598;6.03008498358;1074465000;7760906000;0;0
001120;13.009.717/0001-46;BCO ESTADO DE SERGIPE S.A. - BANESE;2023;;0;92.5510406767;0.735689427229;4.63550960428;61140000;13.4942506271;15.5969934438;1219456000;8971374000;0;0
001120;13.009.717/0001-46;BCO ESTADO DE SERGIPE S.A. - BANESE;2024;;0;93.0913533303;0.976579979665;16.062983446;83924000;5.6330035688;30.6939828838;1288148000;11725046000;0;0
001120;13.009.717/0001-46;BCO ESTADO DE SERGIPE S.A. - BANESE;2025;5970.43752464;1.18756213885;88.637695231;;13.4013694136;91307000;45.2828401705;8.78167130432;1871458000;12754701000;151470000;2537000
018996;13.017.462/0001-63;ENERGISA SERGIPE - DISTRIBUIDORA DE ENERGIA S/A;2020;33.6623163756;6.74297961189;79.9687593193;1.36757175907;16.5100846156;48121000;;;1403524000;2424403000;163477000;485638000
018996;13.017.462/0001-63;ENERGISA SERGIPE - DISTRIBUIDORA DE ENERGIA S/A;2021;50.0182264331;12.2220682682;75.564770805;1.29305125305;21.7046844865;29891000;31.5525064053;0.0232222118187;1846371000;2424966000;296381000;592546000
018996;13.017.462/0001-63;ENERGISA SERGIPE - DISTRIBUIDORA DE ENERGIA S/A;2022;39.9184126749;11.5260151837;71.1260683697;0.774828153788;24.5254641381;16492000;-11.449757389;-3.54664766434;1634966000;2338961000;269589000;675350000
018996;13.017.462/0001-63;ENERGISA SERGIPE - DISTRIBUIDORA DE ENERGIA S/A;2023;32.2151746059;9.78298510456;69.6323697629;1.2596012734;22.2201905775;51403000;3.02715775129;9.13939993014;1684459000;2552728000;249733000;775203000
018996;13.017.462/0001-63;ENERGISA SERGIPE - DISTRIBUIDORA DE ENERGIA S/A;2024;33.2784653292;10.1107870545;69.6176282336;1.17455102314;21.3079913338;29079000;10.8113643609;1.0469192174;1866572000;2579453000;260803000;783699000
018996;13.017.462/0001-63;ENERGISA SERGIPE - DISTRIBUIDORA DE ENERGIA S/A;2025;41.3801784329;11.7131583962;71.6937943727;1.23017343922;24.4909729848;45695000;17.9673754883;25.1286609991;2201946000;3227635000;378058000;913621000
024694;13.217.485/0001-11;GRUPO SBF S.A.;2020;-5.78283742232;-1.82123909807;68.5061334935;1.77567244226;-3.02381149239;514295000;;;2406863000;6193860000;-112805000;1950686000
024694;13.217.485/0001-11;GRUPO SBF S.A.;2021;22.3780979801;6.96608909658;68.8709509505;1.67375418572;7.87355428922;549347000;112.328744926;15.3802636805;5110462000;7146492000;497831000;2224635000
024694;13.217.485/0001-11;GRUPO SBF S.A.;2022;8.49022388908;2.41553758704;71.5491885892;1.53526766605;6.41838054392;418311000;22.5076519501;18.5231439425;6260707000;8470247000;204602000;2409854000
024694;13.217.485/0001-11;GRUPO SBF S.A.;2023;6.64195520855;1.95963826813;70.4960631832;1.64999704398;7.59553568912;875914000;11.6275046892;1.70242969302;6988671000;8614447000;168812000;2541601000
024694;13.217.485/0001-11;GRUPO SBF S.A.;2024;17.7879418818;5.98967109984;66.3273517553;1.51278849965;8.55870354995;996713000;2.33296144575;3.8484188248;7151714000;8945967000;535834000;3012344000
024694;13.217.485/0001-11;GRUPO SBF S.A.;2025;10.7186954416;3.44414193431;67.8679000343;1.35592704582;6.83211974335;679969000;8.17564852286;6.44512773186;7736413000;9522546000;327970000;3059794000
025879;13.270.520/0001-66;KORA SAÚDE PARTICIPAÇÕES S.A.;2020;9.51151793848;1.59244776653;83.2576905513;1.36527886345;12.9243312368;180773000;;;612287000;1101449000;17540000;184408000
025879;13.270.520/0001-66;KORA SAÚDE PARTICIPAÇÕES S.A.;2021;-4.14718409558;-1.39414764951;66.3832707356;1.41872926659;10.5251312353;396969000;106.088974615;257.877214469;1261856000;3941835000;-54955000;1325116000
025879;13.270.520/0001-66;KORA SAÚDE PARTICIPAÇÕES S.A.;2022;-7.71999816947;-1.99972820174;74.0967788096;2.10283031777;13.2165518737;779534000;62.1998865164;19.8449960488;2046729000;4724092000;-94469000;1223692000
025879;13.270.520/0001-66;KORA SAÚDE PARTICIPAÇÕES S.A.;2023;-14.5670274579;-3.35987467612;76.9350700696;1.9313404951;12.7864611338;359858000;10.4047971177;-0.41239671031;2259687000;4704610000;-158069000;1085115000
025879;13.270.520/0001-66;KORA SAÚDE PARTICIPAÇÕES S.A.;2024;-18.3130240613;-3.52571334088;80.7475088272;2.00099565652;11.7533936153;252681000;0.378061209362;1.55719602688;2268230000;4777870000;-168454000;919859000
025879;13.270.520/0001-66;KORA SAÚDE PARTICIPAÇÕES S.A.;2025;-84.1250159734;-8.48343914687;89.9156760344;1.7085168975;9.29945875389;262201000;5.10962292184;3.9467587021;2384128000;4966441000;-421325000;500832000
022802;13.349.677/0001-81;REIT SECURITIZADORA S/A;2020;-3.58639962739;-0.321744944008;91.0287481197;0.968873381691;0.227272727273;14;;;1760;23932;-77;2147
022802;13.349.677/0001-81;REIT SECURITIZADORA S/A;2021;25.1129518072;0.880574551792;96.4935442136;1.01246336357;7.3774905762;2259;322.045454545;216.505097777;7428;75746;667;2656
022586;13.444.994/0001-87;MLOG S.A.;2020;5.00874223249;3.33828300273;33.3508723792;0.310340847;58.8255097411;14848000;;;68319000;1239140000;41366000;825876000
022586;13.444.994/0001-87;MLOG S.A.;2021;-0.3010698363;-0.192916936769;35.9228612407;0.300188143536;-1.33052838643;1410000;60.725420454;3.70168019756;109806000;1285009000;-2479000;823397000
022586;13.444.994/0001-87;MLOG S.A.;2022;-10.4353141203;-6.1185397563;41.3669805647;0.377763022244;-21.9473006346;2282000;114.249676703;-5.54385222205;235259000;1213770000;-74265000;711670000
022586;13.444.994/0001-87;MLOG S.A.;2023;-4.24451400556;-2.31505597295;45.4576903288;0.32816141781;0.59187449247;2713000;1.54850611454;3.12299694341;238902000;1251676000;-28977000;682693000
022586;13.444.994/0001-87;MLOG S.A.;2024;-6.40095507798;-3.18441458953;50.2509461363;0.604916745783;6.67493336339;19826000;15.1095428251;3.03936481965;274999000;1289719000;-41070000;641623000
022586;13.444.994/0001-87;MLOG S.A.;2025;-7.42559503878;-3.46272250516;53.367743769;0.527673047077;9.73841171095;26875000;-9.28112465864;-0.690538016421;249476000;1280813000;-44351000;597272000
024996;13.457.942/0001-45;RIVA INCORPORADORA S.A;2020;-2.08839028562;-1.44069340691;31.0141683368;3.59400990451;-0.642057707132;7848000;;;102483000;230514000;-3321000;159022000
024996;13.457.942/0001-45;RIVA INCORPORADORA S.A;2021;1.95452985438;0.568456335306;70.9159553623;3.47112502827;9.50385530279;72613000;32.4970970795;417.181602853;135787000;1192176000;6777000;346733000
024996;13.457.942/0001-45;RIVA INCORPORADORA S.A;2022;24.3097459747;6.71537268438;72.3758006712;2.04961880535;26.2217144803;76701000;211.360439512;23.7898598865;422787000;1475793000;99105000;407676000
024287;13.483.537/0001-00;BRASIL SECURITIZADORA S/A;2020;68.6266797733;-22.1579074431;132.287599395;2.09029597745;-100.126160068;94361;;;1157260;5252292;-1163798;-1695839
024317;13.574.594/0001-96;ZAMP SA;2020;-24.2380711237;-11.3306575162;53.2526435031;1.98235172205;-17.298616209;219670000;;;2238127000;3932755000;-445607000;1838459000
024317;13.574.594/0001-96;ZAMP SA;2021;-17.411936009;-7.18100449781;58.7581501901;1.06875812701;-6.27017815433;111590000;23.017460582;-3.0346919653;2753287000;3813408000;-273841000;1572720000
024317;13.574.594/0001-96;ZAMP SA;2022;-3.75615746963;-1.35043899071;64.0473275779;1.06926254481;2.65439378117;45453000;32.3753753241;8.32706597353;3644674000;4130953000;-55786000;1485188000
024317;13.574.594/0001-96;ZAMP SA;2023;-7.01925836634;-2.3758787565;66.1519973693;0.690364874907;2.58349837492;81279000;5.41302185051;-0.326486406405;3841961000;4117466000;-97826000;1393680000
024317;13.574.594/0001-96;ZAMP SA;2024;-12.3748889087;-4.08978680924;66.9509210192;1.15357398619;-0.782027759001;48259000;18.594644766;13.612838576;4556360000;4677970000;-191319000;1546026000
024317;13.574.594/0001-96;ZAMP SA;2025;-7.13953945549;-2.27481628868;68.1377727112;0.871889350853;3.58302696225;208256000;14.8272963506;0.678264289852;5231945000;4709699000;-107137000;1500615000
023957;13.584.310/0001-42;SUGOI S.A.;2020;36.5198858081;4.82554954992;86.7865152282;1.46533876542;15.5271276422;44078000;;;183466000;387044000;18677000;51142000
023957;13.584.310/0001-42;SUGOI S.A.;2021;11.007469168;1.55634473883;85.8610120539;1.16551704289;9.09852515193;29385000;15.1581219409;5.20044232697;211276000;407172000;6337000;57570000
023957;13.584.310/0001-42;SUGOI S.A.;2022;5.16726795671;0.771077379365;85.0776583327;1.39794116998;12.3838201101;19254000;-22.034211174;0.36274596485;164723000;408649000;3151000;60980000
023957;13.584.310/0001-42;SUGOI S.A.;2023;23.6553748446;4.36681559527;81.5398588103;1.62633970131;12.2405215922;29459000;68.1598805267;26.9042625823;276998000;518593000;22646000;95733000
023957;13.584.310/0001-42;SUGOI S.A.;2024;-1075.0439588;-18.328772286;98.2950676448;0.415897376216;528.767667143;11338000;-104.546603225;-9.94903517788;-12594000;466998000;-85595000;7962000
026379;13.783.221/0004-78;MADERO INDÚSTRIA E COMÉRCIO S.A.;2020;-90.1582587911;-13.0645766479;85.5092846479;0.276844681933;-11.3256409193;37520000;;;795849000;1905565000;-248954000;276130000
026379;13.783.221/0004-78;MADERO INDÚSTRIA E COMÉRCIO S.A.;2021;-26.4389577096;-4.76328543086;81.9838380802;0.444530479593;3.94656946737;236934000;44.0268191579;33.3935604401;1146236000;2541901000;-121078000;457953000
026379;13.783.221/0004-78;MADERO INDÚSTRIA E COMÉRCIO S.A.;2022;-58.0975449512;-5.95567456816;89.748836077;0.533337311615;9.27637754497;55992000;29.3737066363;-3.03615286355;1482928000;2464725000;-146791000;252663000
026379;13.783.221/0004-78;MADERO INDÚSTRIA E COMÉRCIO S.A.;2023;-34.5144412553;-2.70891479232;92.1513584059;0.676375907954;11.8774800977;173849000;15.1841491967;-2.38485023684;1708098000;2405945000;-65175000;188834000
026379;13.783.221/0004-78;MADERO INDÚSTRIA E COMÉRCIO S.A.;2024;61.4218519619;7.82168890939;87.2656250837;1.08816913011;19.5982041595;379522000;19.7598732625;16.4382810081;2045616000;2801441000;219120000;356746000
026379;13.783.221/0004-78;MADERO INDÚSTRIA E COMÉRCIO S.A.;2025;47.2083913012;3.67312348668;92.2193419741;0.896375966005;18.2695175214;308540000;-0.17183088126;0.248407872948;2042101000;2808400000;103156000;218512000
025232;14.110.585/0001-07;MÉLIUZ S.A.;2020;5.49115484889;5.20410814365;5.22743781846;18.4921272158;22.7147300423;331207000;;;125390000;377202000;19630000;357484000
025232;14.110.585/0001-07;MÉLIUZ S.A.;2021;-4.9367130469;-3.80293499655;22.9662538532;6.8173930816;-25.7493756784;514749000;110.133184464;139.348943007;263486000;902829000;-34334000;695483000
025232;14.110.585/0001-07;MÉLIUZ S.A.;2022;-7.27579398347;-4.28203963177;41.1467718644;1.95709202865;-38.440181795;455772000;39.7064739683;50.4106536232;368107000;1357951000;-58148000;799198000
025232;14.110.585/0001-07;MÉLIUZ S.A.;2023;-3.26548556078;-2.61002354455;20.0724212075;5.63122092847;-21.7612963082;69361000;-11.2787857878;-27.906456124;326589000;978995000;-25552000;782487000
025232;14.110.585/0001-07;MÉLIUZ S.A.;2024;-3.24319684093;-2.32829492557;28.2098793329;3.21769794533;-6.89664619279;37365000;11.7667772032;-50.2761505421;365018000;486794000;-11334000;349470000
025232;14.110.585/0001-07;MÉLIUZ S.A.;2025;-0.220036865826;-0.17984192841;18.2673650002;2.05270383567;4.23594753631;72857000;26.0770701719;30.2172993094;460204000;633890000;-1140000;518095000
025887;14.127.813/0001-51;GETNINJAS S.A.;2020;17.2113711081;-10.9336609337;163.525798526;0.550505050505;-1.4902167153;1405000;;;41806000;8140000;-890000;-5171000
025887;14.127.813/0001-51;ARANDU INVESTIMENTOS S.A.;2021;-14.2997635538;-13.3714218631;6.49200727856;15.1277375929;-83.4275646673;293276000;49.3445916854;3667.24815725;62435000;306654000;-41004000;286746000
025887;14.127.813/0001-51;ARANDU INVESTIMENTOS S.A.;2022;-5.68344472067;-5.31590779452;6.46679864443;15.5028443949;-85.345795048;180833000;-8.66020661488;-2.81229007285;57028000;298030000;-15843000;278757000
025887;14.127.813/0001-51;ARANDU INVESTIMENTOS S.A.;2023;1.31521215688;1.23854089335;5.82957381697;17.704373034;-44.6360556897;24285000;8.1907133338;-0.11441801161;61699000;297689000;3687000;280335000
025887;14.127.813/0001-51;ARANDU INVESTIMENTOS S.A.;2024;10.9484303401;3.01825386864;72.4320859259;1.33899417894;-61.7319086612;2216000;-2.61754647563;274.679615303;60084000;1115380000;33665000;307487000
025887;14.127.813/0001-51;ARANDU INVESTIMENTOS S.A.;2025;-345.351693674;-267.803028096;22.4549834264;4.66825808588;-619.431092567;1434000;18.0730310898;-84.6098190751;70943000;171659000;-459708000;133113000
025321;14.191.427/0001-29;GRANBIO INVESTIMENTOS S.A.;2020;-23.8292223196;-9.58559715638;59.7737726065;0.0763564878127;-247.70481551;397000;;;39975000;1775205000;-170164000;714098000
025321;14.191.427/0001-29;GRANBIO INVESTIMENTOS S.A.;2021;-29.3895881832;-10.3741661496;64.7012197487;0.0190229491292;-294.003034179;274000;-15.9049405879;-7.04307389851;33617000;1650176000;-171192000;582492000
025321;14.191.427/0001-29;GRANBIO INVESTIMENTOS S.A.;2022;2.90015115474;1.84722563071;36.3058843435;1.00910381184;289.098824554;64723000;-31.6714757414;-13.3272450939;22970000;1430253000;26420000;910987000
025321;14.191.427/0001-29;GRANBIO INVESTIMENTOS S.A.;2023;-5.59085223468;-3.75305658367;32.8714760088;0.185949316704;-1884.73837209;200000;-76.0383108402;-11.8189579047;5504000;1261212000;-47334000;846633000
025321;14.191.427/0001-29;GRANBIO INVESTIMENTOS S.A.;2024;-0.322034329307;-0.195455143168;39.3061157211;0.0570337315621;-1706.15056585;590000;10.7739825581;28.4327297869;6097000;1619809000;-3166000;983125000
001597;14.308.514/0001-13;PARTICIPAÇÕES INDUST. DO NORDESTE S.A.;2020;-0.181547137017;-0.119979876391;33.9125483539;12.918407568;-50.332594235;89357000;;;1353000;5670951000;-6804000;3747787000
023019;14.333.683/0001-03;FONTAINE VILLE PARTICIPAÇÕES S/A;2020;-0.21757972171;-0.211554667207;2.76912501549;0.00482715350259;;37720;;;0;285423625;-603827;277519888
020729;14.388.334/0001-99;PARANA BCO S.A.;2020;;0;86.8092477829;1.20130600334;8.23556610401;132000;;;1007836000;9179757000;0;0
020729;14.388.334/0001-99;PARANA BCO S.A.;2021;;0;85.3696534552;0.767146854398;13.2859505486;13000;28.4497676209;-4.07163283298;1294563000;8805991000;0;0
020729;14.388.334/0001-99;PARANA BCO S.A.;2022;;0;86.4840381937;0.711513399575;6.68317775283;15000;25.6317382777;3.973033813;1626382000;9155856000;0;0
020729;14.388.334/0001-99;PARANA BCO S.A.;2023;;0;88.183770407;0.645386362127;5.50991896843;309000;2.63431346387;10.9363668454;1669226000;10157174000;0;0
020729;14.388.334/0001-99;PARANA BCO S.A.;2024;;0;87.1897387621;0.556132153456;6.19056963617;875000;-2.30861489097;4.58125458912;1630690000;10622500000;0;0
020729;14.388.334/0001-99;PARANA BCO S.A.;2025;;0;90.5586030213;1.01772031997;6.29787632225;664000;29.7609600844;24.693942104;2115999000;13245614000;0;0
025518;14.776.142/0001-50;WESTWING COMÉRCIO VAREJISTA S.A.;2020;269.112235511;11.9548004128;95.5576897535;0.767423677877;0.0252799138852;29931000;;;245254000;97877000;11701000;4348000
025518;14.776.142/0001-50;WESTWING COMÉRCIO VAREJISTA S.A.;2021;-11.0831227634;-8.58524960792;22.5376295904;4.82092673592;-20.3593691768;263766000;28.0056594388;401.619379425;313939000;490970000;-42151000;380317000
025518;14.776.142/0001-50;WESTWING COMÉRCIO VAREJISTA S.A.;2022;-17.5853979405;-12.8591771889;26.8758248606;3.34991479962;-32.8142523364;155213000;-18.2006695568;-14.0393506732;256800000;422041000;-54271000;308614000
025518;14.776.142/0001-50;WESTWING COMÉRCIO VAREJISTA S.A.;2023;-21.0403909101;-15.3008171749;27.278836024;2.85693784439;-35.8754895232;139348000;-22.8380062305;-16.7829665838;198152000;351210000;-53738000;255404000
025518;14.776.142/0001-50;WESTWING COMÉRCIO VAREJISTA S.A.;2024;-11.1032436589;-8.11356450855;26.9261779905;2.75458412792;-23.792916376;126936000;-15.3483184626;-10.3020984596;167739000;315028000;-25560000;230203000
025518;14.776.142/0001-50;WESTWING COMÉRCIO VAREJISTA S.A.;2025;-4.49901741423;-3.22858008266;28.2381065598;2.71585552675;-19.9878115022;121348000;-10.0018481093;-2.53596505707;150962000;307039000;-9913000;220337000
025402;14.785.152/0001-51;HBR REALTY EMPREENDIMENTOS IMOBILIÁRIOS S.A.;2020;-2.00923321758;-1.0482119334;47.8302506534;0.608974636384;113.066866668;99051000;;;77333000;2613689000;-27397000;1363555000
025402;14.785.152/0001-51;HBR REALTY EMPREENDIMENTOS IMOBILIÁRIOS S.A.;2021;7.67506826502;4.78932225726;37.5989620955;2.38536728986;352.142158313;50645000;13.6668692537;44.1779033389;87902000;3768362000;180479000;2351497000
025402;14.785.152/0001-51;HBR REALTY EMPREENDIMENTOS IMOBILIÁRIOS S.A.;2022;4.87106341552;2.81375227144;42.2353594807;1.19509287646;159.427399088;43307000;60.253464085;13.6294496123;140866000;4281969000;120484000;2473464000
025402;14.785.152/0001-51;HBR REALTY EMPREENDIMENTOS IMOBILIÁRIOS S.A.;2023;9.78276389;5.69874792868;41.7470564274;1.64895953006;282.73004655;20876000;8.8850396831;9.5063976409;153382000;4689030000;267216000;2731498000
025402;14.785.152/0001-51;HBR REALTY EMPREENDIMENTOS IMOBILIÁRIOS S.A.;2024;4.59468338406;2.66214921346;42.0602250267;1.63662479505;172.980451829;27239000;6.25888305016;8.56774215563;162982000;5090774000;135524000;2949583000
025402;14.785.152/0001-51;HBR REALTY EMPREENDIMENTOS IMOBILIÁRIOS S.A.;2025;3.56118785953;1.90249102279;46.577066478;1.78195524596;63.3982215814;19580000;226.789461413;-0.0294454242125;532608000;5089275000;96823000;2718840000
012696;14.807.945/0001-24;SANSUY S.A. INDUSTRIA DE PLASTICOS;2020;10.1915164346;-35.1899602455;445.286792906;0.616763799282;-9.89237892629;9778000;;;511424000;399452000;-140567000;-1379255000
012696;14.807.945/0001-24;SANSUY S.A. INDUSTRIA DE PLASTICOS;2021;7.66512268093;-25.4498251822;432.021107053;0.828432749633;-0.873784061061;10589000;45.6114691528;12.628551115;744692000;449897000;-114498000;-1493753000
012696;14.807.945/0001-24;SANSUY S.A. INDUSTRIA DE PLASTICOS;2022;15.9206115765;-64.6386683147;506.006188922;0.898167057098;-1.33847503622;7172000;11.8834363737;-0.0135586589819;833187000;449836000;-290768000;-1826362000
012696;14.807.945/0001-24;SANSUY S.A. INDUSTRIA DE PLASTICOS;2023;7.00539322913;-27.2900562733;489.557807544;1.00502330871;7.1611743505;7486000;6.42916896207;12.0735112352;886754000;504147000;-137582000;-1963944000
012696;14.807.945/0001-24;SANSUY S.A. INDUSTRIA DE PLASTICOS;2024;1.07057385237;-3.8560210754;460.182631667;0.918962329655;31.4381575327;21893000;6.54815202412;9.32604974343;944820000;551164000;-21253000;-1985197000
012696;14.807.945/0001-24;SANSUY S.A. INDUSTRIA DE PLASTICOS;2025;12.5233046077;-49.8485446429;498.046252203;0.648946026644;-2.46415155434;10674000;3.29099722699;3.44198822855;975914000;570135000;-284204000;-2269401000
022764;14.876.090/0001-93;GAIA IMPACTO SECURITIZADORA S.A.;2020;732.5;-180.864197531;124.691358025;0.80198019802;;0;;;0;162000;-293000;-40000
022764;14.876.090/0001-93;GAIA IMPACTO SECURITIZADORA S.A.;2021;482.352941176;-113.888888889;123.611111111;0.808988764045;-795.12195122;0;;77.7777777778;41000;288000;-328000;-68000
022764;14.876.090/0001-93;GAIA IMPACTO SECURITIZADORA S.A.;2022;-24.6073298429;-24.2268041237;1.54639175258;64.6666666667;;0;-100;-32.6388888889;0;194000;-47000;191000
022764;14.876.090/0001-93;GAIA IMPACTO SECURITIZADORA S.A.;2023;20.4166666667;20.0819672131;1.6393442623;61;31.6666666667;0;;25.7731958763;120000;244000;49000;240000
022764;14.876.090/0001-93;GAIA IMPACTO SECURITIZADORA S.A.;2024;24.5283018868;24.375;0.625;160;43.4523809524;0;40;31.1475409836;168000;320000;78000;318000
022764;14.876.090/0001-93;GAIA IMPACTO SECURITIZADORA S.A.;2025;21.8673218673;13.9937106918;36.0062893082;2.77292576419;21.6463414634;0;95.2380952381;98.75;328000;636000;89000;407000
023620;14.882.295/0001-81;CBO HOLDING S.A.;2020;13.2074295583;2.89739624338;78.0623759484;0.991893789012;35.492534319;102232000;;;1315888000;5484614000;158911000;1203194000
023620;14.882.295/0001-81;CBO HOLDING S.A.;2021;10.1834063297;2.51618547325;75.2913181328;0.732932596118;26.8470293962;197233000;7.18647787654;25.215338764;1410454000;6867578000;172801000;1696888000
023620;14.882.295/0001-81;CBO HOLDING S.A.;2022;4.217878659;1.07169748497;74.5915524933;0.489901819172;17.0157944307;68128000;29.6296086225;-3.79031734332;1828366000;6607275000;70810000;1678806000
023620;14.882.295/0001-81;CBO HOLDING S.A.;2023;4.0217096075;1.10199952045;72.5987296947;1.03595123034;17.1744053622;55699000;4.93549978505;-8.28589698476;1918605000;6059803000;66779000;1660463000
023620;14.882.295/0001-81;CBO HOLDING S.A.;2024;2.16371698514;0.597455621965;72.387533764;0.88067725625;15.1051133969;46640000;3.25476062035;23.7272564801;1981051000;7497628000;44795000;2070280000
023620;14.882.295/0001-81;CBO HOLDING S.A.;2025;11.5493458654;3.42485208962;70.3459214959;0.934195664828;24.5903986667;47441000;9.63826776797;-8.43813536761;2171990000;6864968000;235115000;2035743000
021156;14.998.371/0001-19;J. MACEDO S.A.;2020;17.8823619755;6.71000646364;62.4769564958;1.25653245184;7.67696483291;82471000;;;1919209000;1527003000;102462000;572978000
021156;14.998.371/0001-19;J. MACEDO S.A.;2021;23.2758291999;8.25581202355;64.530535292;1.403747359;8.54539981465;140836000;23.2432736612;6.53266562017;2365296000;1626757000;134302000;577002000
021156;14.998.371/0001-19;J. MACEDO S.A.;2022;45.7135090979;18.1713252113;60.2495508006;1.60401116706;13.2922599858;170843000;23.1970121287;7.52822947742;2913974000;1749223000;317857000;695324000
021156;14.998.371/0001-19;J. MACEDO S.A.;2023;40.6889204614;20.7013579084;49.1228627508;2.34951946037;14.602769169;357651000;10.5203066328;16.9712495205;3220533000;2046088000;423568000;1040991000
021156;14.998.371/0001-19;J. MACEDO S.A.;2024;26.6285461147;14.7362643431;44.6598988934;2.5847302594;14.8543327539;362991000;-3.58990266518;16.8252782872;3104919000;2390348000;352248000;1322821000
021156;14.998.371/0001-19;J. MACEDO S.A.;2025;25.8317465954;11.707145113;54.6792352203;2.4796976916;13.814994383;401441000;4.41283653454;24.2521172649;3241934000;2970058000;347709000;1346053000
080152;15.073.274/0001-88;PPLA PARTICIPATIONS LTD.;2020;;-4.5871559633;0;;;0;;;0;545000;-25000;0
080152;15.073.274/0001-88;PPLA PARTICIPATIONS LTD.;2021;;0.884955752212;0;;;0;;3.66972477064;0;565000;5000;0
080152;15.073.274/0001-88;PPLA PARTICIPATIONS LTD.;2022;;0.389863547758;0;;;0;;-9.20353982301;0;513000;2000;0
080152;15.073.274/0001-88;PPLA PARTICIPATIONS LTD.;2023;;613.715455476;0;;;0;;90.4483430799;0;977000;5996000;0
080152;15.073.274/0001-88;PPLA PARTICIPATIONS LTD.;2024;0;0;99.2782678428;1;;0;;27.6356192426;0;1247000;0;9000
080152;15.073.274/0001-88;PPLA PARTICIPATIONS LTD.;2025;-12.5;-0.0902527075812;99.2779783394;1;;0;;-11.1467522053;0;1108000;-1000;8000
026638;15.090.690/0001-94;CONCESSIONARIA ECOVIAS DO ARAGUAIA S.A.;2020;-312.612612613;-30.1215277778;90.3645833333;1.10662824207;;1152;;;0;1152;-347;111
026638;15.090.690/0001-94;CONCESSIONARIA ECOVIAS DO ARAGUAIA S.A.;2021;0.040038770009;0.0254437119005;36.4523138578;22.7944394045;-59.7342635818;391952000;;262698511.111;19493000;3026288000;770000;1923136000
026638;15.090.690/0001-94;CONCESSIONARIA ECOVIAS DO ARAGUAIA S.A.;2022;0.963727686925;0.487063254572;49.4604895989;2.01074050469;0.399800610658;157352000;4417.97568358;26.6694709823;880689000;3833383000;18671000;1937373000
026638;15.090.690/0001-94;CONCESSIONARIA ECOVIAS DO ARAGUAIA S.A.;2023;9.32296970421;4.04224052596;56.642135991;2.24880782012;32.4715892456;342312000;0.835141576652;21.8299084647;888044000;4670207000;188781000;2024902000
026638;15.090.690/0001-94;CONCESSIONARIA ECOVIAS DO ARAGUAIA S.A.;2024;8.44343181564;3.254537996;61.4547962598;2.70133105755;31.7588647187;177192000;5.57641288044;11.5454411336;937565000;5209403000;169542000;2007975000
026638;15.090.690/0001-94;CONCESSIONARIA ECOVIAS DO ARAGUAIA S.A.;2025;5.11901183067;1.7463694493;65.8846373661;2.43166638343;33.5832748585;84213000;-12.9029987254;12.1159948654;816591000;5840574000;101998000;1992533000
004863;15.101.405/0001-93;CORREA RIBEIRO S.A. COMERCIO E INDUSTRIA;2020;460.8;22.3082881487;95.1587916344;15.0841121495;30.0704975402;144000;;;19717000;23238000;5184000;1125000
004863;15.101.405/0001-93;CORREA RIBEIRO S.A. COMERCIO E INDUSTRIA;2021;250.064350064;-9.57661787175;103.829661393;25.4157480315;-294.795127353;546000;-95.4201957701;-12.6904208624;903000;20289000;-1943000;-777000
004863;15.101.405/0001-93;CORREA RIBEIRO S.A. COMERCIO E INDUSTRIA;2022;133.680706325;46.5735464677;65.1606071303;3.47459863646;463.274336283;34000;150.276854928;-2.25738084676;2260000;19831000;9236000;6909000
011398;15.115.504/0001-24;TRONOX PIGMENTOS DO BRASIL S.A.;2020;25.3427876489;17.3426744405;31.5676133158;5.27173451742;18.1520159565;389507000;;;731489000;1063400000;184422000;727710000
011398;15.115.504/0001-24;TRONOX PIGMENTOS DO BRASIL S.A.;2021;31.5432828059;23.0776033827;26.8382954155;3.66970406164;29.5560256347;162993000;30.9973219009;12.7097987587;958231000;1198556000;276598000;876884000
011398;15.115.504/0001-24;TRONOX PIGMENTOS DO BRASIL S.A.;2022;8.45045871446;6.46776243144;23.4625876538;4.67102736707;3.53204072634;74849000;-16.2183231392;-11.8224763799;802822000;1056857000;68355000;808891000
011398;15.115.504/0001-24;TRONOX PIGMENTOS DO BRASIL S.A.;2023;5.27434136677;3.70066482826;29.8364559492;4.71624021992;-0.267978172465;5604000;-28.32533239;-7.97411570345;575420000;972582000;35992000;682398000
011398;15.115.504/0001-24;TRONOX PIGMENTOS DO BRASIL S.A.;2024;-19.1308708119;-13.0912984904;31.569772128;3.44159734196;-5.10143717159;5690000;14.8640992666;-10.7047015059;660951000;868470000;-113694000;594296000
011398;15.115.504/0001-24;TRONOX PIGMENTOS DO BRASIL S.A.;2025;-11.6893072405;-7.18397031412;38.5423775226;2.07114285415;-9.71710864763;45016000;19.993161369;6.80610729213;793096000;927579000;-66637000;570068000
014524;15.139.629/0001-94;CIA ELETRICIDADE EST. DA BAHIA - COELBA;2020;19.9541659846;5.82668132498;70.7996749677;1.19251798561;16.0478511298;474000000;;;11285000000;20921000000;1219000000;6109000000
014524;15.139.629/0001-94;CIA ELETRICIDADE EST. DA BAHIA - COELBA;2021;27.0239637306;6.8410050416;74.6854121408;1.12652408555;19.7546442341;650000000;26.4067346035;16.6148845657;14265000000;24397000000;1669000000;6176000000
014524;15.139.629/0001-94;CIA ELETRICIDADE EST. DA BAHIA - COELBA;2022;26.5098968026;6.11321343581;76.9398821831;0.939003136982;22.9074259551;1002000000;-2.01191728006;5.06619666352;13978000000;25633000000;1567000000;5911000000
014524;15.139.629/0001-94;CIA ELETRICIDADE EST. DA BAHIA - COELBA;2023;28.569209259;6.59541656206;76.9142488254;0.87259408216;24.9026980672;956000000;8.448991272;8.77774743495;15159000000;27883000000;1839000000;6437000000
014524;15.139.629/0001-94;CIA ELETRICIDADE EST. DA BAHIA - COELBA;2024;24.3534482759;5.77949685133;76.2682607167;0.950996553274;24.0486417811;1525000000;9.03753545748;12.1938098483;16529000000;31283000000;1808000000;7424000000
014524;15.139.629/0001-94;CIA ELETRICIDADE EST. DA BAHIA - COELBA;2025;24.8980632008;5.44881626279;78.1155015198;1.19407894737;22.9597388466;2355000000;11.1984996068;14.6341463415;18380000000;35861000000;1954000000;7848000000
003069;15.141.799/0001-03;CIA FERRO LIGAS DA BAHIA - FERBASA;2020;3.95151891411;2.48524503343;37.1065889485;1.82619466857;17.1944348371;90497000;;;1622019000;2817187000;70014000;1771825000
003069;15.141.799/0001-03;CIA FERRO LIGAS DA BAHIA - FERBASA;2021;27.1236845958;18.9280576768;30.2157580768;2.95290655668;33.5153675888;216512000;47.3149821303;20.5664373717;2389477000;3396582000;642907000;2370279000
003069;15.141.799/0001-03;CIA FERRO LIGAS DA BAHIA - FERBASA;2022;34.9396080815;26.1217956992;25.2372961989;3.35002203771;36.9851252749;474102000;31.368328718;19.7493539093;3139016000;4067385000;1062474000;3040887000
003069;15.141.799/0001-03;CIA FERRO LIGAS DA BAHIA - FERBASA;2023;11.9970722112;9.3143571516;22.3614146214;3.17391469848;12.4728608476;341787000;-22.4236193763;1.06486108396;2435135000;4110697000;382885000;3191487000
003069;15.141.799/0001-03;CIA FERRO LIGAS DA BAHIA - FERBASA;2024;9.81072344634;7.46952970455;23.8636197891;2.67559490055;7.68671223372;464086000;-8.14866526907;6.74296840657;2236704000;4387880000;327754000;3340773000
003069;15.141.799/0001-03;CIA FERRO LIGAS DA BAHIA - FERBASA;2025;5.74174386191;4.23089687587;26.3133818293;3.06426799646;2.0171312007;372724000;4.3702698256;1.63176750504;2334454000;4459480000;188676000;3286040000
003115;15.144.017/0001-90;CIA SEGUROS ALIANCA DA BAHIA;2020;25.6590721712;12.697054353;50.5163153666;2.23513546276;155.345540461;1257000;;;3386000;401983000;51040000;198916000
003115;15.144.017/0001-90;CIA SEGUROS ALIANCA DA BAHIA;2021;5.36181141811;2.48256260398;53.6991809223;3.16900356476;250.294015911;4027000;-14.619019492;-6.69854197814;2891000;375056000;9311000;173654000
003115;15.144.017/0001-90;CIA SEGUROS ALIANCA DA BAHIA;2022;9.59952389479;4.6629009399;51.4257062017;3.27787413831;-13.5802469136;1192000;56.9007263923;4.22283605648;4536000;390894000;18227000;189874000
023353;15.229.110/0001-05;CAPITALE SECURITIZADORA DE CRÉDITO S/A;2020;55.0103720869;-0.64976224536;101.181163153;60.4538377614;-180.023089998;2928986;;;812473;18120782;-117742;-214036
023353;15.229.110/0001-05;CAPITALE SECURITIZADORA DE CRÉDITO S/A;2021;52.5866919495;-1.42350576868;102.706969608;54.1671708332;-78.0256659293;874794;54.7316649292;-7.9706714644;1257153;16676434;-237390;-451426
023906;15.377.572/0001-61;NASA SECURITIZADORA S.A.;2020;9.98274259923;0.101947041078;98.9787672069;7.61451750597;-21.3038965568;13351535;;;2787307;52372290;53392;534843
023906;15.377.572/0001-61;NASA SECURITIZADORA S.A.;2021;68.6913845965;0.644792182114;99.0613201555;27.151431031;-2.47230411807;2762199;52.4639732903;12.6551750935;4249639;59000095;380428;553822
005576;15.413.826/0001-50;ENERGISA MATO GROSSO DO SUL - DIST DE ENERGIA S.A.;2020;33.071906663;8.71448570774;73.6498841856;1.30580096606;18.6686100053;101307000;;;2922119000;3928700000;342366000;1035217000
005576;15.413.826/0001-50;ENERGISA MATO GROSSO DO SUL - DIST DE ENERGIA S.A.;2021;61.966550346;11.5171176098;81.4139764994;1.47051729343;24.10435289;32462000;43.1508093955;32.9235115942;4183037000;5222166000;601443000;970593000
005576;15.413.826/0001-50;ENERGISA MATO GROSSO DO SUL - DIST DE ENERGIA S.A.;2022;57.7484565933;9.89612610382;82.8633929154;1.3600129847;25.7052128597;111683000;-2.50112537852;7.75067280512;4078414000;5626919000;556847000;964263000
005576;15.413.826/0001-50;ENERGISA MATO GROSSO DO SUL - DIST DE ENERGIA S.A.;2023;54.3180632416;9.79647326705;81.9646123547;1.34264709336;28.6514383175;84088000;1.52395024144;10.4862536674;4140567000;6216972000;609044000;1121255000
005576;15.413.826/0001-50;ENERGISA MATO GROSSO DO SUL - DIST DE ENERGIA S.A.;2024;51.722149536;8.39631821492;83.7664940644;1.57723088927;24.5451946098;50611000;9.21448680821;15.6440144816;4522099000;7189556000;603658000;1167117000
005576;15.413.826/0001-50;ENERGISA MATO GROSSO DO SUL - DIST DE ENERGIA S.A.;2025;36.04674335;5.01630713645;86.083882564;1.49460965871;23.0196507083;104130000;5.07925633649;12.8486793899;4751788000;8113319000;406989000;1129059000
023582;15.484.093/0001-44;ECO101 CONCESSIONÁRIA DE RODOVIAS S.A.;2020;-8.52282651539;-4.52474131967;46.9103200505;0.230055481857;-9.73702007498;11651000;;;337136000;1218589000;-55138000;646945000
023582;15.484.093/0001-44;ECO101 CONCESSIONÁRIA DE RODOVIAS S.A.;2021;-6.55254653544;-3.78449456138;42.2439117234;0.288329448136;-5.48389667994;24854000;26.5240140477;18.1375344763;426558000;1439611000;-54482000;831463000
023582;15.484.093/0001-44;ECO101 CONCESSIONÁRIA DE RODOVIAS S.A.;2022;-3.47526821792;-2.17400904864;37.443416959;0.301576144105;-1.79562282824;18592000;15.9755531487;19.5407648316;494703000;1720922000;-37413000;1076550000
023582;15.484.093/0001-44;ECO101 CONCESSIONÁRIA DE RODOVIAS S.A.;2023;-22.0039615198;-13.3602431909;39.282555194;0.372070511514;-41.5561675236;16912000;-11.1088875548;3.20357343331;439747000;1776053000;-237285000;1078374000
023582;15.484.093/0001-44;ECO101 CONCESSIONÁRIA DE RODOVIAS S.A.;2024;-7.83826641033;-5.05560022098;35.5010412211;0.196251393155;-12.558939581;6372000;12.9019640839;8.34040425595;496483000;1924183000;-97279000;1241078000
023582;15.484.093/0001-44;ECO101 CONCESSIONÁRIA DE RODOVIAS S.A.;2025;-4.25609886059;-2.60206588301;38.8626540819;0.846711255742;-2.73109909168;133604000;1.73721960269;56.3417824604;505108000;3008302000;-78278000;1839196000
023540;15.494.541/0001-90;SALUS INFRAESTRUTURA PORTUARIA SA;2020;66.281512605;-2.87294830059;104.334463997;0.593938937809;33.3278830207;1290000;;;85622000;263562000;-7572000;-11424000
023540;15.494.541/0001-90;SALUS INFRAESTRUTURA PORTUARIA SA;2021;50.8666293923;-5.58517546055;110.98003844;0.630894130821;40.323020451;1290000;11.3615659527;-19.6557166815;95350000;211757000;-11827000;-23251000
023540;15.494.541/0001-90;SALUS INFRAESTRUTURA PORTUARIA SA;2022;-120.933105283;7.98036105067;106.598987955;0.657595383891;45.21525357;1292000;9.21132669114;-24.6877316925;104133000;159479000;12727000;-10524000
023540;15.494.541/0001-90;SALUS INFRAESTRUTURA PORTUARIA SA;2023;160.168086444;25.9088681112;83.8239510215;0.630948301591;47.0643429145;42000;3.36972909644;-32.1985966804;107642000;108129000;28015000;17491000
023540;15.494.541/0001-90;SALUS INFRAESTRUTURA PORTUARIA SA;2024;37.5783853513;37.2011351543;1.00390209294;3132.22222222;36.9647653658;14000;-29.4438973635;-73.9292881651;75948000;28190000;10487000;27907000
022845;15.527.906/0001-36;BIOSEV S.A.;2020;154.099422443;-11.5375452847;107.487078862;0.463022242928;5.57528610055;1174943000;;;6538086000;13445217000;-1551248000;-1006654000
022845;15.527.906/0001-36;BIOSEV S.A.;2021;-19.2485779792;1.37708067209;107.154194318;0.389910343569;16.7353469393;812304000;57.9971875561;-11.9412948114;10329992000;11839684000;163042000;-847034000
023515;15.578.569/0001-06;CONC DO AEROPORTO INTERNACIONAL DE GUARULHOS S.A.;2020;6.46908058003;-0.817986927774;112.644562356;0.356754071118;40.278655096;329551000;;;1415298000;15162834000;-124030000;-1917274000
023515;15.578.569/0001-06;CONC DO AEROPORTO INTERNACIONAL DE GUARULHOS S.A.;2021;33.8220436712;-6.3687637543;118.830215632;0.426947092655;59.9989968186;247737000;15.50917192;1.46941528213;1634799000;15385639000;-979875000;-2897149000
023515;15.578.569/0001-06;CONC DO AEROPORTO INTERNACIONAL DE GUARULHOS S.A.;2022;4.54408719418;-0.906878761812;119.957336271;0.505681536109;52.0894589934;455196000;46.0838916589;-1.15609757905;2388178000;15207766000;-137916000;-3035065000
023515;15.578.569/0001-06;CONC DO AEROPORTO INTERNACIONAL DE GUARULHOS S.A.;2023;5.99066679222;-1.30712774481;121.819403251;0.689781965449;39.0557388287;590413000;19.237427026;-2.70540064859;2847602000;14796335000;-193407000;-3228472000
023515;15.578.569/0001-06;CONC DO AEROPORTO INTERNACIONAL DE GUARULHOS S.A.;2024;-0.818893221608;0.174409996979;121.29825872;0.998454294778;38.881832899;847188000;16.9858358015;1.61477149578;3331291000;15035262000;26223000;-3202249000
023515;15.578.569/0001-06;CONC DO AEROPORTO INTERNACIONAL DE GUARULHOS S.A.;2025;-31.7570756318;4.92711120871;115.515002911;1.23813901406;50.3347126584;824315000;14.6117526208;4.18814118437;3818051000;15664960000;771830000;-2430419000
025313;15.675.715/0001-11;HOUSI S.A.;2020;3.78963903525;2.10060405972;44.5698115261;11.4213471503;64.9712092131;60000;;;1042000;55127000;1158000;30557000
025313;15.675.715/0001-11;HOUSI S.A.;2021;10.5801731722;7.25857687421;31.3945362135;18.9223300971;14.4794861963;46000;1902.30326296;-42.895495855;20864000;31480000;2285000;21597000
022861;15.688.041/0001-90;MBK SECURITIZADORA SA;2020;153.547523427;-22.8694097552;114.894027103;0.129447629184;;44756;;;0;300926;-68820;-44820
022861;15.688.041/0001-90;MBK SECURITIZADORA SA;2021;119.501264189;108.513802003;9.19443175824;1.4697252652;;59230;;87.7265507135;0;564918;613014;512977
022861;15.688.041/0001-90;MBK SECURITIZADORA SA;2022;101.739587367;98.7239181483;2.9641060047;1.70269352648;;15045;;-47.2312795839;0;298100;294296;289264
022861;15.688.041/0001-90;MBK SECURITIZADORA SA;2023;106.80793268;93.0609425865;12.8707575815;0.929078594333;;56789;;59.3109694733;0;474906;441952;413782
025542;16.233.389/0001-55;CVLB BRASIL S.A;2020;-21.2112530797;-4.28908411486;79.7792044687;1.47204884323;-3.39378307272;301008000;;;638933000;1294682000;-55530000;261795000
025542;16.233.389/0001-55;CVLB BRASIL S.A;2021;-66.5607040902;-8.67214350219;86.9710760715;1.09394461969;-12.3699415559;144905000;12.983207942;-4.89031283358;721887000;1231368000;-106786000;160434000
025542;16.233.389/0001-55;CVLB BRASIL S.A EM RECUPERAÇÃO JUDICAL;2022;-91.0302822339;-8.39689522042;90.7757121978;1.11444555243;-8.60366259196;218518000;7.47443852016;2.62805270236;775844000;1263729000;-106114000;116570000
025542;16.233.389/0001-55;CVLB BRASIL S.A EM RECUPERAÇÃO JUDICAL;2023;-30.8419117062;-4.88118011944;84.1735487542;0.775361048141;6.78901086897;168079000;169.026505328;119.977700915;2087226000;2779922000;-135693000;439963000
025542;16.233.389/0001-55;CVLB BRASIL S.A EM RECUPERAÇÃO JUDICAL;2024;-32.7922364099;-3.9648653766;87.9091339577;0.648531264483;7.83157081973;146112000;6.97432860649;1.26186993736;2232796000;2815001000;-111611000;340358000
025542;16.233.389/0001-55;CVLB BRASIL S.A EM RECUPERAÇÃO JUDICAL;2025;229.1054397;-33.3283698396;114.547175258;0.414711607759;-7.63412201039;34299000;-6.43713084402;-18.1710770263;2089068000;2303485000;-767714000;-335092000
008745;16.234.171/0001-15;METANOR SA METANOL DO NE;2020;30.1799990349;16.7398286938;44.5333690221;1.64933330461;13.1929129551;268000;;;173669000;112080000;18762000;62167000
008745;16.234.171/0001-15;METANOR SA METANOL DO NE;2021;39.017751204;20.5990186264;47.2060331751;1.70663723487;8.01712475383;41865000;68.1215415532;45.2828336902;291975000;162833000;33542000;85966000
008745;16.234.171/0001-15;METANOR SA METANOL DO NE;2022;22.0230778381;15.6044110417;29.1451850811;2.64323552823;7.53465042754;28742000;28.3722921483;-12.5668629823;374815000;142370000;22216000;100876000
008745;16.234.171/0001-15;METANOR SA METANOL DO NE;2023;17.7040852201;13.4328756344;24.1255593419;3.25170132624;6.16528500779;33049000;-13.8452303136;5.32626255531;322921000;149953000;20143000;113776000
008745;16.234.171/0001-15;METANOR SA METANOL DO NE;2024;24.8569318062;17.2603882488;30.5610668951;2.6087932988;10.3131923296;38378000;29.8543606641;18.3117376778;419327000;177412000;30622000;123193000
008745;16.234.171/0001-15;METANOR SA METANOL DO NE;2025;19.4958401593;13.6858186574;29.8013394367;2.83988274778;7.14442734667;52691000;4.1440212531;-0.0135278335175;436704000;177388000;24277000;124524000
013986;16.404.287/0001-55;SUZANO S.A.;2020;-146.0322066;-10.5253990865;92.792412488;2.19728164919;27.7193605298;6835057000;;;30460277000;101800748000;-10714935000;7337378000
013986;16.404.287/0001-55;SUZANO S.A.;2021;56.9058189287;7.25826515439;87.2451266127;2.95232271489;44.3793475528;13590776000;34.4880448723;16.8706068839;40965431000;118975152000;8635532000;15175130000
013986;16.404.287/0001-55;SUZANO S.A.;2022;70.5379893154;17.5639969222;75.0999467199;2.56150007628;44.5963458129;9505951000;21.64145423;11.9544423864;49830946000;133197968000;23394887000;33166365000
013986;16.404.287/0001-55;SUZANO S.A.;2023;31.4802199494;9.82386226629;68.7935399369;2.60689203949;30.7284902809;8345871000;-20.2191044095;7.80421590215;39755575000;143593025000;14106381000;44810300000
013986;16.404.287/0001-55;SUZANO S.A.;2024;-21.7324727388;-4.24543290323;80.4650259809;1.72330528822;33.101277671;9018818000;19.2368164717;15.560003698;47403282000;165936105000;-7044706000;32415575000
013986;16.404.287/0001-55;SUZANO S.A.;2025;30.5734303512;8.00169438843;73.8279470229;3.18503447829;21.2488570693;15179753000;5.72196034865;1.20493005425;50115679000;167935519000;13437687000;43952173000
022349;16.590.234/0001-76;AZZAS 2154 S.A.;2020;3.60255880741;1.71520664279;52.3892118219;1.71695972649;5.78940686063;38297000;;;1590992000;2832545000;48584000;1348597000
022349;16.590.234/0001-76;AZZAS 2154 S.A.;2021;21.5903708906;10.2105381356;52.7079076714;1.08412508229;16.0243749032;33750000;83.7738341865;18.844572637;2923827000;3366326000;343720000;1592006000
022349;16.590.234/0001-76;AZZAS 2154 S.A.;2022;15.9172423042;9.06877137677;43.0254864288;1.45744362098;12.9939679611;28826000;44.8008380797;38.4079854417;4233726000;4659264000;422538000;2654593000
022349;16.590.234/0001-76;AZZAS 2154 S.A.;2023;13.6107724594;6.67134210991;50.9848384445;1.27168155066;11.5290024198;73316000;14.4799639844;28.2585404047;4846768000;5975904000;398673000;2929099000
022349;16.590.234/0001-76;AZZAS 2154 S.A.;2024;4.3844893133;2.21947750507;49.3788820894;1.51239392606;4.57816596742;181160000;72.8936272584;155.250837363;8379753000;15253545000;338549000;7721515000
022349;16.590.234/0001-76;AZZAS 2154 S.A.;2025;11.4230196066;5.89858589784;48.3622885982;1.83893882535;9.62978781152;320633000;41.0482146669;1.27875847877;11819492000;15448601000;911249000;7977304000
021350;16.614.075/0001-00;DIRECIONAL ENGENHARIA S.A.;2020;11.2039719462;2.94297124579;73.7327863733;4.66034411639;14.7504236291;731569000;;;1500723000;5101409000;150133000;1339998000
021350;16.614.075/0001-00;DIRECIONAL ENGENHARIA S.A.;2021;14.3105882998;3.67559866252;74.315530672;5.74900219587;18.175446695;723954000;18.3682798225;11.3343195968;1776380000;5679619000;208760000;1458780000
021350;16.614.075/0001-00;DIRECIONAL ENGENHARIA S.A.;2022;17.637434081;3.94009321333;77.6606211808;3.02445503019;17.3592075523;733124000;21.7428703318;14.2579282167;2162616000;6489415000;255689000;1449695000
021350;16.614.075/0001-00;DIRECIONAL ENGENHARIA S.A.;2023;18.3303120555;5.10958188747;72.1249596188;3.43639416705;17.9491360119;633978000;8.90435472594;16.67612566;2355183000;7571598000;386877000;2110586000
021350;16.614.075/0001-00;DIRECIONAL ENGENHARIA S.A.;2024;32.7225485227;7.22795921809;77.9113805483;3.03070358628;22.546984145;792054000;42.1745146768;32.9627642672;3348470000;10067406000;727668000;2223751000
021350;16.614.075/0001-00;DIRECIONAL ENGENHARIA S.A.;2025;42.2253551601;7.41088539888;82.449205292;3.78047018751;23.0977009483;1199343000;29.7012665486;31.3112334995;4343008000;13219635000;979692000;2320151000
019739;16.670.085/0001-55;LOCALIZA RENT A CAR S.A.;2020;17.3176780651;5.12779770437;70.3898081193;1.29634986412;17.4796400525;2586393000;;;10307615000;20441134000;1048180000;6052659000
019739;16.670.085/0001-55;LOCALIZA RENT A CAR S.A.;2021;26.8301542978;8.07392730168;69.9072647437;1.39289096198;29.5749621881;444139000;5.76002305092;23.8290204448;10901336000;25312056000;2043677000;7617090000
019739;16.670.085/0001-55;LOCALIZA RENT A CAR S.A.;2022;8.95067014315;2.80429710138;68.6694174119;1.0402342089;25.4697201372;1505623000;63.1320051047;159.388771106;17783568000;65656631000;1841207000;20570605000
019739;16.670.085/0001-55;LOCALIZA RENT A CAR S.A.;2023;7.09939024282;2.22749222196;68.6241755169;0.964564305534;20.4085670184;2000897000;62.5224139498;23.2885129302;28902284000;80947084000;1803090000;25397815000
019739;16.670.085/0001-55;LOCALIZA RENT A CAR S.A.;2024;6.88353523483;2.07844455583;69.8055652376;1.17320823534;15.5753322681;3568636000;28.9571370899;7.77856679803;37271558000;87243607000;1813310000;26342714000
019739;16.670.085/0001-55;LOCALIZA RENT A CAR S.A.;2025;7.3239716556;2.18598205916;70.1530513503;1.19861532572;18.6964076138;1705451000;12.1004600881;-1.92223941406;41781588000;85566576000;1870470000;25539012000
025690;16.676.520/0001-59;HOSPITAL MATER DEI S.A.;2020;27.8260636403;6.13575645161;77.9496067754;1.29808467813;16.2708379477;121207000;;;717861000;1183929000;72643000;261061000
025690;16.676.520/0001-59;HOSPITAL MATER DEI S.A.;2021;8.72439719219;3.58968391832;58.8546481867;5.04991875503;23.6517548835;1000200000;42.6896014688;245.525618513;1024313000;4090778000;146846000;1683165000
025690;16.676.520/0001-59;HOSPITAL MATER DEI S.A.;2022;7.20576851468;2.48698401269;65.4862072293;2.61628701517;19.164872511;246414000;72.1282459561;20.5923176472;1763132000;4933164000;122687000;1702622000
025690;16.676.520/0001-59;HOSPITAL MATER DEI S.A.;2023;8.05182234424;2.73128373449;66.0786885538;2.59109921227;19.3635222943;227302000;24.078344673;4.83030768894;2187665000;5171451000;141247000;1754224000
025690;16.676.520/0001-59;HOSPITAL MATER DEI S.A.;2024;-21.9383984964;-7.46176096306;65.9876678588;3.16137382762;-15.0874595294;622581000;1.75237067833;-16.061236972;2226001000;4340852000;-323904000;1476425000
025690;16.676.520/0001-59;HOSPITAL MATER DEI S.A.;2025;7.57430761505;2.59491955392;65.7405047985;3.04230247645;16.2610876276;599130000;-2.27834578691;-0.644182294167;2175285000;4312889000;111916000;1477574000
025275;16.811.931/0001-00;ALPHAVILLE S.A.;2020;-105.821419658;-18.2884137726;82.7176635584;1.50326664593;-167.684043462;21227000;;;180202000;2295251000;-419765000;396673000
025275;16.811.931/0001-00;ALPHAVILLE S.A.;2021;-2982.94779619;-20.4949087309;99.3129310289;0.965645006214;-112.455847056;11137000;26.4697395145;-18.8583732237;227901000;1862404000;-381698000;12796000
025275;16.811.931/0001-00;ALPHAVILLE S.A.;2022;104.650362836;-23.5169462411;122.471920406;0.55465410451;-69.2310303469;7767000;16.3373570103;-6.22528731682;265134000;1746464000;-410715000;-392464000
025275;16.811.931/0001-00;ALPHAVILLE S.A.;2023;75.2811856966;-45.4175826238;160.33058885;0.426276023276;-44.2565416995;3390000;78.9351799467;-26.7564633454;474418000;1279172000;-580969000;-771732000
025275;16.811.931/0001-00;ALPHAVILLE S.A.;2024;-267.804494735;6.24265936908;102.331051006;0.838985390012;21.378579878;220103000;43.0866872673;6.69675383764;678829000;1364835000;85202000;-31815000
025275;16.811.931/0001-00;ALPHAVILLE S.A.;2025;62.0618047262;-7.91031917358;112.745873583;0.916908506692;22.6392773375;163813000;-13.8298452188;-2.28393908421;584948000;1333663000;-105497000;-169987000
025259;16.922.038/0001-51;ENJOEI S.A.;2020;-6.260774063;-5.88299780557;6.03401837574;17.8581650277;-39.0907834738;486707000;;;79607000;529067000;-31125000;497143000
025259;16.922.038/0001-51;ENJOEI S.A.;2021;-27.9783117149;-25.1505944378;10.1068188315;10.6224471675;-127.263990955;382542000;33.3299835442;-10.7305879974;106140000;472295000;-118785000;424561000
025259;16.922.038/0001-51;ENJOEI S.A.;2022;-17.4648811868;-15.4436075561;11.5733603284;8.31635957045;-68.9390285167;309098000;30.865837573;-8.80784255603;138901000;430696000;-66515000;380850000
025259;16.922.038/0001-51;ENJOEI S.A.;2023;-15.5872244259;-12.8301950773;17.6877503863;4.86473271421;-38.5459124669;261693000;40.0673861239;-4.14073964002;194555000;412862000;-52971000;339836000
025259;16.922.038/0001-51;ENJOEI S.A.;2024;-7.46911403544;-5.66946330186;24.0945676427;3.49349943441;-13.0298882818;198800000;36.3218627123;2.2554751951;265221000;422174000;-23935000;320453000
025259;16.922.038/0001-51;ENJOEI S.A.;2025;-5.5156915313;-3.68885148571;33.1207797829;2.47018202317;-11.0310496886;210352000;-0.473944370921;7.79939077253;263964000;455101000;-16788000;304368000
002453;17.155.730/0001-64;CIA ENERGETICA DE MINAS GERAIS - CEMIG;2020;16.3933395387;5.29762912911;67.6842591065;1.59503168918;18.6553272454;1680397000;;;25227625000;54083080000;2865121000;17477348000
002453;17.155.730/0001-64;CIA ENERGETICA DE MINAS GERAIS - CEMIG;2021;19.2832921372;7.21070369395;62.6064696699;1.21160583117;20.659652326;825208000;33.3701369035;-3.7669304337;33646118000;52045808000;3752869000;19461765000
002453;17.155.730/0001-64;CIA ENERGETICA DE MINAS GERAIS - CEMIG;2022;18.7959280303;7.62866247083;59.4132172748;1.20169469865;16.502361038;1440661000;2.42729339533;3.12230525848;34462808000;53670837000;4094367000;21783266000
002453;17.155.730/0001-64;CIA ENERGETICA DE MINAS GERAIS - CEMIG;2023;23.3899406101;10.4851392943;55.1724415674;0.906532865046;19.6205463323;1537482000;6.92619417431;2.47665785425;36849769000;55000080000;5766835000;24655193000
002453;17.155.730/0001-64;CIA ENERGETICA DE MINAS GERAIS - CEMIG;2024;25.9988549863;11.9197457572;54.1528049468;0.864749613454;24.8066957947;1898224000;8.05934767189;8.59408931769;39819620000;59726836000;7119287000;27383079000
002453;17.155.730/0001-64;CIA ENERGETICA DE MINAS GERAIS - CEMIG;2025;17.1424949731;7.30979806134;57.3586104426;1.00119502119;15.7897202758;1901636000;7.36235805364;12.2243877107;42751283000;67028076000;4899617000;28581703000
005983;17.159.005/0001-64;FIACAO E TECELAGEM SAO JOSE SA EM RECUPERACAO JUDICIAL;2020;1.90858609604;-76.6131089008;4114.12904871;0.0155986422898;23.703142749;29000;;;2641000;3921000;-3004000;-157394000
005983;17.159.005/0001-64;FIACAO E TECELAGEM SAO JOSE SA EM RECUPERACAO JUDICIAL;2021;2.75975831264;-109.057617188;4051.70898438;0.0151537046768;37.1177504394;30000;7.72434683832;4.46314715634;2845000;4096000;-4467000;-161862000
005983;17.159.005/0001-64;FIACAO E TECELAGEM SAO JOSE SA EM RECUPERACAO JUDICIAL;2022;3.98051859454;-144.76806904;3736.91477886;0.0144464776985;38.0774032459;30000;12.618629174;13.1591796875;3204000;4635000;-6710000;-168571000
005983;17.159.005/0001-64;FIACAO E TECELAGEM SAO JOSE SA EM RECUPERACAO JUDICIAL;2023;5.40454091424;-272.292903591;5138.22448403;0.0185303664399;-119.351464435;864000;-70.1622971286;-23.6893203883;956000;3537000;-9631000;-178202000
005983;17.159.005/0001-64;FIACAO E TECELAGEM SAO JOSE SA EM RECUPERACAO JUDICIAL;2024;5.32415771846;-321.040650407;6129.88617886;0.0127931889309;-40.7738095238;33000;40.5857740586;-13.0619168787;1344000;3075000;-9872000;-185419000
005983;17.159.005/0001-64;FIACAO E TECELAGEM SAO JOSE SA EM RECUPERACAO JUDICIAL;2025;3.96169540878;-254.545454545;6525.16469038;0.0121693233624;90.8002177463;52000;36.681547619;-1.26829268293;1837000;3036000;-7728000;-195068000
026182;17.159.229/0001-76;LABORATÓRIO TEUTO BRASILEIRO S.A.;2020;26.5041545332;11.5681477643;56.3534548902;1.76884714773;21.217423476;48585000;;;1048723000;1244685000;143987000;543262000
026182;17.159.229/0001-76;LABORATÓRIO TEUTO BRASILEIRO S.A.;2021;46.1115922121;22.821670896;50.5077361221;2.03514224405;28.5581277601;98356000;35.5972930888;8.72325126438;1422040000;1353262000;308837000;669760000
026182;17.159.229/0001-76;LABORATÓRIO TEUTO BRASILEIRO S.A.;2022;25.8119954823;14.816379196;42.5988618113;2.09117194214;25.2148043308;26543000;-9.37449016905;5.31936905049;1288731000;1425247000;211170000;818108000
026182;17.159.229/0001-76;LABORATÓRIO TEUTO BRASILEIRO S.A.;2023;26.4105117837;14.7998788902;43.9621654766;1.7376725266;21.2869739391;18600000;19.6288441886;19.8066721067;1541694000;1707541000;252714000;956869000
026182;17.159.229/0001-76;LABORATÓRIO TEUTO BRASILEIRO S.A.;2024;5.08074849995;2.55414371589;49.728987453;2.21548815176;10.5951689471;71940000;-10.8862069905;14.550573017;1373862000;1955998000;49959000;983300000
026182;17.159.229/0001-76;LABORATÓRIO TEUTO BRASILEIRO S.A.;2025;-1.84093824532;-0.66463072355;63.8971744304;1.38354387238;4.52331905557;392580000;-0.215887767476;20.7677103964;1370896000;2362214000;-15700000;852826000
008818;17.161.241/0001-15;MINASMAQUINAS S.A.;2020;11.408393705;7.25520261282;36.404696398;2.27738464722;4.96531169167;93665000;;;576419000;275871000;20015000;175441000
008818;17.161.241/0001-15;MINASMAQUINAS S.A.;2021;19.2491134271;12.9700897308;32.6198072449;2.46912104136;7.65685065191;15826000;25.5949231375;9.07271877073;723953000;300900000;39027000;202747000
008818;17.161.241/0001-15;MINASMAQUINAS S.A.;2022;18.7728887559;8.05377621328;57.0988976816;1.49201802371;7.66848787849;46013000;16.0687226933;83.8175473579;840283000;553107000;44546000;237289000
008818;17.161.241/0001-15;MINASMAQUINAS S.A.;2023;10.9311221016;5.32438733155;51.2914842403;1.62102851881;4.22813149594;37402000;18.6238445857;-4.60977713173;996776000;527610000;28092000;256991000
008818;17.161.241/0001-15;MINASMAQUINAS S.A.;2024;13.9814676158;7.29657091665;47.8125536092;1.7079492711;4.16131314647;65206000;31.7245800461;-0.564811129433;1312999000;524630000;38280000;273791000
008818;17.161.241/0001-15;MINASMAQUINAS S.A.;2025;15.7061658837;6.92460788923;55.9115321938;1.50281640671;4.49611734529;46895000;-4.62780245834;13.1065703448;1252236000;593391000;41090000;261617000
004782;17.162.082/0001-73;MENDES JUNIOR ENGENHARIA S.A.;2020;9.16200046038;-117.820851915;1385.9729971;0.00389020411502;-37034.4020797;6000;;;1154000;961082000;-1132355000;-12359255000
004782;17.162.082/0001-73;MENDES JUNIOR ENGENHARIA S.A.;2021;9.82855989377;-141.206932164;1536.70012383;0.00347942516508;-60163.1336406;6000;-5.97920277296;-0.762161813456;1085000;953757000;-1346771000;-13702628000
004782;17.162.082/0001-73;MENDES JUNIOR ENGENHARIA S.A.;2022;8.75531466187;-137.161021315;1666.60299043;0.00312860403418;-68545.8823529;6000;33.1797235023;-0.271662488454;1445000;951166000;-1304629000;-14900995000
004782;17.162.082/0001-73;MENDES JUNIOR ENGENHARIA S.A.;2023;6.28419528002;-105.944914967;1785.89469687;0.00223888280101;-40820.5436157;7000;9.48096885813;-0.891327065938;1582000;942688000;-998730000;-15892727000
004782;17.162.082/0001-73;MENDES JUNIOR ENGENHARIA S.A.;2024;0.632318368467;-10.6064846449;1777.39625698;1.03487401969;-50443.4548715;7000;5.75221238938;0.445004073458;1673000;946883000;-100431000;-15882980000
004782;17.162.082/0001-73;MENDES JUNIOR ENGENHARIA S.A.;2025;3.38835818214;-59.1792938817;1846.54775855;0.153377692568;-9520;7000;53.3173939032;-0.590991706473;2565000;941287000;-557047000;-16440027000
009954;17.167.396/0001-69;ALFA HOLDINGS S.A.;2020;3.30236806041;3.27149674854;0.934823475227;2.31952847903;34974.2268041;467000;;;97000;1037843000;33953000;1028141000
009954;17.167.396/0001-69;ALFA HOLDINGS S.A.;2021;1.86353459379;1.84611805048;0.934597263054;7.2644295302;;457000;-100;1.04485938625;0;1048687000;19360000;1038886000
009954;17.167.396/0001-69;ALFA HOLDINGS S.A.;2022;6.22366419155;6.15518547328;1.10029584126;5.92409802587;;64000;;2.8542358206;0;1078619000;66391000;1066751000
009954;17.167.396/0001-69;ALFA HOLDINGS S.A.;2023;1.52886135615;1.51225469822;1.08621084969;5.29570302568;;23000;;1.49302024162;0;1094723000;16555000;1082832000
009954;17.167.396/0001-69;ALFA HOLDINGS S.A.;2024;-12.1651976206;-11.9354895396;1.88823961737;11.3118603251;;7000;;-11.6297912805;0;967409000;-115465000;949142000
009954;17.167.396/0001-69;ALFA HOLDINGS S.A.;2025;8.08594818241;7.95685435198;1.59652062467;13.8998560559;;207000;;6.78616800133;0;1033059000;82199000;1016566000
003891;17.167.412/0001-13;FINANCEIRA ALFA S.A.- CRED FINANC E INVS;2020;235.514301787;0.583905911595;86.3993749069;2.54841439549;12.2005683796;201000;;;617545000;9320851000;54425000;23109000
003891;17.167.412/0001-13;FINANCEIRA ALFA S.A.- CRED FINANC E INVS;2021;0;0;88.8626213975;16.4004447745;15.4358695842;190000;29.9963565408;19.9672326057;802786000;11181967000;0;18334000
003891;17.167.412/0001-13;FINANCEIRA ALFA S.A.- CRED FINANC E INVS;2022;0;0;90.6227930325;48.364404804;3.34554879814;138000;88.0063927373;19.8550934733;1509289000;13402157000;0;28773000
003891;17.167.412/0001-13;FINANCEIRA ALFA S.A.- CRED FINANC E INVS;2023;63.5293468971;0.132638926382;92.873662286;131.561705239;0.426285360663;326000;37.2578081467;29.6319838665;2071617000;17373482000;23044000;36273000
001325;17.184.037/0001-10;BCO MERCANTIL DO BRASIL S.A.;2020;2.10515537913;1.63885624407;0;;11.7118493635;1426300000;;;2225225000;11253275000;184425000;8760636000
001325;17.184.037/0001-10;BCO MERCANTIL DO BRASIL S.A.;2021;1.97025874418;1.55135469358;0;;6.39026829127;984730000;12.804098462;15.4634361997;2510145000;12993418000;201574000;10230839000
001325;17.184.037/0001-10;BCO MERCANTIL DO BRASIL S.A.;2022;73.883435923;1.2904136018;80.7626477334;;7.19336002578;1226395000;45.8664738491;19.1938872435;3661460000;15487360000;199851000;270495000
001325;17.184.037/0001-10;BCO MERCANTIL DO BRASIL S.A.;2023;152.546250748;2.0092245746;83.4696245149;;10.4700817935;1608417000;28.5712529974;27.0590274908;4707585000;19678089000;395377000;259185000
001325;17.184.037/0001-10;BCO MERCANTIL DO BRASIL S.A.;2024;170.602366164;2.00406536979;86.7170747611;;9.73207271124;1311041000;25.620546416;29.4795902183;5913694000;25479109000;510618000;299303000
001325;17.184.037/0001-10;BCO MERCANTIL DO BRASIL S.A.;2025;198.501229871;1.80165402005;86.0452721674;;0.0356212284117;1063077000;39.6609293616;39.5848889378;8259120000;35564986000;640758000;322798000
004707;17.193.806/0001-46;CONSORCIO ALFA DE ADMINISTRACAO S.A.;2020;3.52865713733;2.10154699863;40.4434345181;3.38819421246;181.114490719;5874000;;;25644000;3036525000;63814000;1808450000
004707;17.193.806/0001-46;CONSORCIO ALFA DE ADMINISTRACAO S.A.;2021;1.33611691023;0.768632212996;42.4726828085;2.79946026819;-553.422447569;3305000;-83.0798627359;1.32088489309;4339000;3076634000;23648000;1769905000
004707;17.193.806/0001-46;CONSORCIO ALFA DE ADMINISTRACAO S.A.;2022;6.97119135367;3.74994532573;46.2079702667;2.33311820489;1397.50262881;3839000;-12.3300299608;9.97980260245;3804000;3383676000;126886000;1820148000
004707;17.193.806/0001-46;CONSORCIO ALFA DE ADMINISTRACAO S.A.;2023;2.60890401061;1.64282251662;37.0301663096;3.06161792876;-798.171589311;3547000;-6.54574132492;-11.662257261;3555000;2989063000;49105000;1882208000
023370;17.234.244/0001-31;FTL - FERROVIA TRANSNORDESTINA LOGÍSTICA S.A.;2020;-16.4460324069;-7.63883133438;53.5521325424;0.453475961196;-21.3971378317;2539000;;;146113000;506766000;-38711000;235382000
023370;17.234.244/0001-31;FTL - FERROVIA TRANSNORDESTINA LOGÍSTICA S.A.;2021;-15.609286603;-6.28234756138;59.752500411;0.428915179467;-11.7243019047;3031000;29.5333064135;4.42946053997;189265000;529213000;-33247000;212995000
023370;17.234.244/0001-31;FTL - FERROVIA TRANSNORDESTINA LOGÍSTICA S.A.;2022;-20.5998425937;-5.92078817991;71.258090187;0.516049237293;-5.21818589183;2968000;20.268935091;16.1118491042;227627000;614479000;-36382000;176613000
023370;17.234.244/0001-31;FTL - FERROVIA TRANSNORDESTINA LOGÍSTICA S.A.;2023;-24.9640913883;-5.13981455178;79.4111691396;0.512244689542;2.60988501675;2840000;6.63541671243;11.7117102456;242731000;686445000;-35282000;141331000
023370;17.234.244/0001-31;FTL - FERROVIA TRANSNORDESTINA LOGÍSTICA S.A.;2024;-30.6213550957;-4.23194729353;86.1797517442;0.727886616152;7.29976724816;3844000;5.8480375395;14.0516720203;256926000;782902000;-33132000;108199000
023370;17.234.244/0001-31;FTL - FERROVIA TRANSNORDESTINA LOGÍSTICA S.A.;2025;-70.7228174259;-5.34937676932;92.4361373542;1.08236822061;8.83115827434;38369000;5.33928057106;7.02386761051;270644000;837892000;-44822000;63377000
003077;17.245.234/0001-00;CIA FIACAO TECIDOS CEDRO CACHOEIRA;2020;-30.8488126029;-6.66443164386;78.3964727276;0.960055574852;0.184118003637;13307000;;;618625000;689031000;-45920000;148855000
003077;17.245.234/0001-00;CIA FIACAO TECIDOS CEDRO CACHOEIRA;2021;-1.37431301375;-0.243010439333;82.3176789493;0.870369492497;4.67160444148;14326000;54.2575873914;20.5195412108;954276000;830417000;-2018000;146837000
003077;17.245.234/0001-00;CIA FIACAO TECIDOS CEDRO CACHOEIRA;2022;-22.5500342186;-3.07377795171;86.3690763308;0.897799636536;5.60917656431;16146000;28.6471628753;5.85236092228;1227649000;879016000;-27019000;119818000
003077;17.245.234/0001-00;CIA FIACAO TECIDOS CEDRO CACHOEIRA;2023;40.0930967416;9.08973433251;77.3284304002;1.39639930783;16.9170165289;81941000;-9.14023470878;0.361426868225;1115439000;882193000;80189000;200007000
003077;17.245.234/0001-00;CIA FIACAO TECIDOS CEDRO CACHOEIRA;2024;35.605624008;11.7141241047;67.1003544214;1.23532426522;15.9382393707;5879000;-7.05211132119;7.01445148624;1036777000;944074000;110590000;310597000
003077;17.245.234/0001-00;CIA FIACAO TECIDOS CEDRO CACHOEIRA;2025;-11.7745989902;-3.54480362905;69.8944853069;1.05824604106;4.73858456579;3050000;-20.05667564;-2.30257373892;828834000;922336000;-32695000;277674000
019445;17.281.106/0001-03;CIA SANEAMENTO DE MINAS GERAIS-COPASA MG;2020;12.6455949343;6.93548509033;45.1549323986;1.44382887286;23.9616135083;805619000;;;5343338000;11772457000;816477000;6456612000
019445;17.281.106/0001-03;CIA SANEAMENTO DE MINAS GERAIS-COPASA MG;2021;7.95251982335;4.22576473964;46.8625689278;1.34151200263;14.3646761249;1309721000;10.3188680933;8.06282834586;5894710000;12721650000;537587000;6759958000
019445;17.281.106/0001-03;CIA SANEAMENTO DE MINAS GERAIS-COPASA MG;2022;11.6253411324;6.39414047742;44.9982550655;1.26455905018;20.2746543346;1122299000;4.78641018812;3.67843007786;6176855000;13189607000;843362000;7254514000
019445;17.281.106/0001-03;CIA SANEAMENTO DE MINAS GERAIS-COPASA MG;2023;18.2120130845;9.72064353264;46.6251013135;1.26437387842;24.1639980882;1031425000;19.87296124;7.58366795917;7404379000;14189863000;1379346000;7573825000
019445;17.281.106/0001-03;CIA SANEAMENTO DE MINAS GERAIS-COPASA MG;2024;16.3628544864;8.48980088628;48.1154043547;1.43820710231;25.3178405805;642082000;6.39657964564;9.31598846303;7878006000;15511789000;1316920000;8048229000
019445;17.281.106/0001-03;CIA SANEAMENTO DE MINAS GERAIS-COPASA MG;2025;16.5037770291;7.98175725917;51.6367844457;1.37591752958;24.0937961799;503654000;5.73982807325;14.3468815879;8330190000;17737247000;1415744000;8578303000
023574;17.314.329/0001-20;INTERNATIONAL MEAL COMPANY ALIMENTACAO S.A.;2020;-40.0861689521;-17.2023895578;57.0864714502;1.81291533442;-48.2723829171;537581000;;;1153670000;2752978000;-473578000;1181400000
023574;17.314.329/0001-20;INTERNATIONAL MEAL COMPANY ALIMENTACAO S.A.;2021;-7.14032126076;-2.72597772159;61.8227580799;1.34163658785;-0.17449095557;461280000;60.5524110014;7.20020283489;1852245000;2951198000;-80449000;1126686000
023574;17.314.329/0001-20;INTERNATIONAL MEAL COMPANY ALIMENTACAO S.A.;2022;6.42639785141;2.45956736471;61.7271226964;0.925272699505;11.7668349477;285255000;20.9719016653;0.113377685943;2240696000;2954544000;72669000;1130789000
023574;17.314.329/0001-20;INTERNATIONAL MEAL COMPANY ALIMENTACAO S.A.;2023;-8.01651462432;-2.99259124088;62.6696715328;0.921829755184;3.55106688317;229159000;-0.64047063948;-7.26149280566;2226345000;2740000000;-81997000;1022851000
023574;17.314.329/0001-20;INTERNATIONAL MEAL COMPANY ALIMENTACAO S.A.;2024;-7.3252805633;-2.72726395123;62.76915365;0.777472844187;1.35807718168;217796000;-0.0611315856258;2.07551094891;2224984000;2796869000;-76278000;1041298000
023574;17.314.329/0001-20;INTERNATIONAL MEAL COMPANY ALIMENTACAO S.A.;2025;-17.329074196;-6.46060849453;62.7180977965;1.00566876407;2.34601291122;171189000;-22.2620027829;-17.5582052645;1729658000;2305789000;-148968000;859642000
023159;17.344.597/0001-94;BB SEGURIDADE PARTICIPAÇÕES S.A.;2020;60.2661823383;35.3272149674;41.3813624878;1.26831289912;;2195445000;;;0;10900296000;3850771000;6389605000
023159;17.344.597/0001-94;BB SEGURIDADE PARTICIPAÇÕES S.A.;2021;54.0171994019;29.5414729859;45.3109874021;1.28163940632;;4090561000;;22.1454995351;0;13314221000;3933217000;7281416000
023159;17.344.597/0001-94;BB SEGURIDADE PARTICIPAÇÕES S.A.;2022;79.5746528383;37.4744820653;52.9065088837;1.10954388393;;6076618000;;21.1473957057;0;16129832000;6044571000;7596101000
023159;17.344.597/0001-94;BB SEGURIDADE PARTICIPAÇÕES S.A.;2023;80.9577504446;43.4924062896;46.2776496991;1.08317692283;;4752742000;;13.2846392944;0;18272622000;7947203000;9816482000
023159;17.344.597/0001-94;BB SEGURIDADE PARTICIPAÇÕES S.A.;2024;89.7676645501;40.2642454262;55.1461591119;1.19664711417;;7789875000;;18.294938734;0;21615587000;8703353000;9695421000
023159;17.344.597/0001-94;BB SEGURIDADE PARTICIPAÇÕES S.A.;2025;86.8353980825;39.0399501318;55.0414335698;1.27803496672;;8855104000;;6.85666782956;0;23097696000;9017329000;10384393000
026760;17.359.233/0001-88;TECIDOS E ARMARINHOS MIGUEL BARTOLOMEU S.A.;2020;38.6432485717;22.8564478503;40.8526749301;2.9519729425;14.51607628;203254000;;;3638435000;1595051000;364572000;943430000
026760;17.359.233/0001-88;TECIDOS E ARMARINHOS MIGUEL BARTOLOMEU S.A.;2021;266.685726274;34.3946445994;87.1029300743;1.04232298823;19.9128400803;113780000;12.2015646837;18.1718327502;4082381000;1884901000;648305000;243097000
026760;17.359.233/0001-88;TECIDOS E ARMARINHOS MIGUEL BARTOLOMEU S.A.;2022;129.141493272;19.6122321999;84.8133766282;3.58882308324;14.3423746047;108513000;9.47013519806;19.2879095507;4468988000;2248459000;440973000;341465000
026760;17.359.233/0001-88;TECIDOS E ARMARINHOS MIGUEL BARTOLOMEU S.A.;2023;121.461983377;12.6402823946;89.593219176;3.722596135;10.0335767803;186610000;5.82174308814;16.6701282968;4729161000;2623280000;331590000;272999000
026760;17.359.233/0001-88;TECIDOS E ARMARINHOS MIGUEL BARTOLOMEU S.A.;2024;59.1127183237;9.14442259446;84.5305327622;2.8171570595;8.23359732195;99848000;6.04394733019;11.346406026;5014989000;2920928000;267102000;451852000
026760;17.359.233/0001-88;TECIDOS E ARMARINHOS MIGUEL BARTOLOMEU S.A.;2025;57.9475640865;7.58155325986;86.9165281071;1.5064179021;8.59285921456;87445000;8.96943143843;13.0404446806;5464805000;3301830000;250330000;431994000
026336;17.943.792/0001-30;FULWOOD S.A.;2020;95.8752713637;51.3343442402;46.4571588586;4.09450329105;140.840475532;140687;;;72340;189269;97160;101340
026336;17.943.792/0001-30;FULWOOD S.A.;2021;28.6390948953;19.4096929229;32.2265839968;3.63347863993;32.0369424354;31134000;205556.62151;115109.569449;148772000;218056000;42324000;147784000
026336;17.943.792/0001-30;FULWOOD S.A.;2022;15.4108706852;8.83819419651;42.6496115824;2.87214815068;26.9518430894;10445000;-29.5405049337;11.7515684044;104824000;243681000;21537000;139752000
025836;18.174.270/0001-84;DOTZ S.A.;2020;17.4691881778;-32.1561226635;284.073365838;0.429254776748;-14.8496477668;109782000;;;111006000;199766000;-64237000;-367716000
025836;18.174.270/0001-84;DOTZ S.A.;2021;105.753628965;-20.228969147;119.12839242;1.0223548419;-59.4025330396;265898000;11.2444372376;103.540642552;123488000;406605000;-82252000;-77777000
025836;18.174.270/0001-84;DOTZ S.A.;2022;56.1851137041;-24.1546690484;142.991225711;0.693147044391;-75.3455873367;166547000;12.6514317181;-3.0739907281;139111000;394106000;-95195000;-169431000
025836;18.174.270/0001-84;DOTZ S.A.;2023;26.3132029191;-21.4312533651;181.446768115;0.416181178119;-42.1841757956;50877000;-0.323482686488;-28.366480084;138661000;282312000;-60503000;-229934000
025836;18.174.270/0001-84;DOTZ S.A.;2024;6.69058237731;-8.47338287747;226.646417301;0.239881962065;-4.57355079992;6418000;11.0737698416;-31.0783813653;154016000;194574000;-16487000;-246421000
025836;18.174.270/0001-84;DOTZ S.A.;2025;0.18996314148;-0.227262815636;219.63521653;0.352108336402;14.6449370818;21966000;49.8389777685;6.06196100198;230776000;206369000;-469000;-246890000
025089;18.328.118/0001-09;PET CENTER COMÉRCIO E PARTICIPAÇÕES S.A.;2020;11.3425894448;3.0845459425;72.8056282252;1.35456611548;8.63765315753;443757000;;;1436756000;1892888000;58387000;514759000
025089;18.328.118/0001-09;PET CENTER COMÉRCIO E PARTICIPAÇÕES S.A.;2021;4.26521211239;2.17663031891;48.9678294642;1.94782191068;7.73311402725;673672000;45.9903421319;82.1210235365;2097525000;3447347000;75036000;1759256000
025089;18.328.118/0001-09;PET CENTER COMÉRCIO E PARTICIPAÇÕES S.A.;2022;2.74860206501;1.38711847045;49.5336742956;1.47749971853;4.78632635429;185411000;35.1370305479;5.79523906355;2834533000;3647129000;50590000;1840572000
025089;18.328.118/0001-09;PET CENTER COMÉRCIO E PARTICIPAÇÕES S.A.;2023;0.903812442195;0.409194448331;54.7257340984;1.81397463225;4.0364724898;56225000;11.9493405086;9.54948399138;3173241000;3995411000;16349000;1808893000
025089;18.328.118/0001-09;PET CENTER COMÉRCIO E PARTICIPAÇÕES S.A.;2024;-2.57304930053;-1.09758567604;57.3429986043;1.67239832953;1.895769829;76559000;4.70708023752;-2.50167004095;3322608000;3895459000;-42756000;1661686000
025089;18.328.118/0001-09;PET CENTER COMÉRCIO E PARTICIPAÇÕES S.A.;2025;2.34403080572;1.01814516642;56.5643436114;1.45176303557;4.24430006842;122832000;7.9459870078;0.959553161771;3586622000;3932838000;40042000;1708254000
025933;18.483.666/0001-03;HUMBERG AGRIBRASIL COMÉRCIO E EXPORTAÇÃO DE GRÃOS S.A.;2020;89.0122129196;8.78848779008;90.1266494767;1.09192980032;3.47035134009;104573000;;;1368190000;263720000;23177000;26038000
025933;18.483.666/0001-03;HUMBERG AGRIBRASIL COMÉRCIO E EXPORTAÇÃO DE GRÃOS S.A.;2021;33.0004703499;0.945983227233;97.1334250173;1.16392694238;1.19104250329;280230000;59.6369656261;265.60822084;2184137000;964182000;9121000;27639000
025933;18.483.666/0001-03;HUMBERG AGRIBRASIL COMÉRCIO E EXPORTAÇÃO DE GRÃOS S.A.;2022;55.1392909333;11.1206014586;79.8318018415;0.928139776897;3.68022767124;141603000;82.8561578326;10.4988477279;3993829000;1065410000;118480000;214874000
025933;18.483.666/0001-03;HUMBERG AGRIBRASIL COMÉRCIO E EXPORTAÇÃO DE GRÃOS S.A.;2023;0.578367335194;0.149802685269;74.0990411883;0.924186259535;1.93545519968;58725000;-47.6020130056;-24.4366957322;2092686000;805059000;1206000;208518000
025933;18.483.666/0001-03;HUMBERG AGRIBRASIL COMÉRCIO E EXPORTAÇÃO DE GRÃOS S.A.;2024;12.002686579;2.78058007566;76.8336858805;0.907399136519;6.40524098351;187310000;4.74361657697;22.1426007286;2191955000;983320000;27342000;227799000
023523;18.494.485/0001-82;PORTO SUDESTE V.M. S.A.;2020;-207.933477613;-0.465359487428;99.776197901;0.69597006728;;37766;;;0;54299312;-252687;121523
023523;18.494.485/0001-82;PORTO SUDESTE V.M. S.A.;2021;-2879.36470215;-1.20328673911;99.958209992;0.509013064097;;114923;;11.2654171383;0;60416356;-726982;25248
023523;18.494.485/0001-82;PORTO SUDESTE V.M. S.A.;2022;-130.187431092;-0.680272154951;99.4774671032;7.55497105717;;368766;;-2.31721357044;0;59016380;-401472;308380
023523;18.494.485/0001-82;PORTO SUDESTE V.M. S.A.;2023;-124.678675129;-0.318889507505;99.7442309142;9.12870749436;;213649;;28.9106329463;0;76078389;-242606;194585
023523;18.494.485/0001-82;PORTO SUDESTE V.M. S.A.;2024;-342.608795763;-0.341164454589;99.9004215715;8.23997878306;;107506;;26.1205728213;0;95950500;-327349;95546
023523;18.494.485/0001-82;PORTO SUDESTE V.M. S.A.;2025;-117.20706712;-0.418952438206;99.6425536032;3.40203816565;;361637;;-8.87117315699;0;87438565;-366326;312546
023868;18.572.225/0001-88;CONCEBRA - CONCESSIONARIA DAS RODOVIAS CENTRAIS DO BRASIL;2020;33.2019179202;6.44344522697;80.5931535568;0.261839457508;76.0787681453;19234;;;301594;1614152;104007;313256
023868;18.572.225/0001-88;CONCEBRA - CONCESSIONARIA DAS RODOVIAS CENTRAIS DO BRASIL;2021;-32.2235072642;-4.75380671307;85.2473950955;0.170640634706;9.12133754582;8927;-18.7696041698;-0.510422810243;244986;1605913;-76342;236914
023868;18.572.225/0001-88;CONCEBRA - CONCESSIONARIA DAS RODOVIAS CENTRAIS DO BRASIL;2022;0.562842332795;0.0781809320147;86.1096212102;0.191201094307;32.3469687704;12286000;241521.153862;106708.525742;591938000;1715252000;1341000;238255000
023868;18.572.225/0001-88;CONCEBRA - CONCESSIONARIA DAS RODOVIAS CENTRAIS DO BRASIL;2023;-4.86021865042;-0.726616413911;85.0497175914;0.237624518148;2.74057981338;18471000;-24.1055651099;-11.3958765243;449248000;1519784000;-11043000;227212000
023868;18.572.225/0001-88;CONCEBRA - CONCESSIONARIA DAS RODOVIAS CENTRAIS DO BRASIL;2024;13.8546291417;2.44812096566;82.3299422841;0.0775888265822;27.2276470401;17720000;54.2368580383;-1.78505629747;692906000;1492655000;36542000;263753000
023868;18.572.225/0001-88;CONCEBRA - CONCESSIONARIA DAS RODOVIAS CENTRAIS DO BRASIL;2025;1296.53858368;-28.6634693112;102.210768709;0.0743078477424;-44.8820390469;22361000;-32.2512721783;-33.2013090768;469435000;997074000;-285796000;-22043000
024236;18.593.815/0001-97;PRINER SERVIÇOS INDUSTRIAIS S.A.;2020;-1.37242559379;-0.919704126192;32.9869589757;3.075411362;-1.91236638826;52035000;;;242213000;336630000;-3096000;225586000
024236;18.593.815/0001-97;PRINER SERVIÇOS INDUSTRIAIS S.A.;2021;6.32922996333;3.87283406833;38.8103435841;1.99418959957;4.73102292325;66038000;78.8264874305;11.2132014378;433141000;374377000;14499000;229080000
024236;18.593.815/0001-97;PRINER SERVIÇOS INDUSTRIAIS S.A.;2022;29.2809408285;10.4742563381;64.2284160216;1.36571962242;12.8406601647;105039000;87.8127445797;65.5921704592;813494000;619939000;64934000;221762000
024236;18.593.815/0001-97;PRINER SERVIÇOS INDUSTRIAIS S.A.;2023;10.5067363764;2.99640145089;71.4811398751;1.60690001155;8.3522631165;125891000;28.6316801353;35.0139287898;1046411000;837004000;25080000;238704000
024236;18.593.815/0001-97;PRINER SERVIÇOS INDUSTRIAIS S.A.;2024;7.84350768363;2.26308655816;71.1470091005;1.11513772709;8.16349153131;232537000;5.17693334646;46.8525837391;1100583000;1229162000;27817000;354650000
024236;18.593.815/0001-97;PRINER SERVIÇOS INDUSTRIAIS S.A.;2025;1.49448548372;0.444504858929;70.2569972226;1.47575031581;6.11797089196;343246000;42.0722471635;53.8156077067;1563623000;1890643000;8404000;562334000
026565;18.903.785/0001-78;HOLDING DO ARAGUAIA S.A.;2020;33.3333333333;;;;;0;;;0;0;-347;-1041
026565;18.903.785/0001-78;HOLDING DO ARAGUAIA S.A.;2021;-2.27929261491;-0.441624588705;80.6244891149;13.919723972;-64.3615656902;403630000;;;19493000;3092672000;-13658000;599221000
026565;18.903.785/0001-78;HOLDING DO ARAGUAIA S.A.;2022;-5.41269631952;-0.824742012304;84.7628249653;1.89445384417;0.274217118642;165404000;4417.97568358;30.3468327711;880689000;4031200000;-33247000;614241000
026565;18.903.785/0001-78;HOLDING DO ARAGUAIA S.A.;2023;10.9025010185;1.56461003708;85.6490723145;1.63017447592;32.2270067699;345771000;0.835141576652;22.6159208176;888044000;4942893000;77337000;709351000
026565;18.903.785/0001-78;HOLDING DO ARAGUAIA S.A.;2024;3.55419732006;0.481260186443;86.4593846907;1.70069468354;31.2604459424;186038000;5.57641288044;12.3499335308;937565000;5553337000;26726000;751956000
026565;18.903.785/0001-78;HOLDING DO ARAGUAIA S.A.;2025;-7.00828043948;-0.876300313866;87.496215064;1.67322400676;32.9015382242;85660000;-12.9029987254;11.7440018497;816591000;6205521000;-54379000;775925000
023744;19.133.012/0001-12;RENOVA COMPANHIA SECURITIZADORA DE CRÉDITOS FINANCEIROS S.A.;2020;99.6718083361;67.8053136861;31.9714221925;3.12779329609;;1027000;;;0;4479000;3037000;3047000
023884;19.208.022/0001-70;ECO050 CONCESSIONÁRIA DE RODOVIAS S.A.;2020;-1.58519158552;-0.528237374594;66.6767487654;0.556436030258;13.6379788217;27059000;;;365846000;1444805000;-7632000;481456000
023884;19.208.022/0001-70;ECO050 CONCESSIONÁRIA DE RODOVIAS S.A.;2021;1.90398445205;0.782824210935;58.8849472961;0.916844081222;17.1045430263;49242000;25.3573908147;15.8945324802;458615000;1674450000;13108000;688451000
023884;19.208.022/0001-70;ECO050 CONCESSIONÁRIA DE RODOVIAS S.A.;2022;5.20940249614;2.07724115184;60.1251553632;1.19014270345;22.5274003308;127337000;12.8423623301;18.7785840127;517512000;1988888000;41314000;793066000
023884;19.208.022/0001-70;ECO050 CONCESSIONÁRIA DE RODOVIAS S.A.;2023;6.4873388669;2.85310390953;56.0204273576;0.667174755983;28.4112333478;39451000;11.920882994;5.84889646878;579204000;2105216000;60064000;925865000
023884;19.208.022/0001-70;ECO050 CONCESSIONÁRIA DE RODOVIAS S.A.;2024;5.31191077668;2.62464041897;50.5895236326;0.561331636306;25.5874165621;21998000;12.6944910601;10.4365537788;652731000;2324928000;61021000;1148758000
023884;19.208.022/0001-70;ECO050 CONCESSIONÁRIA DE RODOVIAS S.A.;2025;3.18314424092;1.35240265384;57.5136232766;2.32037203306;26.6378206778;71465000;-7.72937090471;20.6937591186;602279000;2806043000;37949000;1192186000
024775;19.276.528/0001-16;BCBF PARTICIPAÇÕES S.A.;2020;11.9337234261;5.26031377848;55.9205992074;1.9033228688;14.0306511558;2453206000;;;10673268000;15972032000;840179000;7040376000
024775;19.276.528/0001-16;BCBF PARTICIPAÇÕES S.A.;2021;-1.66143214371;-0.623568979176;62.4679839295;1.3541653412;2.61499173458;1662961000;17.9054156609;16.4366625361;12584361000;18597301000;-115967000;6979942000
024775;19.276.528/0001-16;BCBF PARTICIPAÇÕES S.A.;2022;-10.9882941684;-4.36943319823;60.2355640351;0.964962825829;-3.75439054668;1012282000;14.1017410419;5.33011752619;14358975000;19588559000;-855909000;7789280000
022942;19.296.342/0001-29;MGI - MINAS GERAIS PARTICIPAÇÕES S.A.;2020;6.87956850021;1.41235461595;79.470302303;2.03070419167;29.0838861509;17925000;;;117278000;2588231000;36555000;531356000
022942;19.296.342/0001-29;MGI - MINAS GERAIS PARTICIPAÇÕES S.A.;2021;12.5477909062;2.99040426353;76.1678825709;1.15982016478;47.4089395143;71979000;43.8752366173;7.83144935672;168734000;2790927000;83460000;665137000
024090;19.378.769/0001-76;INSTITUTO HERMES PARDINI S.A.;2020;17.2393322177;6.42936287807;62.7052672524;1.5731412456;13.4041092039;132306000;;;1494012000;1969262000;126611000;734431000
024090;19.378.769/0001-76;INSTITUTO HERMES PARDINI S.A.;2021;24.5106584763;9.26289608292;62.2087016068;1.04664369427;18.083108151;261953000;32.9171385504;17.313846507;1985798000;2310217000;213993000;873061000
024090;19.378.769/0001-76;INSTITUTO HERMES PARDINI S.A.;2022;17.5820736262;6.77420857869;61.4709349835;0.858969520039;14.6962642762;331950000;5.68461646149;10.5515629051;2098683000;2553981000;173012000;984025000
025909;19.403.252/0001-90;EMCCAMP RESIDENCIAL S.A.;2020;13.436069596;8.03181737536;40.2219725196;2.53288618005;12.9127615787;143657000;;;355199000;507270000;40743000;303236000
025909;19.403.252/0001-90;EMCCAMP RESIDENCIAL S.A.;2021;4.43090669103;2.55820376006;42.2645535454;5.8967216288;5.96956584478;124013000;54.1324722198;51.3292723796;547477000;767648000;19638000;443205000
025909;19.403.252/0001-90;EMCCAMP RESIDENCIAL S.A.;2022;7.97500347958;4.15356944748;47.9176472071;2.30233397091;8.55883780498;106045000;52.0348800041;23.9964150236;832356000;951856000;39536000;495749000
025909;19.403.252/0001-90;EMCCAMP RESIDENCIAL S.A.;2023;-7.35080278351;-4.17244981373;43.2381749775;1.6846547782;0.270481030312;138537000;15.0857325471;-20.4471054445;957923000;757229000;-31595000;429817000
025909;19.403.252/0001-90;EMCCAMP RESIDENCIAL S.A.;2024;15.9662057609;9.31141607601;41.6804705173;2.73187579974;10.7837740446;116142000;-5.55879752339;9.46160276482;904674000;828875000;77180000;483396000
025909;19.403.252/0001-90;EMCCAMP RESIDENCIAL S.A.;2025;16.6140033813;7.02496791295;57.716585511;1.74469156598;12.7756627593;239829000;-4.47498214827;46.8257578043;864190000;1217002000;85494000;514590000
023922;19.521.322/0001-04;CONCESSIONÁRIA ROTA DO OESTE S.A.;2020;13.5839853155;2.40080622633;82.3262012542;0.0651711540964;43.1173234099;37550000;;;525624000;1997454000;47955000;353026000
023922;19.521.322/0001-04;CONCESSIONÁRIA ROTA DO OESTE S.A.;2021;11.0077443268;2.08276826817;81.0790639177;0.107036648632;30.4455858811;76788000;16.2287110178;7.79442229959;610926000;2153144000;44845000;407395000
023922;19.521.322/0001-04;CONCESSIONÁRIA ROTA DO OESTE S.A.;2022;12.8797212942;2.96394309666;76.987521477;0.0722666350468;32.9868281872;27548000;3.98902649421;-1.22843618448;635296000;2126694000;63034000;489405000
023922;19.521.322/0001-04;CONCESSIONÁRIA ROTA DO OESTE S.A.;2023;13.0034053775;7.83306194539;39.7614569568;7.24749731856;31.8020191309;582394000;66.8452186068;45.2805622247;1059961000;3089673000;242016000;1861174000
023922;19.521.322/0001-04;CONCESSIONÁRIA ROTA DO OESTE S.A.;2024;12.6702776999;7.70641161942;39.1772477137;8.42260430824;19.2252297367;841824000;76.3362991657;44.4849988979;1869096000;4464114000;344023000;2715197000
023922;19.521.322/0001-04;CONCESSIONÁRIA ROTA DO OESTE S.A.;2025;7.25166679073;3.45236850195;52.3920692776;7.02379009539;9.8305883353;1368616000;46.023960246;55.5026148526;2729328000;6941814000;239657000;3304854000
003395;19.526.748/0001-50;CIA INDUSTRIAL CATAGUASES;2020;-5.4286459452;-3.00147592712;44.7104129203;2.22394442548;-6.15716597734;31369000;;;139025000;235784000;-7077000;130364000
003395;19.526.748/0001-50;COMPANHIA INDUSTRIAL CATAGUASES;2021;10.785919918;5.69863286955;47.1660005557;2.29997416521;7.61064361209;22679000;52.9199784211;19.0640586299;212597000;280734000;15998000;148323000
003395;19.526.748/0001-50;COMPANHIA INDUSTRIAL CATAGUASES;2022;13.3823766118;5.82254316069;56.4909632304;1.64628702827;7.79944115765;58866000;50.6629914815;37.3314240527;320305000;385536000;22448000;167743000
003395;19.526.748/0001-50;COMPANHIA INDUSTRIAL CATAGUASES;2023;11.0739770074;5.38018109594;51.415999037;2.14108842198;7.05024257547;61292000;-5.66054229562;-3.03499543493;302174000;373835000;20113000;181624000
003395;19.526.748/0001-50;COMPANHIA INDUSTRIAL CATAGUASES;2024;11.8537206932;5.55775940353;53.1137982125;1.86379623168;10.8274553218;80645000;4.62514974816;11.9370845426;316150000;418460000;23257000;196200000
003395;19.526.748/0001-50;COMPANHIA INDUSTRIAL CATAGUASES;2025;7.66957930844;3.6795307481;52.0243470974;2.05006152251;6.17810996541;75761000;-5.45816859086;2.66692156956;298894000;429620000;15808000;206113000
024155;19.527.586/0001-75;COMPANHIA ENERGÉTICA SINOP S/A;2020;6.6877041501;3.40592089335;49.07189647;2.83555550339;102.678316466;169801000;;;269647000;3101863000;105647000;1579720000
024155;19.527.586/0001-75;COMPANHIA ENERGÉTICA SINOP S/A;2021;-9.92759497723;-4.78998469649;51.7508046261;2.0722749197;-27.3772275881;121791000;3.59395802661;-3.98022091885;279338000;2978402000;-142665000;1437055000
024155;19.527.586/0001-75;COMPANHIA ENERGÉTICA SINOP S/A;2022;-5.71003603714;-2.60238352906;54.4243939595;1.55301738834;6.55228626305;151762000;10.8996985731;0.147797375908;309785000;2982804000;-77624000;1359431000
024155;19.527.586/0001-75;COMPANHIA ENERGÉTICA SINOP S/A;2023;-4.23157989973;-1.89210574674;55.2860682872;1.46887035781;12.963342928;43624000;10.1286376035;-2.21093977345;341162000;2916856000;-55190000;1304241000
024155;19.527.586/0001-75;COMPANHIA ENERGÉTICA SINOP S/A;2024;3.78503068873;1.74482983507;53.9018312252;1.08002653518;55.8086967199;29559000;5.03573082582;-0.120197911724;358342000;2913350000;50833000;1343001000
024155;19.527.586/0001-75;COMPANHIA ENERGÉTICA SINOP S/A;2025;4.65608473208;2.21521701323;52.4231808334;1.09471883932;63.6542939469;37230000;4.98462362771;0.458612936997;376204000;2926711000;64833000;1392436000
003271;19.527.639/0001-58;ENERGISA MINAS RIO - DISTRIBUIDORA DE ENERGIA S/A;2020;16.0120602593;4.10297226579;74.3757380415;0.960486020755;10.9146126261;37749000;;;810354000;1114436000;45725000;285566000
003271;19.527.639/0001-58;ENERGISA MINAS RIO - DISTRIBUIDORA DE ENERGIA S/A;2021;24.4306536967;4.74914483728;80.5607132079;1.50287294802;13.027992982;13735000;17.2488813531;20.7209745557;950131000;1345358000;63893000;261528000
003271;19.527.639/0001-58;ENERGISA MINAS RIO - DISTRIBUIDORA DE ENERGIA S/A;2022;15.3593907795;3.11321810081;79.7308490584;1.31199195734;12.6851567883;22371000;5.6995298543;24.9142607395;1004284000;1680544000;52319000;340632000
003271;19.527.639/0001-58;ENERGISA MINAS RIO - DISTRIBUIDORA DE ENERGIA S/A;2023;23.0637583527;4.50882511201;80.4506054778;1.19262553918;14.4488899915;41806000;29.6373336626;11.6918093189;1301927000;1877030000;84632000;366948000
003271;19.527.639/0001-58;ENERGISA MINAS RIO - DISTRIBUIDORA DE ENERGIA S/A;2024;21.2409958364;3.47043825426;83.6616028693;1.39774089311;10.0767423988;24029000;6.4426039248;21.8599596171;1385805000;2287348000;79381000;373716000
003271;19.527.639/0001-58;ENERGISA MINAS RIO - DISTRIBUIDORA DE ENERGIA S/A;2025;18.8637901515;3.53498754723;81.2604597548;1.39354302171;14.2212053504;31278000;7.70599038104;2.74252103309;1492595000;2350079000;83075000;440394000
023833;19.642.306/0001-70;CONCESSIONÁRIA DE RODOVIA SUL-MATOGROSSENSE S.A.;2020;-58.236956823;-20.2809465667;65.1751264608;0.618746251808;-108.176112731;54052000;;;311823000;1719900000;-348812000;598953000
023833;19.642.306/0001-70;CONCESSIONÁRIA DE RODOVIA SUL-MATOGROSSENSE S.A.;2021;-14.4232348974;-4.79819051801;66.7329101125;0.495048987863;4.97306463249;22542000;29.3596046475;-8.51276236991;403373000;1573489000;-75499000;523454000
023833;19.642.306/0001-70;CONCESSIONÁRIA DE RODOVIA SUL-MATOGROSSENSE S.A.;2022;-91.026891376;-25.9998861956;71.4371370893;10.1793556257;-119.419178668;74275000;-48.9772493449;-25.1689080763;205812000;1177459000;-306138000;336316000
023833;19.642.306/0001-70;CONCESSIONÁRIA DE RODOVIA SUL-MATOGROSSENSE S.A.;2023;-554.406426459;-38.4145304818;93.0710524538;1.17290138956;-94.3910656351;91837000;9.0276563077;-27.065485932;224392000;858774000;-329894000;59504000
023833;19.642.306/0001-70;CONCESSIONÁRIA DE RODOVIA SUL-MATOGROSSENSE S.A.;2024;118.814055637;-80.7100951924;167.929753563;0.830343023703;-79.9701732669;56499000;21.3229526899;-45.6749971471;272239000;466529000;-376536000;-316912000
023833;19.642.306/0001-70;CONCESSIONÁRIA DE RODOVIA SUL-MATOGROSSENSE S.A.;2025;91.5404986595;38.1158580175;58.3617540043;1.11345355362;21.3780471277;193920000;168.324156348;213.936111153;730483000;1464603000;558246000;609835000
023892;19.726.048/0001-00;CONCESSIONÁRIA BR-040 S.A.;2020;324.857598737;-36.334529475;111.18475591;0.515390936098;-41.0695661633;11976000;;;468863000;1042240000;-378693000;-116572000
023892;19.726.048/0001-00;CONCESSIONÁRIA BR-040 S.A.;2021;85.3786557649;-15.1162955494;117.705005325;0.0594194460455;-13.3325257909;19536000;-15.4840539774;-5.22067853853;396264000;987828000;-149323000;-174895000
023892;19.726.048/0001-00;CONCESSIONÁRIA BR-040 S.A.;2022;42.2142264778;-13.8022000815;132.695612908;0.0721070766324;8.46433681533;25992000;7.93915167666;-6.29006264248;427724000;925693000;-127766000;-302661000
023892;19.726.048/0001-00;CONCESSIONÁRIA BR-040 S.A.;2023;28.4024318675;-11.289101236;139.746952968;1.2703780872;10.8437782073;46069000;13.4483919537;-5.98686605603;485246000;870273000;-98246000;-345907000
026085;19.796.586/0001-70;BRISANET PARTICIPAÇÕES S.A.;2020;22.8959802511;2.86010311809;87.5082739995;0.649624710271;18.1985442182;171104000;;;471774000;1018250000;29123000;127197000
026085;19.796.586/0001-70;BRISANET PARTICIPAÇÕES S.A.;2021;0.167126270119;0.0775491026189;53.5984961767;2.3676454852;10.9549848715;1000792000;54.4712086719;184.052148294;728755000;2892361000;2243000;1342099000
026085;19.796.586/0001-70;BRISANET PARTICIPAÇÕES S.A.;2022;4.40322146599;1.97200778096;55.2144311571;1.74268734309;16.9103288119;203542000;35.1955046621;6.42807035498;985244000;3078284000;60704000;1378627000
026085;19.796.586/0001-70;BRISANET PARTICIPAÇÕES S.A.;2023;10.8317451981;5.11060051723;52.818309296;1.93572330721;20.4138874637;323220000;24.6259809753;3.83310961562;1227870000;3196278000;163349000;1508058000
023477;19.851.496/0001-35;LOGOS COMPANHIA SECURITIZADORA S/A;2020;722.295699184;206.715155032;71.3808132507;1.01415271289;25.5945314476;53886;;;1134633;144777;299276;41434
023477;19.851.496/0001-35;LOGOS COMPANHIA SECURITIZADORA S/A;2021;99.1894773783;16.7101355684;83.1533182651;1.13273107374;-10.6100697146;614744;-5.17118751173;507.524675881;1075959;879556;146975;148176
023477;19.851.496/0001-35;LOGOS COMPANHIA SECURITIZADORA S/A;2022;581.80478129;391.116860142;32.7752413318;2.83347368207;176.157008118;175882;-6.03210717137;-31.6184529467;1011056;601454;2352388;404326
024384;19.853.511/0001-84;NOTRE DAME INTERMÉDICA PARTICIPAÇÕES S.A.;2020;10.3645252607;4.49899559967;56.5923620569;1.83009688606;12.9407787755;2563751000;;;10673268000;16353539000;735745000;7098685000
025330;20.247.322/0001-47;ALLIED TECNOLOGIA S.A.;2020;14.8281379496;4.51145645406;69.575030463;1.34748235741;5.72556868703;382314000;;;4722413000;3715984000;167645000;1130587000
025330;20.247.322/0001-47;ALLIED TECNOLOGIA S.A.;2021;19.0664654826;6.36417351261;66.6211153902;1.37473153215;7.10129226407;733966000;21.5169660087;21.8778659973;5738533000;4528962000;288231000;1511717000
025330;20.247.322/0001-47;ALLIED TECNOLOGIA S.A.;2022;5.07666737115;2.06416292102;59.3401976116;1.67831130038;4.04481002601;141942000;-10.6429988291;-18.5474949889;5127781000;3688953000;76146000;1499921000
025330;20.247.322/0001-47;ALLIED TECNOLOGIA S.A.;2023;7.65674107629;3.6058003075;52.9068532999;2.01729515144;3.70005371555;535620000;14.1802857805;-7.94810885365;5854915000;3395751000;122444000;1599166000
025330;20.247.322/0001-47;ALLIED TECNOLOGIA S.A.;2024;9.15879686794;4.1816668338;54.3426184236;1.82747122471;3.42014072204;427961000;-5.69664973787;2.48805050783;5521381000;3480239000;145532000;1588986000
025330;20.247.322/0001-47;ALLIED TECNOLOGIA S.A.;2025;21.4408339391;9.87470821394;53.944383684;1.79766476774;9.15198505982;375871000;-0.303565358015;-3.18667769656;5504620000;3369335000;332712000;1551768000
023507;20.258.278/0001-70;OUROFINO S.A.;2020;15.9970399957;8.12664128478;49.1990937889;2.84726824834;13.9864239263;225575000;;;730108000;1103937000;89713000;560810000
023507;20.258.278/0001-70;OUROFINO S.A.;2021;17.7649219296;9.5549967593;46.214248522;2.9706158938;15.5925307544;161254000;23.9530316063;8.03542231124;904991000;1192643000;113957000;641472000
023507;20.258.278/0001-70;OUROFINO S.A.;2022;17.753193409;9.70349163204;45.3422750008;3.24912402428;17.0316787804;165036000;15.0405915639;12.9009267652;1041107000;1346505000;130658000;735969000
023507;20.258.278/0001-70;OUROFINO S.A.;2023;-7.24925478137;-3.90740018249;46.0992846806;3.56272350595;8.58821496458;304029000;-9.39634446796;-5.01268097779;943281000;1279009000;-49976000;689395000
023507;20.258.278/0001-70;OUROFINO S.A.;2024;17.7585438758;9.70090401861;45.373313902;3.06121096634;18.2312117971;233957000;8.64122143879;8.26397625036;1024792000;1384706000;134329000;756419000
023507;20.258.278/0001-70;OUROFINO S.A.;2025;27.8984811578;14.1977185146;49.109349594;3.55323071795;19.3041260678;250821000;19.535671629;13.0797440034;1224992000;1565822000;222311000;796857000
023760;20.451.953/0001-83;BLUM COMPANHIA DE SECURITIZAÇÃO DE CRÉDITOS S.A;2020;-68.3870967742;-66.4576802508;2.82131661442;35.4444444444;-162.790697674;19000;;;129000;319000;-212000;310000
023760;20.451.953/0001-83;BLUM COMPANHIA DE SECURITIZAÇÃO DE CRÉDITOS S.A;2021;115.935334873;62.9861982434;45.6712672522;0.68956043956;62.4226348364;33000;776.744186047;149.843260188;1131000;797000;502000;433000
026670;20.514.555/0001-69;ARGO VI TRANSMISSÃO DE ENERGIA S.A.;2020;11.1004589495;4.18634706217;62.2867209256;1.33392838663;93.0483534991;7337000;;;90252000;909958000;38094000;343175000
026670;20.514.555/0001-69;ARGO VI TRANSMISSÃO DE ENERGIA S.A.;2021;12.1281614296;4.85747268406;59.9488124209;1.34244461589;91.3132546733;19574000;12.5005540043;4.81220012352;101534000;953747000;46328000;381987000
026670;20.514.555/0001-69;ARGO VI TRANSMISSÃO DE ENERGIA S.A.;2022;13.4681990476;5.85521372728;56.5256371205;3.00897275896;92.4533754798;10708000;9.0521401698;3.26637986804;110725000;984900000;57668000;428179000
026670;20.514.555/0001-69;ARGO VI TRANSMISSÃO DE ENERGIA S.A.;2023;12.4360272709;5.38572539007;56.6925572553;1.95928753181;86.8027854195;3770000;5.05305938135;3.71387958168;116320000;1021478000;55014000;442376000
026670;20.514.555/0001-69;ARGO VI TRANSMISSÃO DE ENERGIA S.A.;2024;12.9786830005;6.12052999817;52.8416712396;2.34540052639;88.6615013418;3315000;7.96165749656;2.75933500281;125581000;1049664000;64245000;495004000
026670;20.514.555/0001-69;ARGO VI TRANSMISSÃO DE ENERGIA S.A.;2025;5.16570228213;2.56941432187;50.2601160202;2.37965758802;47.613575806;42569000;-4.36769893535;-0.0675454240595;120096000;1048955000;26952000;521749000
026662;20.514.590/0001-88;ARGO V TRANSMISSÃO DE ENERGIA S.A.;2020;11.0148466253;3.82451552129;65.2785403975;1.42402476057;89.6844103974;7561000;;;91638000;806795000;30856000;280131000
026662;20.514.590/0001-88;ARGO V TRANSMISSÃO DE ENERGIA S.A.;2021;13.2979707445;4.94096816476;62.8441943535;1.37515309247;91.0857154763;16976000;4.75130404417;4.58443594717;95992000;843782000;41691000;313514000
026662;20.514.590/0001-88;ARGO V TRANSMISSÃO DE ENERGIA S.A.;2022;13.6369347573;5.69319196429;58.2516741071;2.91614857685;76.5757634891;8195000;28.1231769314;6.18856529293;122988000;896000000;51011000;374065000
026662;20.514.590/0001-88;ARGO V TRANSMISSÃO DE ENERGIA S.A.;2023;11.6034883336;4.8217598578;58.4456008471;2.90515755674;60.9968515437;4223000;35.8392688718;13.5199776786;167066000;1017139000;49044000;422666000
026662;20.514.590/0001-88;ARGO V TRANSMISSÃO DE ENERGIA S.A.;2024;14.7002707698;6.19499090633;57.8579809629;2.42437268674;68.5630672574;4151000;16.994481223;9.68127266775;195458000;1115611000;69112000;470141000
026662;20.514.590/0001-88;ARGO V TRANSMISSÃO DE ENERGIA S.A.;2025;8.49090946698;3.68637564914;56.5844428859;2.14460055971;65.2123708307;15620000;-30.4377411004;-0.181425245897;135965000;1113587000;41051000;483470000
026573;20.553.221/0001-02;TROCAFONE S.A.;2020;-21.4364336819;0.694271148979;103.238743717;1.20350905782;-1.05716523101;35407000;;;199212000;112204000;779000;-3634000
024040;20.646.442/0001-17;GAIA CRED SECURITIZADORA DE CRÉDITOS FINANCEIROS S/A.;2020;-1750;-1400;20;5;;0;;;0;5000;-70000;4000
026417;21.110.778/0001-23;OLIVEIRA TRUST S.A.;2020;2415.234375;393.470790378;83.7087947054;1.09901454716;78.3096468562;214000;;;46440000;7857000;30915000;1280000
026417;21.110.778/0001-23;OLIVEIRA TRUST S.A.;2021;186.976241252;86.9109947644;53.5176265271;1.92395007342;50.0642226831;113819000;287.258828596;1723.21496754;179843000;143250000;124500000;66586000
026417;21.110.778/0001-23;OLIVEIRA TRUST S.A.;2022;94.273802233;35.3372770616;62.5163340985;1.57399259259;44.6579302633;169636000;22.3283641843;58.1291448517;219999000;226520000;80046000;84908000
026417;21.110.778/0001-23;OLIVEIRA TRUST S.A.;2023;90.8880811344;28.5255541276;68.6146370662;1.39830100539;37.5347990793;130198000;13.150059773;25.3774501148;248929000;284005000;81014000;89136000
026417;21.110.778/0001-23;OLIVEIRA TRUST S.A.;2024;102.98437702;22.190128245;78.4529179211;1.18972293878;41.1538591683;175976000;18.7205990463;64.3228112181;295530000;466685000;103558000;100557000
026417;21.110.778/0001-23;OLIVEIRA TRUST S.A.;2025;152.850844202;33.40034492;78.1484066415;1.15634778684;39.8153182571;78478000;11.3981660068;-15.2631860891;329215000;395454000;132083000;86413000
025658;21.240.146/0001-84;AGROGALAXY PARTICIPAÇÕES S.A. - EM RECUPERAÇÃO JUDICIAL;2020;7.47058269977;1.78862742659;76.057725368;1.0307945389;3.65349149419;301106000;;;2630908000;4260865000;76211000;1020148000
025658;21.240.146/0001-84;AGROGALAXY PARTICIPAÇÕES S.A. - EM RECUPERAÇÃO JUDICIAL;2021;8.09917052642;1.76234075434;78.2404784713;1.1120872451;4.93698312225;643563000;150.127256445;59.0031601564;6580618000;6774910000;119397000;1474188000
025658;21.240.146/0001-84;AGROGALAXY PARTICIPAÇÕES S.A. - EM RECUPERAÇÃO JUDICIAL;2022;1.92791578364;0.292084359476;84.8497345188;1.14142381725;4.55343148291;1077875000;76.1614182741;46.2822827167;11592510000;9910493000;28947000;1501466000
025658;21.240.146/0001-84;AGROGALAXY PARTICIPAÇÕES S.A. - EM RECUPERAÇÃO JUDICIAL;2023;-32.3132118431;-4.76135906381;85.2649774125;0.903416132194;2.18484841521;738306000;-18.9209584464;-22.1631456679;9399096000;7714016000;-367292000;1136662000
025658;21.240.146/0001-84;AGROGALAXY PARTICIPAÇÕES S.A. - EM RECUPERAÇÃO JUDICIAL;2024;173.003238356;-82.9956130672;147.973444807;0.347771437654;-42.8029903084;475482000;-50.9275466492;-52.8292266959;4612367000;3638761000;-3020012000;-1745639000
003450;21.254.073/0001-80;COMPANHIA ITAUNENSE ENERGIA E PARTICIPAÇÕES;2020;1111.5848353;111.495256025;89.9697033925;3.17021276596;90.4741442364;5463000;;;109376000;80207000;89427000;8045000
003450;21.254.073/0001-80;COMPANHIA ITAUNENSE ENERGIA E PARTICIPAÇÕES;2021;43.9939485628;24.5861906999;44.1146077971;7.48379315543;449.590680101;24493000;-97.09625512;-33.6404553219;3176000;53225000;13086000;29745000
003450;21.254.073/0001-80;COMPANHIA ITAUNENSE ENERGIA E PARTICIPAÇÕES;2022;1.86925985954;1.08784506068;41.8034333145;10.0420983028;-27.9592448307;41094000;5.06926952141;-10.3635509629;3337000;47709000;519000;27765000
003450;21.254.073/0001-80;COMPANHIA ITAUNENSE ENERGIA E PARTICIPAÇÕES;2023;-3.74397489071;-2.21309302942;40.889212828;11.1541238545;-275.647058824;36166000;-74.5280191789;-5.09966672955;850000;45276000;-1002000;26763000
003450;21.254.073/0001-80;COMPANHIA ITAUNENSE ENERGIA E PARTICIPAÇÕES;2024;-6.30362249762;-3.71054477437;41.136310498;10.0018435607;-135.244161359;33751000;121.647058824;-5.53494124923;1884000;42770000;-1587000;25176000
003450;21.254.073/0001-80;COMPANHIA ITAUNENSE ENERGIA E PARTICIPAÇÕES;2025;87.7149400303;49.0397343808;44.0919250884;1.74344405594;81.0876354951;12496000;1344.5329087;7.74140752864;27215000;46081000;22598000;25763000
004081;21.255.567/0001-89;CIA TECIDOS SANTANENSE EM RECUPERAÇÃO JUDICIAL;2020;-1.32548280402;-0.578023114767;56.3915040608;1.01318873336;2.86013121613;12837000;;;473265000;649628000;-3755000;283293000
004081;21.255.567/0001-89;CIA TECIDOS SANTANENSE EM RECUPERAÇÃO JUDICIAL;2021;8.88800723972;4.03671118312;54.5824944305;1.07561872359;8.3183109704;33392000;26.9417768058;3.36869716207;600771000;671512000;27107000;304984000
004081;21.255.567/0001-89;CIA TECIDOS SANTANENSE EM RECUPERAÇÃO JUDICIAL;2022;1.98651035812;0.988864284972;50.2210355496;0.783940750213;5.95799180328;26872000;-31.7676785331;-6.85721178475;409920000;625465000;6185000;311350000
004081;21.255.567/0001-89;CIA TECIDOS SANTANENSE EM RECUPERAÇÃO JUDICIAL;2023;-43.6444998039;-15.2522425501;65.0534600726;0.492421166347;-67.6682860513;27586000;-75.5957259953;-0.829622760666;100038000;620276000;-94606000;216765000
004081;21.255.567/0001-89;CIA TECIDOS SANTANENSE EM RECUPERAÇÃO JUDICIAL;2024;-162.824536089;-23.9721540087;85.2773085774;0.284971360037;-304.157407668;3363000;-64.4625042484;8.52120668864;35551000;673131000;-161364000;99103000
023701;21.262.638/0001-70;ENCALSO PARTICIPAÇÕES EM CONCESSÕES S/A;2020;20.7806837625;18.0251655426;13.2599978491;0.136673309543;;4899000;;;0;325445000;58662000;282291000
023701;21.262.638/0001-70;ENCALSO PARTICIPAÇÕES EM CONCESSÕES S/A;2021;26.9210470422;26.5541923913;1.36270573111;0.32191940368;;537000;;-3.19869716849;0;315035000;83655000;310742000
023825;21.314.559/0001-66;MOVIDA PARTICIPACOES SA;2020;4.62237353096;1.28227429005;72.2593970075;0.972211012337;7.44875661494;68647000;;;4085259000;8502627000;109027000;2358680000
023825;21.314.559/0001-66;MOVIDA PARTICIPACOES SA;2021;24.9488806724;3.77345987745;84.8752337751;2.43841332611;31.255462837;146030000;30.5332905453;155.401689384;5332623000;21715853000;819439000;3284472000
023825;21.314.559/0001-66;MOVIDA PARTICIPACOES SA;2022;20.0964140712;2.11973234668;89.4521861504;1.60112116195;25.1743822857;551765000;80.0245207659;20.8742755811;9600029000;26248880000;556406000;2768683000
023825;21.314.559/0001-66;MOVIDA PARTICIPACOES SA;2023;-25.8055371298;-2.59101965155;89.9594430509;0.728277235824;12.1984642258;133394000;7.72899748532;-4.3026102447;10342015000;25119493000;-650851000;2522137000
023825;21.314.559/0001-66;MOVIDA PARTICIPACOES SA;2024;9.28761255803;0.757159948776;91.8476363646;0.75123589786;19.4349048717;677895000;30.3543845179;21.7136707337;13481270000;30573857000;231493000;2492492000
023825;21.314.559/0001-66;MOVIDA PARTICIPACOES SA;2025;10.7272582691;0.91155799556;91.5024140121;0.555950763435;22.192727753;1322044000;8.83287702123;14.2324306678;14672054000;34925260000;318364000;2967804000
025127;21.389.501/0001-81;COMPASS GÁS E ENERGIA S.A.;2020;28.1077812885;6.25821983386;77.7349205559;1.21882226922;18.5144454574;1899533000;;;9093170000;15027676000;940465000;3345924000
025127;21.389.501/0001-81;COMPASS GÁS E ENERGIA S.A.;2021;27.3435603605;8.72076313959;68.1067021829;1.55336145071;16.0004749311;3562358000;35.5985756342;32.9720510344;12330209000;19982609000;1742636000;6373113000
025127;21.389.501/0001-81;COMPASS GÁS E ENERGIA S.A.;2022;22.9737146883;7.87072430719;65.7403061979;1.65047391788;13.3289380681;3403635000;63.2882865165;25.7202500434;20133787000;25122186000;1977298000;8606784000
025127;21.389.501/0001-81;COMPASS GÁS E ENERGIA S.A.;2023;20.4721263825;6.24292411601;69.5052482612;1.44367245511;18.8271764233;3931532000;-11.7536755505;14.7850071646;17767327000;28836503000;1800241000;8793620000
025127;21.389.501/0001-81;COMPASS GÁS E ENERGIA S.A.;2024;31.5260482842;6.19692445448;80.3434785146;1.20879954148;19.9599389625;5271256000;3.46771914537;18.7734830399;18383448000;34250119000;2122454000;6732382000
025127;21.389.501/0001-81;COMPASS GÁS E ENERGIA S.A.;2025;19.6289465128;4.37724898193;77.7000310277;1.50067793293;22.442078155;3430108000;-9.67932131121;-2.63511493201;16604055000;33347589000;1459707000;7436502000
023558;21.414.457/0001-12;LEADS CIA. SECURITIZADORA;2020;1830.71385115;-298.473288753;116.303656006;10.1691768827;-458.775619115;19378;;;78701;120979;-361090;-19724
023558;21.414.457/0001-12;LEADS CIA. SECURITIZADORA;2021;-88.1713922169;-81.8450965533;7.17499804019;5.8188506082;-323.430537832;88110;21.4800320199;216.327627109;95606;382690;-313213;355232
023558;21.414.457/0001-12;LEADS CIA. SECURITIZADORA;2022;-128.972785551;-76.7043333611;40.5267297022;1.25052163346;-386.475057994;90050;14.5262849612;44.2049700802;109494;551858;-423299;328208
023558;21.414.457/0001-12;LEADS CIA. SECURITIZADORA;2023;88.8516671634;66.9815828562;24.6141518842;0.559683632375;91.1777473552;10190;5649.87944545;1059.68201965;6295773;6399798;4286686;4824542
023558;21.414.457/0001-12;LEADS CIA. SECURITIZADORA;2024;32.3914975168;2.54968884649;92.128524329;1.74983415197;43.9633433427;583916;-48.8920264438;538.476120653;3217642;40861182;1041833;3216378
023558;21.414.457/0001-12;LEADS CIA. SECURITIZADORA;2025;-49.9329832788;-2.82358856449;94.3452436064;10.2623488793;-407.192483517;1902;-91.7603014879;-4.84269397787;265124;38882400;-1097879;2198705
023566;21.610.416/0001-00;FORTUNATO SECURITIZADORA S/A;2020;6.77286030005;0.327610719487;95.1628897545;91.1851436342;-12.3930251976;3229518;;;2980959;11309459;37051;547051
023566;21.610.416/0001-00;FORTUNATO SECURITIZADORA S/A;2021;24.2140538653;1.52882226997;93.6862192573;93.1696620149;1.2521302359;267972;2.85196810825;1.08991066681;3065975;11432722;174786;721837
026654;21.728.083/0001-00;ARGO VII TRANSMISSÃO DE ENERGIA S.A.;2020;10.6974422527;4.00374767532;62.5728507738;1.82275023594;91.0818107905;49466000;;;260748000;2483673000;99440000;929568000
026654;21.728.083/0001-00;TRANSMISSORA JOSÉ MARIA DE MACEDO DE ELETRICIDADE S.A.;2021;5.18004071638;1.92516085064;62.8350247413;1.68746147083;90.2170847104;60213000;-27.9384693267;-0.27543883595;187899000;2476832000;47683000;920514000
026654;21.728.083/0001-00;TRANSMISSORA JOSÉ MARIA DE MACEDO DE ELETRICIDADE S.A.;2022;14.3766049967;5.73129383052;60.1345809262;3.68890207939;89.6349746663;27277000;69.6363471865;4.54968282064;318745000;2589520000;148413000;1032323000
026654;21.728.083/0001-00;TRANSMISSORA JOSÉ MARIA DE MACEDO DE ELETRICIDADE S.A.;2023;14.2560366436;5.50222966488;61.4042121074;2.42324426907;69.2086274883;7476000;44.9616464572;10.9675152152;462058000;2873526000;158108000;1109060000
026654;21.728.083/0001-00;TRANSMISSORA JOSÉ MARIA DE MACEDO DE ELETRICIDADE S.A.;2024;14.3070875714;5.78397826749;59.5726367186;2.89434674835;86.3846539295;7967000;-12.7542429738;6.21156725222;403126000;3052017000;176528000;1233850000
026654;21.728.083/0001-00;TRANSMISSORA JOSÉ MARIA DE MACEDO DE ELETRICIDADE S.A.;2025;6.96920583468;2.73651652473;60.7341698661;2.36036677646;60.7592842924;27563000;-13.0182622803;-3.15610954985;350646000;2955692000;80883000;1160577000
023850;21.948.105/0001-47;BTGI QUARTZO PARTICIPAÇÕES S/A;2020;-212.057010786;-103.43175477;51.224553064;1.95218882389;;2546;;;0;106447;-110100;51920
023850;21.948.105/0001-47;BTGI QUARTZO PARTICIPAÇÕES S/A;2021;-359.744990893;-171.81756889;52.2390656604;1.91427619801;;3661;;-13.6114686182;0;91958;-158000;43920
023850;21.948.105/0001-47;BTGI QUARTZO PARTICIPAÇÕES S/A;2022;-57.617896791;-50.204384987;12.8666824319;7.77201120252;;1859;;93.1381717741;0;177606;-89166;154754
023850;21.948.105/0001-47;BTGI QUARTZO PARTICIPAÇÕES S/A;2023;-467.362726535;-394.106108298;15.6744674057;6.37980209546;;37;;-75.3150231411;0;43842;-172784;36970
024538;21.976.484/0001-89;RUGE SECURITIZADORA DE CRÉDITOS FINANCEIROS S.A.;2020;-421.980676329;-3.36472718168;99.2026347721;0.83036584102;98.590334887;13410000;;;122937000;51921000;-1747000;414000
024538;21.976.484/0001-89;RUGE SECURITIZADORA DE CRÉDITOS FINANCEIROS S.A.;2021;-270.487804878;-3.75118387228;98.6131781897;1.42417381251;97.0299151022;4874000;-69.6275328014;-43.0596483119;37339000;29564000;-1109000;410000
023841;21.976.510/0001-79;BTGI SAFIRA PARTICIPAÇÕES S/A;2020;-232.837641714;-111.661639953;52.0431322312;1.92148311819;;3202;;;0;99137;-110698;47543
023841;21.976.510/0001-79;BTGI SAFIRA PARTICIPAÇÕES S/A;2021;-310.890862575;-159.368569205;48.7380980306;2.05178297965;;5631;;-5.39657241998;0;93787;-149467;48077
023841;21.976.510/0001-79;BTGI SAFIRA PARTICIPAÇÕES S/A;2022;-64.8647930193;-56.3188810543;13.1749622056;7.5901546008;;1275;;84.7868041413;0;173306;-97604;150473
023841;21.976.510/0001-79;BTGI SAFIRA PARTICIPAÇÕES S/A;2023;-226.493821367;-207.853246567;8.23005885449;12.1505813953;;1062;;-51.7639320047;0;83596;-173757;76716
024139;22.163.297/0001-49;CONCESSIONÁRIA PONTE RIO-NITERÓI S.A. - ECOPONTE;2020;1.36711431896;0.393421504394;71.2224867417;2.68619613708;15.9886329644;88565000;;;240696000;704842000;2773000;202836000
024139;22.163.297/0001-49;CONCESSIONÁRIA PONTE RIO-NITERÓI S.A. - ECOPONTE;2021;6.82609488113;1.89931028743;72.175741467;2.52830188679;39.2723391391;107688000;-32.6615315585;9.10473552938;162081000;769016000;14606000;213973000
024139;22.163.297/0001-49;CONCESSIONÁRIA PONTE RIO-NITERÓI S.A. - ECOPONTE;2022;14.3045105738;4.29806058695;69.9531097916;3.04089219331;47.7372995988;122682000;8.10088782769;3.93984000333;175211000;799314000;34355000;240169000
024139;22.163.297/0001-49;CONCESSIONÁRIA PONTE RIO-NITERÓI S.A. - ECOPONTE;2023;18.7802131485;4.22964450305;77.4781869109;1.1247152392;42.518119191;27562000;8.19982763639;-10.7138120939;189578000;713677000;30186000;160733000
024139;22.163.297/0001-49;CONCESSIONÁRIA PONTE RIO-NITERÓI S.A. - ECOPONTE;2024;14.4492809018;3.47102499938;75.977870297;0.49504821687;33.7288469354;6510000;25.8991022165;2.24485306378;238677000;729698000;25328000;175289000
024139;22.163.297/0001-49;CONCESSIONÁRIA PONTE RIO-NITERÓI S.A. - ECOPONTE;2025;11.5978288916;3.2385939631;72.0758601168;0.671016622745;34.189760887;6844000;-5.22295822388;6.51255724971;226211000;777220000;25171000;217032000
025178;22.261.473/0001-85;COMPANHIA DE GÁS DE MINAS GERAIS - GASMIG;2020;21.1328410891;9.56657473763;54.7312417801;1.26840788634;20.92996272;209594000;;;1663357000;2384448000;228110000;1079410000
025178;22.261.473/0001-85;COMPANHIA DE GÁS DE MINAS GERAIS - GASMIG;2021;29.5305672388;12.2719417608;58.4432575861;1.77050155735;21.0120926826;424862000;71.4041543697;23.2822020023;2851063000;2939600000;360746000;1221602000
025178;22.261.473/0001-85;COMPANHIA DE GÁS DE MINAS GERAIS - GASMIG;2022;36.0564811083;14.9584987991;58.5137031145;1.6300660873;18.8109502955;514027000;29.2633659796;8.64617635052;3685380000;3193763000;477739000;1324974000
025178;22.261.473/0001-85;COMPANHIA DE GÁS DE MINAS GERAIS - GASMIG;2023;45.648481414;19.5177654503;57.2433411895;1.60239432143;23.8860362211;340245000;-2.2971036908;-4.3738060714;3600723000;3054074000;596087000;1305820000
025178;22.261.473/0001-85;COMPANHIA DE GÁS DE MINAS GERAIS - GASMIG;2024;40.4421846064;15.7554853776;61.0419527754;0.753598164552;22.2606439958;269150000;-3.94465222679;3.4755542924;3458687000;3160220000;497908000;1231160000
025178;22.261.473/0001-85;COMPANHIA DE GÁS DE MINAS GERAIS - GASMIG;2025;41.4937110845;16.3357955464;60.6306712042;0.484347839922;27.1771727907;100012000;-19.8360244798;-0.228781540526;2772621000;3152990000;515066000;1241311000
020621;22.266.175/0001-88;FERTILIZANTES HERINGER S.A.;2020;134.474982953;-10.9990375021;108.179244392;1.3530386134;6.98805704293;39970000;;;2214192000;1810913000;-199183000;-148119000
020621;22.266.175/0001-88;FERTILIZANTES HERINGER S.A.;2021;128.534303234;23.1559745996;81.9845955383;1.71508027307;19.6336692635;30647000;93.8119187496;59.1116193876;4291368000;2881373000;667210000;519091000
020621;22.266.175/0001-88;FERTILIZANTES HERINGER S.A.;2022;-40.8582980571;-4.99033888475;87.7862291822;1.50867584501;-1.01978208796;62393000;32.245335287;4.71570324286;5675134000;3017250000;-150571000;368520000
020621;22.266.175/0001-88;FERTILIZANTES HERINGER S.A.;2023;-4802.48769456;-12.019558756;99.7497222373;1.11766889779;-6.92679774551;40932000;-5.9816208745;-0.456939265888;5335669000;3003463000;-361003000;7517000
020621;22.266.175/0001-88;FERTILIZANTES HERINGER S.A.;2024;100.655233851;-37.0596772164;136.818430397;0.793983677216;-5.48626215775;98405000;-13.62687603;3.74344548276;4608584000;3115896000;-1154741000;-1147224000
020621;22.266.175/0001-88;FERTILIZANTES HERINGER S.A.;2025;13.0539370532;-8.01618483551;161.408177493;0.727978259417;-6.53094068776;100542000;-11.1490644415;-31.041408314;4094770000;2148678000;-172242000;-1319464000
023698;22.495.265/0001-40;SENECA COMPANHIA SECURITIZADORA;2020;2687.45833333;2.3835989295;99.9113065717;82.6922914714;-0.312937102748;2106456;;;2898346;13529751;322495;12000
023698;22.495.265/0001-40;SENECA COMPANHIA SECURITIZADORA;2021;3068.725;2.36969331575;99.9227792221;118.825603695;0.955920908571;2216824;11.3986735883;14.8569474782;3228719;15539859;368247;12000
023795;22.543.331/0001-00;CAIXA SEGURIDADE PARTICIPAÇÕES S.A.;2020;19.475330054;18.7094784266;3.93241924658;2.45723140774;;45000;;;0;9457308000;1769413000;9085407000
023795;22.543.331/0001-00;CAIXA SEGURIDADE PARTICIPAÇÕES S.A.;2021;17.958078257;17.7956988541;0.904213694945;10.2127086925;;470000;;12.6654011903;0;10655114000;1896152000;10558769000
023795;22.543.331/0001-00;CAIXA SEGURIDADE PARTICIPAÇÕES S.A.;2022;27.1173627381;25.217972635;7.00433195312;2.0394682914;;716000;;9.89340893021;0;11709268000;2952840000;10889112000
023795;22.543.331/0001-00;CAIXA SEGURIDADE PARTICIPAÇÕES S.A.;2023;28.4624039002;25.5795658468;10.1285824752;1.03492437668;;430000;;19.6002943993;0;14004319000;3582244000;12585880000
023795;22.543.331/0001-00;CAIXA SEGURIDADE PARTICIPAÇÕES S.A.;2024;29.2116483378;26.8481154043;8.09106321613;1.7406685286;;435000;;0.140649466782;0;14024016000;3765184000;12889324000
023795;22.543.331/0001-00;CAIXA SEGURIDADE PARTICIPAÇÕES S.A.;2025;31.6708982498;29.0657616616;8.22564793595;1.70203432518;;306000;;5.28368621371;0;14765001000;4291560000;13550484000
003158;22.677.520/0001-76;CIA TECIDOS NORTE DE MINAS COTEMINAS;2020;-24.2358478478;-8.47860616933;65.0162592925;1.11579578459;2.1252251555;185467000;;;1976967000;4260948000;-361269000;1490639000
003158;22.677.520/0001-76;CIA TECIDOS NORTE DE MINAS COTEMINAS;2021;-10.2408822816;-3.34421168302;67.3444963914;0.943753878899;7.34396824895;234940000;11.8991869869;-0.7523912519;2212210000;4228889000;-141423000;1380965000
003158;22.677.520/0001-76;CIA TECIDOS NORTE DE MINAS COTEMINAS;2022;-92.4081561659;-18.8028855998;79.6523528009;0.675677002324;-14.6532084733;253803000;-31.2471691205;-15.8133259114;1520957000;3560161000;-669413000;724409000
003158;22.677.520/0001-76;CIA TECIDOS NORTE DE MINAS COTEMINAS;2023;226.220389833;-45.066932431;119.921693382;0.280902767973;-101.205808643;67044000;-49.0780475714;-23.3959363074;774501000;2727228000;-1229078000;-543310000
003158;22.677.520/0001-76;CIA TECIDOS NORTE DE MINAS COTEMINAS;2024;87.4657720108;-25.5919369021;129.259373483;0.265893270865;-109.228250354;52190000;-39.2776768526;11.7603662033;470295000;3047960000;-780032000;-891814000
026794;22.902.694/0001-95;SELF IT ACADEMIAS HOLDING S.A.;2020;-82.2208028701;-15.7269929401;80.8722459632;0.483626683208;-48.2080152891;23952000;;;86859000;384708000;-60503000;73586000
026794;22.902.694/0001-95;SELF IT ACADEMIAS HOLDING S.A.;2021;-77.6573469639;-16.4355741135;78.8357769663;0.526584369111;-47.9868033992;28204000;12.7160110063;9.68864697381;97904000;421981000;-69355000;89309000
025623;23.096.269/0001-19;RIO PARANA ENERGIA S.A.;2020;13.2851841004;6.30673247654;52.5280761722;0.820365510998;76.2064660821;167446000;;;3378027000;18002365000;1135361000;8546069000
025623;23.096.269/0001-19;RIO PARANA ENERGIA S.A.;2021;16.6632209785;8.14647080687;51.111067798;0.792516587921;77.073487378;449152000;18.6175539746;7.44332203019;4006933000;19342339000;1575718000;9456263000
025623;23.096.269/0001-19;RIO PARANA ENERGIA S.A.;2022;17.9610228023;9.40603168842;47.6308682864;0.956733131654;80.039943796;1162107000;-7.48013505591;6.09138843032;3707209000;20520556000;1930170000;10746437000
025623;23.096.269/0001-19;RIO PARANA ENERGIA S.A.;2023;18.3896751568;11.2471219933;38.8400181219;1.02569234203;80.1963043522;555507000;3.26747156688;-2.45020164171;3828341000;20017761000;2251422000;12242859000
025623;23.096.269/0001-19;RIO PARANA ENERGIA S.A.;2024;14.9472380289;8.82012727906;40.9915914766;0.879940512738;78.1649850021;1708872000;1.25062004665;6.79313235881;3876219000;21377594000;1885531000;12614578000
025623;23.096.269/0001-19;RIO PARANA ENERGIA S.A.;2025;21.4132181052;11.7207652085;45.2638778959;0.868011923465;71.0493094345;118948000;8.32966352004;-6.5263190984;4199095000;19982424000;2342093000;10937604000
025305;23.236.821/0001-27;PATRIMAR ENGENHARIA S.A.;2020;25.3460107704;11.4340308027;54.8882429418;1.97113269997;22.8140717373;119256000;;;435227000;825317000;94367000;372315000
025305;23.236.821/0001-27;PATRIMAR ENGENHARIA S.A.;2021;31.760664256;11.7967469078;62.8573671738;1.69299262212;19.4214707403;243926000;102.691469049;58.9596482321;882168000;1311921000;154764000;487282000
025305;23.236.821/0001-27;PATRIMAR ENGENHARIA S.A.;2022;13.4920103553;4.30145652799;68.1184907607;2.74594488171;10.060548481;330137000;-5.9795866547;28.5553779534;829418000;1686545000;72546000;537696000
025305;23.236.821/0001-27;PATRIMAR ENGENHARIA S.A.;2023;13.9131043413;3.76603163747;72.9317660165;2.30565234286;8.58842389408;425150000;63.4277288412;25.1845637086;1355499000;2111294000;79512000;571490000
025305;23.236.821/0001-27;PATRIMAR ENGENHARIA S.A.;2024;6.22035985787;1.36793912142;78.0086819304;2.1958698073;7.06853793567;302281000;8.04375362874;21.7123242902;1464532000;2569705000;35152000;565112000
025305;23.236.821/0001-27;PATRIMAR ENGENHARIA S.A.;2025;5.8972447314;1.0792246035;81.699511337;2.23495477888;8.44990623138;399855000;-0.0925893049793;17.5102978747;1463176000;3019668000;32589000;552614000
024716;23.373.000/0001-32;VAMOS LOCAÇÃO DE CAMINHÕES, MÁQUINAS E EQUIPAMENTOS S.A.;2020;35.3967896523;4.24074998361;88.0193937776;1.29172878353;24.4222954598;18405000;;;1513187000;4225479000;179192000;506238000
024716;23.373.000/0001-32;VAMOS LOCAÇÃO DE CAMINHÕES, MÁQUINAS E EQUIPAMENTOS S.A.;2021;15.240403517;3.95045910741;74.0790386357;4.09201033852;26.6915648868;153161000;86.5926022362;141.050186263;2823495000;10185525000;402375000;2640186000
024716;23.373.000/0001-32;VAMOS LOCAÇÃO DE CAMINHÕES, MÁQUINAS E EQUIPAMENTOS S.A.;2022;18.374541893;4.00966908412;78.1781276101;0.968629848814;32.7912910144;84498000;74.0202833722;63.7168039939;4913454000;16675416000;668629000;3638888000
024716;23.373.000/0001-32;VAMOS LOCAÇÃO DE CAMINHÕES, MÁQUINAS E EQUIPAMENTOS S.A.;2023;12.3954051437;2.82072136121;77.2438147159;1.74589985468;34.244485482;97768000;23.8534440335;24.7874475815;6085482000;20808826000;586959000;4735295000
024716;23.373.000/0001-32;VAMOS LOCAÇÃO DE CAMINHÕES, MÁQUINAS E EQUIPAMENTOS S.A.;2024;15.5985183262;1.87884545402;87.954974859;1.51856754887;54.5407710746;152938000;-22.7783107402;-2.55564153403;4699312000;20277027000;380974000;2442373000
024716;23.373.000/0001-32;VAMOS LOCAÇÃO DE CAMINHÕES, MÁQUINAS E EQUIPAMENTOS S.A.;2025;12.8295179378;1.43134296297;88.8433613023;1.81020501739;45.3801371577;325423000;22.4798864174;13.2542112806;5755712000;22964587000;328702000;2562076000
025194;23.438.929/0001-00;TRIPLE PLAY BRASIL PARTICIPAÇÕES S.A.;2020;-1.4140245206;-0.600015776914;57.566805372;0.767207833985;7.88120152425;67116000;;;378153000;1014140000;-6085000;430332000
025194;23.438.929/0001-00;ALARES INTERNET PARTICIPAÇÕES S/A;2021;-7.97931214908;-1.64948441355;79.3279873913;1.07578487349;5.83782333895;119432000;24.2214130259;65.9186108427;469747000;1682647000;-27755000;347837000
025194;23.438.929/0001-00;ALARES INTERNET PARTICIPAÇÕES S/A;2022;-31.989773689;-7.10523681342;77.7890369513;0.689180660474;3.67329385953;79432000;6.92436566918;6.85782579472;502274000;1798040000;-127755000;399362000
025194;23.438.929/0001-00;ALARES INTERNET PARTICIPAÇÕES S/A;2023;-34.2009293187;-7.36760838553;78.4578707881;0.650113464702;-2.06180483647;163634000;13.05622031;18.7914061979;567852000;2135917000;-157366000;460122000
025194;23.438.929/0001-00;ALARES INTERNET PARTICIPAÇÕES S/A;2024;-19.344657298;-4.28822159708;77.8325274466;1.02369485495;12.5340368049;240056000;32.709931461;9.74218567482;753596000;2344002000;-100516000;519606000
025194;23.438.929/0001-00;ALARES INTERNET PARTICIPAÇÕES S/A;2025;-25.6208670938;-4.70822722482;81.6234664986;0.853673001424;14.0343571168;256358000;24.5897005823;1.28583508035;938903000;2374142000;-111780000;436285000
026689;23.864.409/0001-51;HOLDING VERZANI E SANDRINI S.A.;2020;3.47051597052;0.376403184438;89.1542586856;1.04216570634;2.12487851037;212417000;;;1754265000;990693000;3729000;107448000
026689;23.864.409/0001-51;HOLDING VERZANI E SANDRINI S.A.;2021;-3.3971970362;-0.329216638112;90.3091685703;1.30717834504;1.59245309522;474028000;28.2366689183;69.6751667772;2249611000;1680960000;-5534000;162899000
025070;24.230.275/0001-80;PLANO & PLANO DESENVOLVIMENTO IMOBILIÁRIO S.A.;2020;57.4440350389;13.751982899;76.0602073137;5.9153420487;16.7055514611;204223000;;;900952000;961345000;132204000;230144000
025070;24.230.275/0001-80;PLANO & PLANO DESENVOLVIMENTO IMOBILIÁRIO S.A.;2021;42.5832931408;10.6489704119;74.9926094802;4.77986296791;12.8817079118;200338000;41.1018567027;31.9523168061;1271260000;1268517000;135084000;317223000
025070;24.230.275/0001-80;PLANO & PLANO DESENVOLVIMENTO IMOBILIÁRIO S.A.;2022;32.4136514565;8.17484093205;74.7796358488;3.43697486929;10.8479062863;254237000;17.3800009439;27.8369939071;1492205000;1621634000;132566000;408982000
025070;24.230.275/0001-80;PLANO & PLANO DESENVOLVIMENTO IMOBILIÁRIO S.A.;2023;42.8585358002;13.5807954708;68.3125071419;2.63384163313;15.4695676641;312182000;38.8564573902;25.7385451958;2072023000;2039019000;276915000;646114000
025070;24.230.275/0001-80;PLANO & PLANO DESENVOLVIMENTO IMOBILIÁRIO S.A.;2024;42.6545848505;15.1312577968;64.5260694721;3.69293417815;17.2909368475;733767000;24.9695104736;26.5893059358;2589397000;2581180000;390565000;915646000
025070;24.230.275/0001-80;PLANO & PLANO DESENVOLVIMENTO IMOBILIÁRIO S.A.;2025;36.9963546294;9.9743738585;73.0395765787;2.38204972164;15.6939361131;1093455000;26.7363405457;64.1830480633;3281707000;4237860000;422700000;1142545000
024309;24.241.659/0001-06;VENTURE CAPITAL PARTICIPAÇÕES E INVESTIMENTOS S/A;2020;45.6284085581;3.61389738017;92.079720739;1.33506934592;14.3517861127;17020000;;;98594000;511636000;18490000;40523000
024830;24.396.489/0001-20;BRK AMBIENTAL PARTICIPAÇÕES S.A.;2020;1.46596150295;0.363208390221;75.2238793795;1.25407969189;18.0659100602;74169;;;2382216;13484270;48976;3340879
024830;24.396.489/0001-20;BRK AMBIENTAL PARTICIPAÇÕES S.A.;2021;2.72040697244;0.684897933426;74.8236958527;1.67665665402;18.1792705085;47396000;144896.591409;100964.944561;3454132000;13627870000;93337000;3430994000
024830;24.396.489/0001-20;BRK AMBIENTAL PARTICIPAÇÕES S.A.;2022;-0.373892771717;-0.0813662162596;78.2380879187;1.00591949624;19.7395203484;49270000;29.6587391565;15.6244813019;4478584000;15757154000;-12821000;3429058000
024830;24.396.489/0001-20;BRK AMBIENTAL PARTICIPAÇÕES S.A.;2023;-4.10977372183;-0.761231308027;81.4775372186;1.13559812052;18.5576482186;54508000;3.91762217701;15.1270146881;4654038000;18140741000;-138093000;3360112000
024830;24.396.489/0001-20;BRK AMBIENTAL PARTICIPAÇÕES S.A.;2024;0.222618560161;0.0386978573928;82.6169671725;2.41250215187;26.3758227834;64868000;-7.720542892;6.02446173505;4294721000;19233623000;7443000;3343387000
024830;24.396.489/0001-20;BRK AMBIENTAL PARTICIPAÇÕES S.A.;2025;-3.30454770136;-0.54660561095;83.4589886318;2.0339686489;27.5138194097;82699000;11.3554058576;2.69750010177;4782404000;19752450000;-107968000;3267255000
024210;24.624.490/0001-65;ARGO TRANSMISSÃO DE ENERGIA S/A;2020;39.3938812555;12.7144249104;67.724873749;3.98160504959;95.1781381728;408000;;;1274404000;5006298000;636522000;1615789000
024210;24.624.490/0001-65;ARGO TRANSMISSÃO DE ENERGIA S/A;2021;21.0973353935;6.99044491758;66.8657449522;2.52598285188;93.9135165153;19946000;-30.7625368408;12.4037562287;882365000;5627267000;393371000;1864553000
024210;24.624.490/0001-65;ARGO TRANSMISSÃO DE ENERGIA S/A;2022;19.7027980733;6.43263088456;67.3516885234;3.52813961832;92.3276632174;21468000;-14.7463917993;1.66629733403;752248000;5721034000;368013000;1867821000
024210;24.624.490/0001-65;ARGO TRANSMISSÃO DE ENERGIA S/A;2023;18.6322529232;6.01474849006;67.7186193487;2.55806883987;92.1017589161;21212000;-1.56756814242;2.19182406537;740456000;5846429000;351648000;1887308000
024210;24.624.490/0001-65;ARGO TRANSMISSÃO DE ENERGIA S/A;2024;19.1030319022;6.56689997834;65.6237815445;2.866428092;92.0004569334;20581000;5.2198915263;1.07229558419;779107000;5909120000;388046000;2031332000
024210;24.624.490/0001-65;ARGO TRANSMISSÃO DE ENERGIA S/A;2025;16.7939550128;6.10771787117;63.6314503254;2.45719972278;91.8182065221;101185000;-0.810928409063;3.89308391097;772789000;6139167000;374963000;2232726000
024120;24.624.551/0001-94;ARGO ENERGIA EMPREENDIMENTOS E PARTICIPAÇÕES S/A;2020;35.8820668577;10.327469958;71.2182968753;2.81313979569;75.2931647709;1065000;;;1732217000;6208142000;641144000;1786809000
024120;24.624.551/0001-94;ARGO ENERGIA EMPREENDIMENTOS E PARTICIPAÇÕES S/A;2021;16.4842602237;5.02931478954;69.4902002196;3.10186788248;88.6647672564;20457000;-41.5434093996;12.8768478556;1012595000;7007555000;352432000;2137991000
024120;24.624.551/0001-94;ARGO ENERGIA EMPREENDIMENTOS E PARTICIPAÇÕES S/A;2022;12.0249851249;5.38408131664;55.2258796106;1.76439524386;92.1862528319;25813000;16.3019766047;52.448050711;1177668000;10682881000;575175000;4783166000
024120;24.624.551/0001-94;ARGO ENERGIA EMPREENDIMENTOS E PARTICIPAÇÕES S/A;2023;10.208575638;4.95421123661;51.4701030557;2.60597765753;107.669139646;28214000;-15.2230509787;3.70210994581;998391000;11078373000;548846000;5376323000
024120;24.624.551/0001-94;ARGO ENERGIA EMPREENDIMENTOS E PARTICIPAÇÕES S/A;2024;9.4447383216;4.71792481784;50.0470562848;2.99831688265;90.8187812571;31861000;8.67025043295;0.0561905615563;1084954000;11084598000;522963000;5537083000
024120;24.624.551/0001-94;ARGO ENERGIA EMPREENDIMENTOS E PARTICIPAÇÕES S/A;2025;12.3569928058;4.07418382269;67.0293259313;1.662079866;90.6454350553;139254000;-0.51799431128;2.32593910938;1079334000;11342419000;462111000;3739672000
026204;24.921.465/0001-43;BLUEFIT ACADEMIAS DE GINÁSTICA E PARTICIPAÇÕES S.A.;2020;-106.216849211;-7.69929820269;92.7513400559;0.414129852418;-28.8630192566;17271000;;;64082000;400543000;-30839000;29034000
026204;24.921.465/0001-43;BLUEFIT ACADEMIAS DE GINÁSTICA E PARTICIPAÇÕES S.A.;2021;-91.7982799062;-6.70303989891;92.6980767986;0.540546496254;-11.1453958711;27625000;76.5004213352;31.1914076641;113105000;525478000;-35223000;38370000
026204;24.921.465/0001-43;BLUEFIT ACADEMIAS DE GINÁSTICA E PARTICIPAÇÕES S.A.;2022;-4.15461966303;-0.557633563992;86.5779876566;0.645219575612;26.3702109856;29345000;92.3018434198;22.1059682803;217503000;641640000;-3578000;86121000
026204;24.921.465/0001-43;BLUEFIT ACADEMIAS DE GINÁSTICA E PARTICIPAÇÕES S.A.;2023;2.60435433483;0.790439414865;69.6493136785;2.09109232939;28.6330310751;207005000;47.2421070054;38.2356149866;320256000;886975000;7011000;269203000
026204;24.921.465/0001-43;BLUEFIT ACADEMIAS DE GINÁSTICA E PARTICIPAÇÕES S.A.;2024;3.09911999754;1.09651901071;64.6183751653;2.05231005228;25.8786226296;238788000;26.5440772382;45.0567377886;405265000;1286617000;14108000;455226000
026204;24.921.465/0001-43;BLUEFIT ACADEMIAS DE GINÁSTICA E PARTICIPAÇÕES S.A.;2025;2.40871058902;0.730343150954;69.6790824816;2.73223781102;21.7646748915;274120000;35.8239670339;38.7824814999;550447000;1785599000;13041000;541410000
015300;24.962.466/0001-36;RUMO MALHA NORTE S.A.;2020;18.4516902287;4.36889081372;76.3225441161;2.12528310267;36.2865109343;2232565000;;;3781915000;16061468000;701708000;3802947000
015300;24.962.466/0001-36;RUMO MALHA NORTE S.A.;2021;27.769134221;12.6926339036;54.29229517;1.35450748218;36.7822122961;173625000;-0.975722616717;-43.1970103854;3745014000;9123394000;1157999000;4170094000
015300;24.962.466/0001-36;RUMO MALHA NORTE S.A.;2022;28.7537642578;15.044786045;47.6771600749;1.01852548249;38.970024837;246696000;35.0752760871;-3.87682478692;5058588000;8769696000;1319382000;4588554000
015300;24.962.466/0001-36;RUMO MALHA NORTE S.A.;2023;45.3945039808;17.1109382815;62.3061455001;0.424840570327;31.9237716276;103883000;15.8150456214;-10.8567731424;5858606000;7817590000;1337663000;2946751000
015300;24.962.466/0001-36;RUMO MALHA NORTE S.A.;2024;51.6767025728;23.2895840149;54.9321399094;1.01981213926;34.2338772591;597773000;32.5907903689;10.9203347835;7767972000;8671297000;2019509000;3907968000
015300;24.962.466/0001-36;RUMO MALHA NORTE S.A.;2025;36.5254600354;20.7903801973;43.0797581272;1.30505119426;31.7145624976;773637000;-2.04857844493;-1.39753026566;7608839000;8550113000;1777601000;4866745000
025186;24.990.777/0001-09;GRUPO MATEUS S.A.;2020;12.7247290426;8.85833151089;30.3849105061;4.4559482271;7.01526445269;2112385000;;;12397038000;8198711000;726269000;5707540000
025186;24.990.777/0001-09;GRUPO MATEUS S.A.;2021;11.8703217021;7.72266896073;34.9413676014;3.80053104305;5.77045570165;877255000;28.0697615027;21.4214161226;15876857000;9954991000;768791000;6476581000
025186;24.990.777/0001-09;GRUPO MATEUS S.A.;2022;14.1182327995;8.02774409832;43.1391717905;3.19620817725;6.27183978006;1795647000;37.1082261432;33.2390757561;21768477000;13263938000;1064795000;7541985000
025186;24.990.777/0001-09;GRUPO MATEUS S.A.;2023;14.0723333971;7.54793457305;46.3633047907;2.448346566;6.28459333016;1289138000;22.9924629086;23.3215655863;26773586000;16357296000;1234638000;8773513000
025186;24.990.777/0001-09;GRUPO MATEUS S.A.;2024;13.3979120481;7.04083194536;47.4482895538;2.56123340288;6.51639741256;1664167000;19.839860077;15.9074336003;32085428000;18959322000;1334894000;9963448000
025186;24.990.777/0001-09;GRUPO MATEUS S.A.;2025;16.195699338;7.62685583213;52.9081413964;1.74774617117;5.88425277551;1801712000;19.7565542838;28.4434854791;38424403000;24352014000;1857293000;11467816000
023990;25.005.683/0001-09;VERT COMPANHIA SECURITIZADORA;2020;15.2866242038;8.53264382676;44.1822882999;2.44992526158;9.18906501263;1470000;;;4353000;3094000;264000;1727000
023990;25.005.683/0001-09;VERT COMPANHIA SECURITIZADORA;2021;15.8350305499;5.84256997933;63.1035130565;1.64234527687;10.093679905;1437000;74.1098093269;72.0426632191;7579000;5323000;311000;1964000
023809;25.089.509/0001-83;COMPANHIA DE SANEAMENTO DO TOCANTINS - SANEATINS;2020;19.3223410038;1.02490304235;94.6957615428;1.2831227113;20.3275637938;159321000;;;606172000;1560733000;15996000;82785000
023809;25.089.509/0001-83;COMPANHIA DE SANEAMENTO DO TOCANTINS - SANEATINS;2021;21.6619860873;1.25529340593;94.2050862702;0.976710383739;21.2191124397;148331000;16.0527045129;11.4191857288;703479000;1738956000;21829000;100771000
023809;25.089.509/0001-83;COMPANHIA DE SANEAMENTO DO TOCANTINS - SANEATINS;2022;14.4268111013;0.839430906529;94.1814521543;1.47752179514;21.250482403;118122000;21.1838590775;14.7743818705;852503000;1995876000;16754000;116131000
023809;25.089.509/0001-83;COMPANHIA DE SANEAMENTO DO TOCANTINS - SANEATINS;2023;5.97893058207;0.896245015893;85.0099444442;1.13579573779;18.9717378526;59780000;19.9365867334;10.6667448278;1022463000;2208771000;19796000;331096000
025771;25.249.439/0001-83;HOSPITAL CARE CALEDONIA S.A.;2020;2.28014687033;0.786699018203;65.497879613;1.02645095814;7.07039390089;114713000;;;983750000;1537691000;12097000;530536000
025771;25.249.439/0001-83;HOSPITAL CARE CALEDONIA S.A.;2021;12.9437464979;3.89673891253;69.8948143556;1.09399813441;7.79669823283;136898000;64.3415501906;33.0011036027;1616710000;2045146000;79694000;615695000
025771;25.249.439/0001-83;HOSPITAL CARE CALEDONIA S.A.;2022;-7.13804782676;-1.5884329189;77.7469560662;1.26880777129;6.35370619828;300580000;26.5486079755;28.9056624808;2045924000;2636309000;-41876000;586659000
025771;25.249.439/0001-83;HOSPITAL CARE CALEDONIA S.A.;2023;-40.3190468459;-9.42857765779;76.6150779957;1.55437117342;3.33638011715;139944000;-3.42485840139;0.909036080368;1975854000;2660274000;-250826000;622103000
025771;25.249.439/0001-83;HOSPITAL CARE CALEDONIA S.A.;2024;-45.6094045033;-6.42199441606;85.9195828448;1.55593734488;6.54678824211;266052000;6.17140740156;5.19153290225;2097792000;2798383000;-179712000;394024000
025771;25.249.439/0001-83;HOSPITAL CARE CALEDONIA S.A.;2025;-228.703851403;-8.7761167637;96.1626720714;1.08460401172;5.1184925465;96668000;-3.53929274208;5.08354288888;2023545000;2940640000;-258074000;112842000
026280;25.369.840/0001-57;COMERC ENERGIA S.A.;2020;-0.562772250212;-0.0911537459849;83.8027290879;1.09722911473;-0.00992480147371;66782000;;;826213000;1267090000;-1155000;205234000
026280;25.369.840/0001-57;COMERC ENERGIA S.A.;2021;-21.9584810195;-3.9033810626;82.2238111137;1.71374826524;-4.67505133885;1990463000;349.703647849;425.955141308;3715510000;6664325000;-260134000;1184663000
026280;25.369.840/0001-57;COMERC ENERGIA S.A.;2022;-0.784190058768;-0.197638997402;74.7970539549;1.29752396004;12.6261660847;1365064000;21.0878183614;104.846822446;4499030000;13651658000;-26981000;3440620000
026280;25.369.840/0001-57;COMERC ENERGIA S.A.;2023;1.284693461;0.290415984533;77.3941416106;0.800907278712;9.30452713087;551406000;3.70784369075;14.4637962656;4665847000;15626206000;45381000;3532438000
026280;25.369.840/0001-57;COMERC ENERGIA S.A.;2024;5.01741177492;1.2711727778;74.6647707059;1.16247814614;3.47572057681;829006000;-12.3583778036;-4.53647545668;4089224000;14917327000;189625000;3779339000
026280;25.369.840/0001-57;COMERC ENERGIA S.A.;2025;-15.0511524278;-4.31673791802;71.3195521822;1.15608434055;4.56387353502;972913000;41.5668596291;18.3765161144;5788986000;17658612000;-762276000;5064569000
025062;26.462.693/0001-28;LAVVI EMPREENDIMENTOS IMOBILIÁRIOS S.A.;2020;9.13852597126;7.01574161157;23.2289580001;4.77091855708;33.0552673522;899714000;;;359507000;1693791000;118832000;1300341000
025062;26.462.693/0001-28;LAVVI EMPREENDIMENTOS IMOBILIÁRIOS S.A.;2021;16.3445768751;11.6674090826;28.6160224781;3.17461506543;28.9794344051;7115000;69.4737515542;3.37993294332;609270000;1751040000;204301000;1249962000
025062;26.462.693/0001-28;LAVVI EMPREENDIMENTOS IMOBILIÁRIOS S.A.;2022;10.4221384858;6.78749642239;34.8742445548;4.53275593186;15.5803697641;33635000;-8.85371017775;10.1439144737;555327000;1928664000;130908000;1256057000
025062;26.462.693/0001-28;LAVVI EMPREENDIMENTOS IMOBILIÁRIOS S.A.;2023;17.4348188785;11.1175825944;36.2334494444;4.92555959257;24.3684222762;39615000;62.6668611467;15.0163532891;903333000;2218279000;246619000;1414520000
025062;26.462.693/0001-28;LAVVI EMPREENDIMENTOS IMOBILIÁRIOS S.A.;2024;22.5405243657;11.3495769531;49.6481236684;4.92571097575;25.6221039322;106168000;71.5091776787;55.8816992813;1549299000;3457891000;392456000;1741113000
025062;26.462.693/0001-28;LAVVI EMPREENDIMENTOS IMOBILIÁRIOS S.A.;2025;26.0649731918;10.3456269062;60.3083155692;4.46343777894;26.8514554916;189277000;13.6899978635;29.7487977498;1761398000;4486572000;464164000;1780796000
024082;26.609.050/0001-64;TRAVESSIA SECURITIZADORA S.A.;2020;37.4670184697;36.5038560411;2.5706940874;38.9;106.41025641;382000;;;156000;389000;142000;379000
024082;26.609.050/0001-64;TRAVESSIA SECURITIZADORA S.A.;2021;88.8576779026;67.4005681818;24.1477272727;4.14117647059;104.347826087;466000;3.20512820513;261.953727506;161000;1408000;949000;1068000
024082;26.609.050/0001-64;TRAVESSIA SECURITIZADORA S.A.;2022;91.2130177515;70.2437912964;22.9892914103;4.34985133796;106.466610313;2742000;1369.56521739;211.71875;2366000;4389000;3083000;3380000
024082;26.609.050/0001-64;TRAVESSIA SECURITIZADORA S.A.;2023;65.1331719128;54.2133769996;16.7653356846;5.96468820436;110.046419098;5088000;27.4725274725;80.8840282524;3016000;7939000;4304000;6608000
024082;26.609.050/0001-64;TRAVESSIA SECURITIZADORA S.A.;2024;149.828962372;133.446174678;10.9343263372;9.14551083591;113.579136691;667000;10.6100795756;-62.791283537;3336000;2954000;3942000;2631000
024082;26.609.050/0001-64;TRAVESSIA SECURITIZADORA S.A.;2025;107.592067989;99.5022268797;7.51899397433;13.2996515679;77.4444052241;205000;-15.0779376499;29.2146242383;2833000;3817000;3798000;3530000
025445;26.659.061/0001-59;MPM CORPÓREOS S.A.;2020;16.8707873225;4.02864295279;76.1205990226;1.30042425369;13.1649387154;148951000;;;521909000;1460045000;58820000;348650000
025445;26.659.061/0001-59;MPM CORPÓREOS S.A.;2021;24.852632499;8.08443022191;67.4705276302;1.11858425682;31.9889676801;143446000;36.856233558;51.7685413806;714265000;2215889000;179142000;720817000
025445;26.659.061/0001-59;MPM CORPÓREOS S.A.;2022;-5.78826615702;-2.20587098536;61.8906434928;1.74011566193;11.4751548513;238394000;26.9157805576;5.08667176018;906515000;2328604000;-51366000;887416000
025445;26.659.061/0001-59;MPM CORPÓREOS S.A.;2023;-2.96561904319;-1.11681739215;62.3411714086;1.00235782058;12.6858145536;157962000;11.0237558121;-1.88898584731;1006447000;2284617000;-25515000;860360000
025445;26.659.061/0001-59;MPM CORPÓREOS S.A.;2024;0.192508746415;0.0719130933757;62.6442461889;1.49119360025;14.5711036726;224068000;2.31745933964;0.30806038824;1029771000;2291655000;1648000;856065000
025445;26.659.061/0001-59;MPM CORPÓREOS S.A.;2025;1.53713696267;0.596054569933;61.2230670129;1.69331949113;15.7060709891;145317000;6.13864635924;-3.67153869147;1092985000;2207516000;13158000;856007000
024341;26.664.057/0001-89;ENTREVIAS CONCESSIONÁRIA DE RODOVIAS S.A.;2020;-35.7567257512;-4.27933129372;88.0320940919;5.25749504978;13.3798087216;216980000;;;681938000;2520090000;-107843000;301602000
024341;26.664.057/0001-89;ENTREVIAS CONCESSIONÁRIA DE RODOVIAS S.A.;2021;-119.492173002;-6.02965527043;94.9539328653;3.01091193455;19.2239535977;108606000;16.9277852239;8.05530754854;797375000;2723091000;-164193000;137409000
024341;26.664.057/0001-89;ENTREVIAS CONCESSIONÁRIA DE RODOVIAS S.A.;2022;-53.410816363;-1.61002571585;96.985581151;2.84606386823;29.2023912908;199201000;4.55456968177;9.11567039074;833692000;2971319000;-47839000;89568000
024341;26.664.057/0001-89;ENTREVIAS CONCESSIONÁRIA DE RODOVIAS S.A.;2023;-6.82433480029;-0.17602173047;97.4206756318;3.46851108728;34.9723921471;296895000;7.92283001396;9.40376984094;899744000;3250735000;-5722000;83847000
024341;26.664.057/0001-89;ENTREVIAS CONCESSIONÁRIA DE RODOVIAS S.A.;2024;14.2072197438;0.38905065476;97.2615989492;3.8519933519;39.0585899923;411731000;5.48411548174;9.78883237176;949087000;3568944000;13885000;97732000
024341;26.664.057/0001-89;ENTREVIAS CONCESSIONÁRIA DE RODOVIAS S.A.;2025;29.9065487589;0.74776427466;97.499663767;1.52583222728;24.3594707082;527968000;87.5129466529;56.2504202924;1779661000;5576490000;41699000;139431000
025488;26.735.020/0001-02;FOCUS ENERGIA HOLDING PARTICIPAÇÕES S.A.;2020;20.9635146941;5.22980377002;75.0528294214;1.16373154481;6.46415491489;24399000;;;1227616000;890129000;46552000;222062000
024457;26.845.702/0001-60;EQUATORIAL TRANSMISSORA 7 SPE S.A.;2020;19.2300205915;6.45893316289;66.412240007;3.54076769777;39.6095642273;14000;;;241525000;1162483000;75084000;390452000
024457;26.845.702/0001-60;BELÉM TRANSMISSORA DE ENERGIA S.A;2021;5.04496756438;1.76187901724;65.0765045611;1.98933763537;39.9906885795;19808000;-11.0692474899;0.241465896706;214790000;1165290000;20531000;406960000
024457;26.845.702/0001-60;BELÉM TRANSMISSORA DE ENERGIA S.A;2022;15.4843082878;6.15036830074;60.2799932267;4.09832453948;71.9008453148;176000;-18.431491224;1.35674381484;175201000;1181100000;72642000;469133000
024457;26.845.702/0001-60;BELÉM TRANSMISSORA DE ENERGIA S.A;2023;17.9366006478;7.27460671254;59.4426677865;4.34465814117;85.7789980314;201000;-13.3104263104;2.22021844044;151881000;1207323000;87828000;489658000
024457;26.845.702/0001-60;BELÉM TRANSMISSORA DE ENERGIA S.A;2024;25.90103422;11.9090072291;54.0211131031;5.78727559676;96.780889166;37466000;76.3676825936;18.6881223997;267869000;1432949000;170650000;658854000
024457;26.845.702/0001-60;BELÉM TRANSMISSORA DE ENERGIA S.A;2025;17.7142761234;7.92040300617;55.2880233377;4.1836153031;78.7794489975;16420000;-17.8706755914;2.29142837603;219999000;1465784000;116096000;655381000
022012;27.093.558/0001-15;MILLS LOCAÇÃO, SERVIÇOS E LOGÍSTICA S.A.;2020;-0.432371283697;-0.321745000651;25.5859459723;3.83674975116;2.67291281138;378905000;;;506339000;1475392000;-4747000;1097899000
022012;27.093.558/0001-15;MILLS LOCAÇÃO, SERVIÇOS E LOGÍSTICA S.A.;2021;9.36053527985;7.05588874666;24.6208840017;2.60919615481;19.8820513793;202719000;45.7754587342;-1.72428751139;738118000;1449952000;102307000;1092961000
022012;27.093.558/0001-15;MILLS LOCAÇÃO, SERVIÇOS E LOGÍSTICA S.A.;2022;17.4646616808;8.36229543663;52.1187665157;2.83507023978;29.5058955386;780131000;47.9569662303;78.5190130432;1092097000;2588440000;216453000;1239377000
022012;27.093.558/0001-15;MILLS LOCAÇÃO, SERVIÇOS E LOGÍSTICA S.A.;2023;19.0344959702;10.1522220256;46.6640879724;2.62211524555;34.0570463856;546889000;26.1569256211;5.87091066434;1377756000;2740405000;278212000;1461620000
022012;27.093.558/0001-15;MILLS LOCAÇÃO, SERVIÇOS E LOGÍSTICA S.A.;2024;19.6948822228;7.37064071706;62.5758578616;2.22888615956;32.251452801;542463000;14.3457186904;41.1923784988;1575405000;3869243000;285188000;1448031000
022012;27.093.558/0001-15;MILLS LOCAÇÃO, SERVIÇOS E LOGÍSTICA S.A.;2025;19.0937801645;7.33201407394;61.5999869551;2.19547750992;33.8761640735;434416000;16.6579387523;6.19314940933;1837835000;4108871000;301263000;1577807000
024147;27.137.879/0001-74;CIA SEC DE CRÉDITOS FINANCEIROS CARTÕES CONSIGNADOS I;2020;20.8955223881;4.44444444444;78.7301587302;78.75;0.499687695191;308000;;;1601000;315000;14000;67000
024147;27.137.879/0001-74;CIA SEC DE CRÉDITOS FINANCEIROS CARTÕES CONSIGNADOS I;2021;9.45945945946;1.97183098592;79.1549295775;59.1666666667;-0.225352112676;344000;10.8682073704;12.6984126984;1775000;355000;7000;74000
024147;27.137.879/0001-74;CIA SEC DE CRÉDITOS FINANCEIROS CARTÕES CONSIGNADOS I;2022;8.64197530864;5.78512396694;33.0578512397;;-1.38539042821;115000;-10.5352112676;-65.9154929577;1588000;121000;7000;81000
024147;27.137.879/0001-74;CIA SEC DE CRÉDITOS FINANCEIROS CARTÕES CONSIGNADOS I;2023;-800;-800;0;;;1000;-100;-92.5619834711;0;9000;-72000;9000
024147;27.137.879/0001-74;CIA SEC DE CRÉDITOS FINANCEIROS CARTÕES CONSIGNADOS I;2024;0;0;0;;;1000;;0;0;9000;0;9000
024147;27.137.879/0001-74;CIA SEC DE CRÉDITOS FINANCEIROS CARTÕES CONSIGNADOS I;2025;0;0;0;;;1000;;0;0;9000;0;9000
025615;27.157.474/0001-06;ÁGUAS DE TERESINA SANEAMENTO SPE S.A.;2020;82.3838250378;11.259587329;86.3327694194;1.10225864373;36.0815978367;1633000;;;344666000;841736000;94776000;115042000
025615;27.157.474/0001-06;ÁGUAS DE TERESINA SANEAMENTO SPE S.A.;2021;75.3929324895;11.0447911113;85.350362764;3.61287636131;35.8166457439;2157000;14.633877435;-7.74565897146;395104000;776538000;85767000;113760000
025615;27.157.474/0001-06;ÁGUAS DE TERESINA SANEAMENTO SPE S.A.;2022;63.0785791173;5.71935449322;90.93296873;1.77316332145;39.6828240603;1714000;14.4293654329;49.0961163523;452115000;1157788000;66218000;104977000
025615;27.157.474/0001-06;ÁGUAS DE TERESINA SANEAMENTO SPE S.A.;2023;62.581317913;9.42321966399;84.9424397277;1.57311195652;37.266659281;4006000;27.7763400905;-3.18503905724;577696000;1120912000;105626000;168782000
025615;27.157.474/0001-06;ÁGUAS DE TERESINA SANEAMENTO SPE S.A.;2024;66.8521100512;10.7993934303;83.845845072;0.414577153485;33.0399877269;3761000;36.5280355066;20.015665815;788717000;1345270000;145281000;217317000
025615;27.157.474/0001-06;ÁGUAS DE TERESINA SANEAMENTO SPE S.A.;2025;47.4780900945;5.89004549967;87.5941818891;1.52777319367;33.5393094295;7221000;-13.6386054821;22.0401852416;681147000;1641770000;96701000;203675000
024333;27.956.690/0001-03;AUZZA SECURITIZADORA S. A.;2020;153.954196012;-456.795216741;396.708520179;1.09663267726;;1098;;;0;66900;-305596;-198498
024333;27.956.690/0001-03;AUZZA SECURITIZADORA S. A.;2021;78.0722859624;-4.80844725676;106.158968189;0.427648819994;-210.445511239;112266;;21869.9312407;334335;14697884;-706740;-905238
024333;27.956.690/0001-03;AUZZA SECURITIZADORA S. A.;2022;49.5416298803;-66.0306666371;233.283193945;0.24137919467;-282.030042818;27;-10.3776152661;-91.1074070254;299639;1307023;-863036;-1742042
024333;27.956.690/0001-03;AUZZA SECURITIZADORA S. A.;2023;44.3428703243;-381.306801323;959.905546337;0.0966684233656;-1250.1900305;5;-63.5584820401;-72.1513699453;109193;363988;-1387911;-3129953
024333;27.956.690/0001-03;AUZZA SECURITIZADORA S. A.;2024;-1.51417311572;12.5635767684;929.731860774;0.10029393232;16.2663533501;80;327.920287931;2.09072826577;467259;371598;46686;-3083267
024481;27.967.244/0001-02;EQUATORIAL TRANSMISSORA 8 SPE S.A.;2020;18.3012304024;5.72446030548;68.7208991986;3.26504023502;52.0159698694;23000;;;243208000;1311390000;75070000;410191000
024481;27.967.244/0001-02;EQUATORIAL TRANSMISSORA 8 SPE S.A.;2021;13.5638714938;3.79868304709;71.994109139;4.53658583195;93.0737580928;30790000;-32.0458208612;4.17831461274;165270000;1366184000;51897000;382612000
024481;27.967.244/0001-02;TAPAJÓS TRANSMISSORA DE ENERGIA S.A.;2022;21.521537734;6.7916412247;68.4425838494;4.89582471438;95.1404215261;152000;15.6955285291;7.40807973157;191210000;1467392000;99660000;463071000
024481;27.967.244/0001-02;TAPAJÓS TRANSMISSORA DE ENERGIA S.A.;2023;24.0272684902;8.20399679929;65.855474572;4.63839150882;73.2188516969;168000;43.9924690131;6.62808574669;275328000;1564652000;128364000;534243000
024481;27.967.244/0001-02;TAPAJÓS TRANSMISSORA DE ENERGIA S.A.;2024;22.2993178967;8.65296414404;61.1962832938;4.44652474649;90.7448393698;37445000;-8.59447640632;6.46303459172;251665000;1665776000;144139000;646383000
024481;27.967.244/0001-02;TAPAJÓS TRANSMISSORA DE ENERGIA S.A.;2025;44.6601112451;18.8843123082;57.7154830526;4.06370423892;96.5432366945;17330000;148.77396539;26.3189648548;626077000;2104191000;397362000;889747000
025607;28.019.100/0001-89;VIAPAULISTA S.A.;2020;4.6217598819;2.34640097935;49.2314391206;2.59588169025;24.7952134762;338173000;;;752613000;2850067000;66874000;1446938000
025607;28.019.100/0001-89;VIAPAULISTA S.A.;2021;0.287773719738;0.132681717203;53.8937338255;0.504093912909;20.574374397;51889000;4.7974191251;5.72474261131;788719000;3013226000;3998000;1389286000
025607;28.019.100/0001-89;VIAPAULISTA S.A.;2022;1.67622060538;0.685086467154;59.1290988219;0.682753547283;20.9776242239;90673000;-0.403438994116;14.270054752;785537000;3443215000;23589000;1407273000
025607;28.019.100/0001-89;VIAPAULISTA S.A.;2023;4.9539851036;2.03704826982;58.8806137438;0.63840761804;25.1100821093;142847000;15.4109863698;10.1241136554;906596000;3791810000;77241000;1559169000
025607;28.019.100/0001-89;VIAPAULISTA S.A.;2024;6.27038600661;2.495985881;60.1940633581;0.461845877617;28.6743204408;100068000;13.8031714237;8.48658028751;1031735000;4113605000;102675000;1637459000
025607;28.019.100/0001-89;VIAPAULISTA S.A.;2025;9.22849045421;3.50290024564;62.0425435446;0.569506227571;30.3438505362;72770000;18.9725074753;12.8078412974;1227481000;4640469000;162551000;1761404000
001155;28.127.603/0001-78;BANESTES S.A. - BCO EST ESPIRITO SANTO;2020;116.132513897;0.725998382885;90.4503997619;;21.498211155;351375000;;;1543454000;30530922000;221654000;190863000
001155;28.127.603/0001-78;BANESTES S.A. - BCO EST ESPIRITO SANTO;2021;132.819395951;0.677446555105;90.5536989183;;16.2242568239;255031000;36.8086771617;11.4554188701;2111579000;34028367000;230524000;173562000
001155;28.127.603/0001-78;BANESTES S.A. - BCO EST ESPIRITO SANTO;2022;187.29742612;0.93885570411;90.0608376302;;10.6401811312;177015000;126.588680793;8.23806208508;4784599000;36831645000;345796000;184624000
001155;28.127.603/0001-78;BANESTES S.A. - BCO EST ESPIRITO SANTO;2023;183.972705476;0.781887330065;91.0490956946;;8.4341468254;157808000;7.23320804941;12.4386380244;5130679000;41413000000;323803000;176006000
001155;28.127.603/0001-78;BANESTES S.A. - BCO EST ESPIRITO SANTO;2024;260.33356008;1.16107764271;89.0780623547;;12.873611568;169584000;-9.83138878889;-10.8567092459;4626262000;36916911000;428634000;164648000
001155;28.127.603/0001-78;BANESTES S.A. - BCO EST ESPIRITO SANTO;2025;190.254946408;0.856546853656;89.1483973554;;7.41216453759;167962000;17.9888428282;7.49764789367;5458473000;39684811000;339919000;178665000
015342;28.152.650/0001-71;EDP ESPIRITO SANTO DISTRIBUIÇÃO DE ENERGIA S.A.;2020;26.063450115;5.31160618799;79.6204793895;0.746997686913;11.0643798302;176793000;;;3804732000;5313967000;282257000;1082961000
015342;28.152.650/0001-71;EDP ESPIRITO SANTO DISTRIBUIÇÃO DE ENERGIA S.A.;2021;32.1357602964;6.74483799248;79.0114254952;1.41501520562;13.9549787986;513773000;37.8778846973;23.9913796981;5245884000;6588861000;444408000;1382908000
015342;28.152.650/0001-71;EDP ESPIRITO SANTO DISTRIBUIÇÃO DE ENERGIA S.A.;2022;40.9352338815;9.08561872053;77.8048935867;0.687459972116;20.300963147;450478000;-4.88579236598;-6.37208767949;4989581000;6169013000;560493000;1369219000
015342;28.152.650/0001-71;EDP ESPIRITO SANTO DISTRIBUIÇÃO DE ENERGIA S.A.;2023;22.9038490425;5.36534664763;76.5744760294;0.631697782;17.2919319763;102584000;3.63285013311;13.7883969445;5170845000;7019621000;376627000;1644383000
015342;28.152.650/0001-71;EDP ESPIRITO SANTO DISTRIBUIÇÃO DE ENERGIA S.A.;2024;35.5448788334;6.42336494507;81.9288596391;2.09121794152;17.2634415464;1280338000;5.0106317246;32.8211309414;5429937000;9323540000;598885000;1684870000
015342;28.152.650/0001-71;EDP ESPIRITO SANTO DISTRIBUIÇÃO DE ENERGIA S.A.;2025;17.0224794314;3.05510931091;82.052501087;0.693470340817;14.0211104313;470193000;7.46036279979;-1.79653865377;5835030000;9156039000;279727000;1643280000
020958;28.195.667/0001-06;BCO ABC BRASIL S.A.;2020;;0.846653982397;86.6245380796;0.260145983774;-8.24896341723;0;;;2375353000;40239343000;340688000;0
020958;28.195.667/0001-06;BCO ABC BRASIL S.A.;2021;;1.30029361439;86.626497999;0.309937452148;20.8167421508;0;19.5659339896;7.71275018084;2840113000;43342903000;563585000;0
020958;28.195.667/0001-06;BCO ABC BRASIL S.A.;2022;;1.37936346718;76.5650894679;0.144282628254;17.6858781794;0;78.9440420152;32.0916367785;5082213000;57252350000;789718000;0
020958;28.195.667/0001-06;BCO ABC BRASIL S.A.;2023;;1.32348961084;78.4416356158;0.247418111289;11.9246896955;647009000;17.5086128818;5.69123014164;5972038000;60510713000;800853000;0
020958;28.195.667/0001-06;BCO ABC BRASIL S.A.;2024;300.641662565;1.35452161403;79.6286977387;1.67772291914;11.5451284163;538109000;69.4671232835;18.5014197403;10120641000;71706054000;971274000;323067000
020958;28.195.667/0001-06;BCO ABC BRASIL S.A.;2025;;1.5693368003;86.6536581906;0.241680988941;14.1496491545;662886000;-16.2733565987;-10.9578293069;8473673000;63848627000;1002000000;0
024589;28.201.130/0001-01;ENERGISA TRANSMISSÃO DE ENERGIA S/A;2020;33.5072327656;10.3139311194;69.2187916813;4.19799915958;42.6106286493;631000;;;506085000;1701902000;175533000;523866000
024589;28.201.130/0001-01;ENERGISA TRANSMISSÃO DE ENERGIA S/A;2021;26.3704954054;6.19444434;76.5099432347;1.72262505332;36.3109771481;161033000;91.881008131;71.8992632948;971081000;2925557000;181222000;687215000
024589;28.201.130/0001-01;ENERGISA TRANSMISSÃO DE ENERGIA S/A;2022;25.2310589737;4.68689610909;81.4241006928;0.957223977386;64.2135075459;165638000;58.3847279475;188.228771478;1538044000;8432297000;395213000;1566375000
024589;28.201.130/0001-01;ENERGISA TRANSMISSÃO DE ENERGIA S/A;2023;1.37414001283;0.41907416712;69.50280443;1.91446040734;45.258270183;69843000;-17.8059925464;12.0421991778;1264180000;9447731000;39593000;2881293000
024589;28.201.130/0001-01;ENERGISA TRANSMISSÃO DE ENERGIA S/A;2024;8.14238222966;3.24192463358;60.1845683224;1.24218351792;55.2444534477;91492000;25.7373158886;10.6258317473;1589546000;10451631000;338834000;4161362000
024589;28.201.130/0001-01;ENERGISA TRANSMISSÃO DE ENERGIA S/A;2025;6.85448313999;3.28715822111;52.0436748624;2.09490958234;67.2930044674;35683000;-25.3074777326;1.20279791738;1187272000;10577343000;347694000;5072505000
024368;28.442.718/0001-57;RIOLOAN 2 COMPANHIA SECURITIZADORA DE CRÉDITOS FINANCEIROS;2020;0;0;99.5867768595;1.00414937759;0;203000;;;41468000;242000;0;1000
024368;28.442.718/0001-57;RIOLOAN 2 COMPANHIA SECURITIZADORA DE CRÉDITOS FINANCEIROS;2021;-101.754385965;1450;1525;4;;0;-100;-98.347107438;0;4000;58000;-57000
024422;28.925.264/0001-75;COMPANHIA ENERGÉTICA JAGUARA;2020;12.1219854423;5.65651030024;53.3367670903;0.848540399189;64.4394241472;82793000;;;486027000;2426885000;137277000;1132463000
024422;28.925.264/0001-75;COMPANHIA ENERGÉTICA JAGUARA;2021;15.9282317768;8.27604594719;48.0416529396;0.962782809353;72.8128492091;69051000;34.224436091;4.93546253737;652367000;2546663000;210763000;1323204000
024422;28.925.264/0001-75;COMPANHIA ENERGÉTICA JAGUARA;2022;14.0931242365;8.14143658106;42.2311444613;1.08023279473;79.2928131432;52994000;-19.3489247617;2.37781755968;526141000;2607218000;212265000;1506160000
024422;28.925.264/0001-75;COMPANHIA ENERGÉTICA JAGUARA;2023;14.4339729464;8.65098855763;40.0650909506;0.845025836308;81.3534507063;64413000;-2.24768645667;2.86006003334;514315000;2681786000;232001000;1607326000
024422;28.925.264/0001-75;COMPANHIA ENERGÉTICA JAGUARA;2024;14.0968969317;9.17482820844;34.9159729768;0.870489788725;81.2124434134;81617000;8.62156460535;5.55488021788;558657000;2830756000;259717000;1842370000
024422;28.925.264/0001-75;COMPANHIA ENERGÉTICA JAGUARA;2025;16.5153658951;11.0685483037;32.9803022592;0.619444608084;79.5337663341;29720000;4.31355912483;2.44712013328;582755000;2900028000;320991000;1943590000
024430;28.942.127/0001-49;COMPANHIA ENERGÉTICA MIRANDA;2020;13.3071742559;6.69396934055;49.6965380341;1.10202881999;75.1757362953;55500000;;;289354000;1516335000;101503000;762769000
024430;28.942.127/0001-49;COMPANHIA ENERGÉTICA MIRANDA;2021;14.8774516477;8.20978310001;44.8172758723;1.34935394523;77.4242420271;51336000;31.8492227514;5.34123396215;381511000;1597326000;131137000;881448000
024430;28.942.127/0001-49;COMPANHIA ENERGÉTICA MIRANDA;2022;14.1291268845;8.23362203463;41.725896427;1.32478463151;80.8250720126;47258000;-14.2813706551;2.76480818568;327026000;1641489000;135154000;956563000
024430;28.942.127/0001-49;COMPANHIA ENERGÉTICA MIRANDA;2023;14.7844774204;8.53400570492;42.2772583552;0.795424003707;82.0667848503;40904000;1.25280558732;3.96633787982;331123000;1706596000;145641000;985094000
024430;28.942.127/0001-49;COMPANHIA ENERGÉTICA MIRANDA;2024;14.613664872;9.4782638504;35.1410892928;0.91661136341;81.049967251;36385000;8.81636129173;2.5614732485;360316000;1750310000;165899000;1135232000
024430;28.942.127/0001-49;COMPANHIA ENERGÉTICA MIRANDA;2025;17.1350776669;11.5276816886;32.724660415;0.672731828542;78.4836201565;11890000;4.55072769458;0.0876416177706;376713000;1751844000;201947000;1178559000
024686;29.088.092/0001-95;ROMAXIS SECURITIZADORA S.A.;2020;233.714552074;4.37072691351;98.1298867038;51.3731132099;27.3209138068;3500750;;;4678976;21222511;927578;396885
024686;29.088.092/0001-95;ROMAXIS SECURITIZADORA S.A.;2021;94.9674322034;4.52011654514;95.2403508863;1.00794118909;16.1693753542;296538;54.8354597245;13.0032398146;7244714;23982125;1084020;1141465
013781;29.780.061/0001-09;SAO CARLOS EMPREEND E PARTICIPACOES S.A.;2020;5.71098979136;2.88966591215;49.4016620985;2.73087460976;64.7328532196;413228000;;;339364000;3075269000;88865000;1556035000
013781;29.780.061/0001-09;SAO CARLOS EMPREEND E PARTICIPACOES S.A.;2021;2.18171255557;0.99444555902;54.4190385446;0.549993975848;54.0657913921;22068000;-15.1171014014;12.4849240831;288062000;3459214000;34400000;1576743000
013781;29.780.061/0001-09;SAO CARLOS EMPREEND E PARTICIPACOES S.A.;2022;-5.57562554839;-2.35622779653;57.7405660391;2.5574301149;38.9328119685;18439000;33.7014253876;1.74100243581;385143000;3519439000;-82926000;1487295000
013781;29.780.061/0001-09;SAO CARLOS EMPREEND E PARTICIPACOES S.A.;2023;17.5340594421;8.51962935958;51.4109702449;2.77422231659;39.4271881692;126672000;263.502906713;1.28128375005;1400006000;3564533000;303685000;1731972000
013781;29.780.061/0001-09;SAO CARLOS EMPREEND E PARTICIPACOES S.A.;2024;-2.118840964;-1.14563744657;45.9309374308;3.02250432776;17.78249831;7292000;-63.6510129242;-19.3811924311;508888000;2873684000;-32922000;1553774000
013781;29.780.061/0001-09;SAO CARLOS EMPREEND E PARTICIPACOES S.A.;2025;-4.5247736072;-1.59631925858;64.7204612394;1.77602881447;26.1892612122;1039000;-41.0815346402;5.5998502271;299829000;3034606000;-48442000;1070595000
024899;29.894.663/0001-89;CONSIGNADOS I COMPANHIA SECURITIZADORA CRÉDITOS FINANCEIROS;2020;0;0;99.9959870784;1.00004013083;2.4374599102;0;;;1559000;49839000;0;2000
024899;29.894.663/0001-89;CONSIGNADOS I COMPANHIA SECURITIZADORA CRÉDITOS FINANCEIROS;2021;0;0;99.9773371105;1.00022668027;0;0;10.9685695959;-82.2929834066;1730000;8825000;0;2000
022985;29.950.060/0001-57;NORTEC QUÍMICA S.A.;2020;18.8041605513;13.6273249415;27.5302670157;3.79919079457;20.8686810501;23888000;;;229152000;216242000;29468000;156710000
022985;29.950.060/0001-57;NORTEC QUÍMICA S.A.;2021;19.531640345;13.4135470709;31.3240115323;4.07950621955;17.0173205646;30125000;13.8309942745;23.9893267728;260846000;268117000;35964000;184132000
022985;29.950.060/0001-57;NORTEC QUÍMICA S.A.;2022;14.2182710885;10.1859656791;28.3600262246;4.25746727962;11.3592584738;12794000;-13.2269615022;7.51985140815;226344000;288279000;29364000;206523000
022985;29.950.060/0001-57;NORTEC QUÍMICA S.A.;2023;14.645112989;10.2714137415;29.8645647241;4.08892474357;14.2321897388;40778000;-0.713073905206;14.9497535374;224730000;331376000;34037000;232412000
022985;29.950.060/0001-57;NORTEC QUÍMICA S.A.;2024;3.75958044234;2.2968378016;38.9070712323;4.51698971985;10.0827824672;27603000;9.38681973924;18.3917966298;245825000;392322000;9011000;239681000
021121;29.978.814/0001-87;SUL AMERICA S.A.;2020;28.9674646532;8.42314689437;70.9220430741;2.25763696463;5.0923274509;956465000;;;19215791000;27869121000;2347457000;8103771000
021121;29.978.814/0001-87;SUL AMERICA S.A.;2021;4.08796546141;1.14465965183;71.9992827083;2.24227339869;-1.37565860581;1805351000;5.9696215472;4.29063765592;20362901000;29064884000;332694000;8138376000
025844;30.213.493/0001-09;TEGRA INCORPORADORA S.A.;2020;2.75108227568;1.65584608318;39.8111027858;3.33147049737;16.5559159323;576761000;;;499169000;3655533000;60530000;2200225000
025844;30.213.493/0001-09;TEGRA INCORPORADORA S.A.;2021;6.66364595865;4.01814706734;39.7004718997;4.46862330241;11.0050153339;586089000;195.067001356;9.43482113279;1472883000;4000426000;160743000;2412238000
025844;30.213.493/0001-09;TEGRA INCORPORADORA S.A.;2022;7.48021734687;4.80190956747;35.8052133407;4.06970398786;10.6698837148;471137000;1.66720642441;0.200503646362;1497439000;4008447000;192482000;2573214000
025844;30.213.493/0001-09;TEGRA INCORPORADORA S.A.;2023;4.10737700672;2.48765893131;39.4343658436;4.42875289559;9.38522824218;402874000;-15.2243931138;12.9000832492;1269463000;4525540000;112580000;2740922000
025844;30.213.493/0001-09;TEGRA INCORPORADORA S.A.;2024;0.0816480963382;0.0510404271353;37.4873029202;4.36957497664;3.28029213098;319829000;1.94972204783;-3.58701944961;1294214000;4363208000;2227000;2727559000
025844;30.213.493/0001-09;TEGRA INCORPORADORA S.A.;2025;-3.16745206804;-1.80687528217;42.9549289664;4.01965323388;-5.79183658913;387511000;-6.83944077255;-2.27775068253;1205697000;4263825000;-77042000;2432302000
024511;30.219.233/0001-40;COMPANHIA SECURITIZADORA DE CRÉDITOS FINANCEIROS VERT-REBEL;2020;-0;0;100.43129358;2.2271192387;87.8859456723;23091000;;;29635000;66544000;0;-287000
024511;30.219.233/0001-40;COMPANHIA SECURITIZADORA DE CRÉDITOS FINANCEIROS VERT-REBEL;2021;-0;0;100.506405053;1.04574533139;88.5134037368;8678000;24.6161633204;-14.8322914162;36930000;56674000;0;-287000
022616;30.306.294/0001-45;BCO BTG PACTUAL S.A.;2020;2.59357525324;1.7528256062;13.5468560263;0.206369549537;28.0685197596;933799000;;;18643965000;244229716000;4280921000;165058677000
022616;30.306.294/0001-45;BCO BTG PACTUAL S.A.;2021;2.91424854583;2.00169699971;9.91507169741;0.0920090069144;119.597982738;1602316000;-46.9286710204;44.5049561455;9894600000;352924044000;7064470000;242411376000
022616;30.306.294/0001-45;BCO BTG PACTUAL S.A.;2022;2.69897587953;1.76618732585;13.8372650975;0.0488433031965;42.6144894978;1084210000;127.74600287;28.6669074324;22534556000;454096453000;8020194000;297156935000
022616;30.306.294/0001-45;BCO BTG PACTUAL S.A.;2023;2.99924278096;2.07118411347;9.03427119405;0.0545291588294;47.3803550954;1323966000;9.24255618793;9.03318154745;24617325000;495115810000;10254760000;341911634000
022616;30.306.294/0001-45;BCO BTG PACTUAL S.A.;2024;2.68258885129;1.70674057095;13.0999959735;0.055371781486;36.9967273819;1166017000;40.7952204393;31.1242133431;34660017000;649216711000;11080445000;413050438000
022616;30.306.294/0001-45;BCO BTG PACTUAL S.A.;2025;2.93605830063;2.05903518142;5.60202989067;0.128262387319;68.5419080214;2482711000;-18.7945666616;24.6581465461;28145817000;809301519000;16663803000;567556952000
024520;30.418.658/0001-89;COMPANHIA SECURITIZADORA DE CRÉD. FINANCEIROS VERT-NEXOOS;2020;-0;0;100.426402123;0.942395780317;85.0294065229;6345000;;;5611000;22983000;0;-98000
024520;30.418.658/0001-89;COMPANHIA SECURITIZADORA DE CRÉD. FINANCEIROS VERT-NEXOOS;2021;-0;0;100.983442047;-2.82330180567;93.841811998;1646000;146.284084833;-56.6418657268;13819000;9965000;0;-98000
013366;30.540.991/0001-66;HAGA S.A. INDUSTRIA E COMERCIO;2020;-7.97665926082;9.34300646496;217.129316415;1.75872038682;25.2310156747;30657;;;29814860;59702003;5577962;-69928548
013366;30.540.991/0001-66;HAGA S.A. INDUSTRIA E COMERCIO;2021;-12.9584805401;13.2927981965;202.579914022;1.70365145998;21.8194168228;612906;39.6417759466;1.08446947751;41634000;60349453;8022131;-61906417
013366;30.540.991/0001-66;HAGA S.A. INDUSTRIA E COMERCIO;2022;-9.83993739453;9.35682830086;195.090323502;1.71651673612;15.7354782913;3605;-32.3189460537;-1.78773451352;28178330;59270565;5545845;-56360572
013366;30.540.991/0001-66;HAGA S.A. INDUSTRIA E COMERCIO;2023;-4.61124509728;4.02663445615;187.322065325;2.13310423658;3.79655622541;22722;2.07933543258;4.09597917617;28764252;61698275;2484364;-53876208
013366;30.540.991/0001-66;HAGA S.A. INDUSTRIA E COMERCIO;2024;-4.99653621514;3.92238183631;178.502019548;2.42548085873;-2.66241245974;28104;2.66209946986;5.94200729275;29529985;65364391;2563841;-51312367
013366;30.540.991/0001-66;HAGA S.A. INDUSTRIA E COMERCIO;2025;-4.36117665897;3.05456551566;170.03994001;2.59913359653;-3.42390492187;17413;-3.57792257599;7.39797606314;28473425;70200033;2144306;-49168061
025216;30.545.324/0001-76;COMPANHIA SECURITIZADORA DE CRÉDITOS FINANCEIROS VERT-RECARG;2020;100;;;0;;0;;;0;0;-28630;-28630
025216;30.545.324/0001-76;COMPANHIA SECURITIZADORA DE CRÉDITOS FINANCEIROS VERT-RECARG;2021;0;0;99.9661269562;656.044444444;;11257000;;;0;29522000;0;10000
025755;30.723.886/0001-62;BANCO MODAL S.A.;2020;0.726188094463;0.614605773227;0.377915138645;123.579099099;62.2431235409;283701000;;;104087000;4405751000;27078000;3728786000
025755;30.723.886/0001-62;BANCO MODAL S.A.;2021;2.14928887394;1.63240920502;2.60197984493;12.1036357195;23.8519527784;507935000;757.428881609;57.586459153;892472000;6942867000;113336000;5273186000
025755;30.723.886/0001-62;BANCO MODAL S.A.;2022;0.870973648158;0.637298168122;5.61396323805;3.012498317;6.94275932445;62469000;53.3951765434;10.5210762355;1369009000;7673331330;48902000;5614636000
024562;30.788.149/0001-48;GUARDIAN COMPANHIA SECURITIZADORA;2020;;-212.902163533;610.195277769;0.129785534652;;0;;;0;30367;-64652;0
024562;30.788.149/0001-48;GUARDIAN COMPANHIA SECURITIZADORA;2021;;184.804767822;0.375509934794;248.16398243;;0;;498.959396714;0;181886;336134;0
024562;30.788.149/0001-48;GUARDIAN COMPANHIA SECURITIZADORA;2022;;-70.3844869797;2.34253282884;34.7252573238;;0;;-40.7145134865;0;107832;-75897;0
024562;30.788.149/0001-48;GUARDIAN COMPANHIA SECURITIZADORA;2023;;25.0138645962;0.113049784566;672.893081761;;0;;30.430669931;0;140646;35181;0
024597;31.001.230/0001-07;CELEO REDES TRANSMISSÃO DE ENERGIA S.A.;2020;20.332020332;6.31792833353;68.926214757;2.27827576591;77.0141535112;4110000;;;139612000;990198000;62560000;307692000
024597;31.001.230/0001-07;CELEO REDES TRANSMISSÃO DE ENERGIA S.A.;2021;15.9568166754;4.72457713375;70.3914807705;1.72519354021;72.3748158767;5045000;-9.06727215426;-3.25904516066;126953000;957927000;45258000;283628000
024597;31.001.230/0001-07;CELEO REDES TRANSMISSÃO DE ENERGIA S.A.;2022;18.5301833684;6.20857544748;66.4947975741;0.636921950624;74.6360306964;317000;21.7348152466;-8.78981383759;154546000;873727000;54246000;292744000
024597;31.001.230/0001-07;CELEO REDES TRANSMISSÃO DE ENERGIA S.A.;2023;13.3646253791;4.43694497118;66.8008279669;3.67559132217;69.1085725371;277000;-13.2808354794;-2.46289744966;134021000;852208000;37812000;282926000
024597;31.001.230/0001-07;CELEO REDES TRANSMISSÃO DE ENERGIA S.A.;2024;16.9594325169;4.96601039046;70.7182985899;0.490578490102;64.362749211;6913000;15.6080017311;-4.52671178867;154939000;813631000;40405000;238245000
024597;31.001.230/0001-07;CELEO REDES TRANSMISSÃO DE ENERGIA S.A.;2025;15.0440457541;2.42082901042;83.9083910671;2.15397457744;66.4606131484;263000;-15.0110688723;-2.97825427006;131681000;789399000;19110000;127027000
024643;31.468.139/0001-98;CASA DE PEDRA SECURITIZADORA DE CREDITO S/A;2020;93.5483870968;20.9710743802;77.5826446281;1.32920353982;5.77334283678;284;;;1403;968;203;217
024643;31.468.139/0001-98;CASA DE PEDRA SECURITIZADORA DE CREDITO S/A;2021;68.018018018;27.4545454545;59.6363636364;1.2966507177;-4.56890198968;3;-3.27868852459;13.6363636364;1357;1100;302;444
024643;31.468.139/0001-98;CASA DE PEDRA SECURITIZADORA DE CREDITO S/A;2022;48.275862069;21.4971209213;55.4702495202;1.54440599769;-29.7731568998;7;-22.0338983051;42.0909090909;1058;1563;336;696
024643;31.468.139/0001-98;CASA DE PEDRA SECURITIZADORA DE CREDITO S/A;2023;74.7875354108;46.1135371179;38.3406113537;1.88838268793;40.3213465953;2;23.5349716446;46.5131158029;1307;2290;1056;1412
024643;31.468.139/0001-98;CASA DE PEDRA SECURITIZADORA DE CREDITO S/A;2024;65.5348047538;52.8405201916;19.370294319;3.5371024735;15.1482479784;1;41.9280795715;27.5982532751;1855;2922;1544;2356
024643;31.468.139/0001-98;CASA DE PEDRA SECURITIZADORA DE CREDITO S/A;2025;5558.33333333;32.1523258617;99.4215473608;0.787878787879;-51.3513513514;1;15.6873315364;41.9917864476;2146;4149;1334;24
025461;31.553.627/0001-01;MOBLY S.A.;2020;215.226689478;-12.9781869999;106.030008189;0.825270543465;-3.59274089918;23524000;;;603105000;310182000;-40256000;-18704000
025461;31.553.627/0001-01;GRUPO TOKY S.A.;2021;-13.2344083068;-8.48905798472;35.8561577676;3.5809105487;-10.7574117226;271532000;19.6128369024;222.081552121;721391000;999039000;-84809000;640822000
025461;31.553.627/0001-01;GRUPO TOKY S.A. - EM RECUPERAÇÃO JUDICIAL;2022;-16.2148113254;-9.90517982756;38.9127654414;2.84871234538;-15.0872996065;236323000;-11.6901929744;-9.21475537992;637059000;906980000;-89838000;554049000
025461;31.553.627/0001-01;GRUPO TOKY S.A. - EM RECUPERAÇÃO JUDICIAL;2023;-18.076458462;-10.6591670464;41.0328794836;2.32746769034;-15.9603206235;152632000;-14.9303282741;-11.9279366689;541944000;798796000;-85145000;471027000
025461;31.553.627/0001-01;GRUPO TOKY S.A. - EM RECUPERAÇÃO JUDICIAL;2024;-84.7223871657;-8.07873269838;90.4644652156;1.15776364741;-14.5403644244;23036000;49.6828085559;154.260662297;811197000;2031024000;-164081000;193669000
025461;31.553.627/0001-01;GRUPO TOKY S.A. - EM RECUPERAÇÃO JUDICIAL;2025;-66.1198914252;-8.00777629734;87.8890056763;0.884175837785;0.426150617046;30718000;78.1353974435;-9.68634541;1445029000;1834292000;-146886000;222151000
025810;31.701.408/0001-14;ATHENA SAÚDE BRASIL SA;2020;0.817575121185;0.500553514993;38.7758382046;1.7112134115;5.04988755713;529124000;;;1359357000;2887004000;14451000;1767544000
025810;31.701.408/0001-14;ATHENA SAÚDE BRASIL SA;2021;-3.50475056014;-1.43712989899;58.994802217;1.85049077822;-0.8301874964;725380000;73.6697570984;48.9202301071;2360792000;4299333000;-61787000;1762950000
025810;31.701.408/0001-14;ATHENA SAÚDE BRASIL SA;2022;-1.86378862636;-0.764519837702;58.980335705;1.78492218758;-0.125052462077;628261000;-70.3275002626;-1.21162980397;700506000;4247241000;-32471000;1742204000
026409;31.748.174/0001-60;VERO S.A.;2020;4.01864864865;2.52601142812;37.1427649199;1.55463545785;22.9277597134;173559000;;;211281000;1177271000;29738000;740000000
026409;31.748.174/0001-60;VERO S.A.;2021;6.75074174284;2.57167514236;61.9052951464;1.6788033426;25.4541910609;377734000;99.1153960839;70.672173187;420693000;2009274000;51672000;765427000
026409;31.748.174/0001-60;VERO S.A.;2022;5.99788248395;2.15048643567;64.1459058022;0.673246169699;27.8353155864;161077000;63.345004552;13.9318480207;687181000;2289203000;49229000;820773000
026409;31.748.174/0001-60;VERO S.A.;2023;0.138858843222;0.0664047605133;52.1782272035;0.541622962542;24.7193363515;326672000;33.4600345469;186.289464062;917112000;6553747000;4352000;3134118000
026409;31.748.174/0001-60;VERO S.A.;2024;-0.758536178596;-0.317682531376;58.1190007359;1.25556697817;21.3129688078;917486000;81.0969652562;11.8485959254;1660862000;7330274000;-23287000;3069992000
026409;31.748.174/0001-60;VERO S.A.;2025;1.26119729611;0.535296532207;57.5564795567;1.1342519139;25.1280835326;680022000;4.11129883157;-0.86063631455;1729145000;7267187000;38901000;3084450000
024732;31.907.982/0001-23;FILADÉLFIA SECURITIZADORA S/A;2020;-5102.34869015;-5102.34869015;0;;;1107;;;0;1107;-56483;1107
024732;31.907.982/0001-23;FILADÉLFIA SECURITIZADORA S/A;2021;341.479624777;-6133.35607094;1896.11186903;0.149974424552;;1431;;32.4299909666;0;1466;-89915;-26331
025356;32.161.500/0001-00;CONCESSIONÁRIA DAS RODOVIAS INTEGRADAS DO SUL S.A.;2020;13.5497482642;12.622043957;6.84665345111;7.49747531671;33.3194021206;170870000;;;607748000;1295947000;163575000;1207218000
025356;32.161.500/0001-00;CONCESSIONÁRIA DAS RODOVIAS INTEGRADAS DO SUL S.A.;2021;14.2133703455;13.223236559;6.96621394062;5.21231081876;32.5050949824;220486000;10.6099896668;3.56071660338;672230000;1342092000;177468000;1248599000
025356;32.161.500/0001-00;CONCESSIONÁRIA DAS RODOVIAS INTEGRADAS DO SUL S.A.;2022;14.5684701828;11.5984564177;20.386586428;1.72001012622;25.8537507509;201608000;28.2677059935;20.7938054917;862254000;1621164000;188030000;1290664000
025356;32.161.500/0001-00;CONCESSIONÁRIA DAS RODOVIAS INTEGRADAS DO SUL S.A.;2023;13.8494453175;6.50552062094;53.0268507382;2.92000228117;24.0244222205;447400000;16.3254679016;69.9584989551;1003021000;2755306000;179247000;1294254000
025356;32.161.500/0001-00;CONCESSIONÁRIA DAS RODOVIAS INTEGRADAS DO SUL S.A.;2024;10.1123871842;4.37200185014;56.7658776262;1.00259777852;15.7897622899;281894000;19.9983848793;16.0523368366;1203609000;3197597000;139799000;1382453000
025356;32.161.500/0001-00;CONCESSIONÁRIA DAS RODOVIAS INTEGRADAS DO SUL S.A.;2025;10.3003895715;4.30948708021;58.1619020299;0.443575913688;14.6785424462;140577000;22.0389678043;24.7184057278;1468872000;3987992000;171862000;1668500000
024724;32.372.085/0001-25;COBUCCIO SECURITIZADORA DE CRÉDITOS S.A.;2020;11.5915180524;0.0461596914033;99.6017804467;1.81326533787;0.41295520234;789204;;;45861391;94751500;43737;377319
024724;32.372.085/0001-25;COBUCCIO SECURITIZADORA DE CRÉDITOS S.A.;2021;36.0941329574;0.197940444967;99.451599391;1.00550228606;0.393412568372;52293;-41.9879152815;-55.6356617046;26605149;42035876;83206;230525
021202;32.681.371/0001-72;VIX LOGÍSTICA S.A.;2020;10.6883777919;2.81022794715;73.7076289605;1.23207121444;11.3477696483;133098000;;;1694800000;2657151000;74672000;698628000
021202;32.681.371/0001-72;VIX LOGÍSTICA S.A.;2021;18.872929687;4.3603445331;76.8963027712;1.9239874386;15.2200110161;183882000;23.1915270238;31.1011304965;2087850000;3483555000;151895000;804830000
021202;32.681.371/0001-72;VIX LOGÍSTICA S.A.;2022;10.301211414;2.275794269;77.9075083741;1.79940083547;13.875105388;59362000;25.4918217305;11.5724310367;2620081000;3886687000;88453000;858666000
021202;32.681.371/0001-72;VIX LOGÍSTICA S.A.;2023;13.3172553623;2.42198080131;81.8132134932;1.74699196245;17.9764661364;341245000;31.9285930473;32.5715705947;3456636000;5152642000;124796000;937100000
021202;32.681.371/0001-72;VIX LOGÍSTICA S.A.;2024;11.9193525191;2.3028013609;80.6801472042;1.68706306023;14.4147136475;9306000;12.0965586194;0.583952853701;3874770000;5182731000;119348000;1001296000
021202;32.681.371/0001-72;VIX LOGÍSTICA S.A.;2025;12.8406086776;3.27951149064;74.4598439764;1.94571903355;16.7825243328;27969000;4.35744573226;0.162231070839;4043611000;5191139000;170244000;1325825000
025020;32.770.457/0001-71;CIA. SECURITIZADORA DE CREDITOS FINANCEIROS VERT-GYRA;2020;0;0;99.9962674032;6654;57.0266479663;8168000;;;3565000;26791000;0;1000
025020;32.770.457/0001-71;CIA. SECURITIZADORA DE CREDITOS FINANCEIROS VERT-GYRA;2021;0;0;99.9991183757;475.580110497;82.4131293689;27696000;453.772791024;323.377253555;19742000;113427000;0;1000
024783;32.785.497/0001-97;NATURA &CO HOLDING S.A.;2020;-2.42332268161;-1.08946845031;55.042369777;1.15936262229;2.13855540792;5821672000;;;36921980000;60917597000;-663678000;27387108000
024783;32.785.497/0001-97;NATURA &CO HOLDING S.A.;2021;3.98799302335;1.88464426489;52.7420370633;1.2742831705;2.78411232235;4007257000;8.78259237452;-0.770068129903;40164687000;60448490000;1139239000;28566725000
024783;32.785.497/0001-97;NATURA &CO HOLDING S.A.;2022;-12.7895953968;-5.22740351673;59.1276865722;1.20870344496;-1.25938307531;4195713000;-9.49855279589;-9.53390233569;36349623000;54685390000;-2858626000;22351184000
024783;32.785.497/0001-97;NATURA &CO HOLDING S.A.;2023;12.8652689295;6.95840399616;45.9132643531;1.5352401724;-0.579146485261;3750944000;-26.444142213;-21.8310137315;26737277000;42747015000;2974510000;23120465000
024783;32.785.497/0001-97;NATURA &CO HOLDING S.A.;2024;-56.9800620703;-24.0475541401;57.7965462543;1.57580685234;3.76952423523;2641683000;-9.90180488462;-13.1321263017;24089804000;37133423000;-8929680000;15671587000
026131;32.803.503/0001-91;ENTALPIA PARTICIPAÇÕES S.A.;2020;-30.0476425168;-0.720994175676;97.6004966936;1.14065666155;6.83195499423;19070000;;;533976000;507355000;-3658000;12174000
009512;33.000.167/0001-01;PETROLEO BRASILEIRO S.A. PETROBRAS;2020;2.00739193315;0.632558214902;68.4885545042;1.04428889036;18.238388056;60856000000;;;272069000000;987419000000;6246000000;311150000000
009512;33.000.167/0001-01;PETROLEO BRASILEIRO S.A. PETROBRAS;2021;27.5331702521;11.0246045279;59.9588262924;1.2470777464;46.575194182;58410000000;66.3798521699;-1.46523411034;452668000000;972951000000;107264000000;389581000000
009512;33.000.167/0001-01;PETROLEO BRASILEIRO S.A. PETROBRAS;2022;51.8695884847;19.351209009;62.692572711;0.995852953931;45.8872899435;41723000000;41.6614384052;0.386247611647;641256000000;976709000000;189005000000;364385000000
009512;33.000.167/0001-01;PETROLEO BRASILEIRO S.A. PETROBRAS;2023;32.7368310927;11.9104985498;63.6174359209;0.958219462203;36.9812927495;61613000000;-20.1576281547;7.59479025994;511994000000;1.050888e+12;125166000000;382340000000
009512;33.000.167/0001-01;PETROLEO BRASILEIRO S.A. PETROBRAS;2024;10.0700925679;3.29028260211;67.326193082;0.69407827194;27.9529123177;20254000000;-4.13383750591;7.0330044686;490829000000;1.124797e+12;37009000000;367514000000
009512;33.000.167/0001-01;PETROLEO BRASILEIRO S.A. PETROBRAS;2025;26.4866961855;9.04086925745;65.8663761077;0.705890062913;29.2690770155;35608000000;1.36911225702;8.76531498573;497549000000;1.223389e+12;110605000000;417587000000
008087;33.014.556/0001-96;LOJAS AMERICANAS S.A.;2020;1.98435771959;0.660097585257;66.7349501182;2.61149170719;6.74403839445;14009152000;;;21291412000;47709461000;314929000;15870576000
007811;33.035.536/0001-00;JOAO FORTES ENGENHARIA S.A. - EM RECUPERAÇÃO JUDICIAL;2020;37.4329103391;-13.351031301;135.666559667;0.92613031744;-508.797957494;9736000;;;28984000;1280373000;-170943000;-456665000
007811;33.035.536/0001-00;JOAO FORTES ENGENHARIA S.A. - EM RECUPERAÇÃO JUDICIAL;2021;29.6247522187;-16.1125281308;154.388735514;0.860655779679;-4728.29210836;20063000;-85.3539884074;-6.33128002543;4245000;1199309000;-193239000;-652289000
007811;33.035.536/0001-00;JOAO FORTES ENGENHARIA S.A. - EM RECUPERAÇÃO JUDICIAL;2022;16.2130827043;-11.1300922625;168.648834189;0.838878316676;-1440.57905108;7739000;55.406360424;-5.50491991639;6597000;1133288000;-126136000;-777989000
007811;33.035.536/0001-00;JOAO FORTES ENGENHARIA S.A. - EM RECUPERAÇÃO JUDICIAL;2023;6.33828940134;-4.96227869775;178.290503692;0.767382052865;-99.7604405034;20845000;1171.85084129;-6.72318069193;83904000;1057095000;-52456000;-827605000
007811;33.035.536/0001-00;JOAO FORTES ENGENHARIA S.A. - EM RECUPERAÇÃO JUDICIAL;2024;235.205332998;-26.1579009334;111.121304351;1.82889534273;-101.764240885;8363000;99.0179252479;-18.8467450891;166984000;857867000;-224400000;-95406000
007811;33.035.536/0001-00;JOAO FORTES ENGENHARIA S.A. - EM RECUPERAÇÃO JUDICIAL;2025;80.2700966015;-30.1150428414;137.517137909;1.01917471562;-109.725389341;3335000;4.78548843003;-13.4474225026;174975000;742506000;-223606000;-278567000
008540;33.040.601/0001-87;MERCANTIL FINANCEIRA S.A. - CRÉDITO, FINANCIAMENTO E INVESTI;2020;;0;17.8886748602;4.63326125418;22.2229978534;2139000;;;57301000;301621000;0;0
008540;33.040.601/0001-87;MERCANTIL FINANCEIRA S.A. - SOC. CRÉDITO, FINANC E INVESTIME;2021;;0;14.2345858141;4.47000699138;16.8415833402;1348000;-15.5267796374;-0.602080093893;48404000;299805000;0;0
008540;33.040.601/0001-87;MERCANTIL FINANCEIRA S.A. - SOC. CRÉDITO, FINANC E INVESTIME;2022;-32.9832881662;-2.00616065082;5.0590138151;;-16.8866512451;1188000;6.27840674324;-2.86919831224;51443000;291203000;-5842000;17712000
008540;33.040.601/0001-87;MERCANTIL FINANCEIRA S.A. - SOC. CRÉDITO, FINANC E INVESTIME;2023;16.086476434;1.00467128593;0;;4.74200365683;6318000;-18.1365783489;-5.38799394237;42113000;275513000;2768000;17207000
008540;33.040.601/0001-87;MERCANTIL FINANCEIRA S.A. - SOC. CRÉDITO, FINANC E INVESTIME;2024;143.819388806;2.98449501931;26.8268467981;;46.067533435;1837000;104.005888918;205.630587304;85913000;842052000;25131000;17474000
008540;33.040.601/0001-87;MERCANTIL FINANCEIRA S.A. - SOC. CRÉDITO, FINANC E INVESTIME;2025;416.872100729;4.88136845307;1.38853538771;;2.81183586726;982000;35.2798761538;-23.4788350363;116223000;644348000;31453000;7545000
006505;33.041.260/0652-90;GRUPO CASAS BAHIA S.A.;2020;16.7921057033;3.03727008712;81.9125121007;1.04060117857;5.60188228781;2984000000;;;28901000000;33056000000;1004000000;5979000000
006505;33.041.260/0652-90;GRUPO CASAS BAHIA S.A.;2021;-5.26875997871;-0.840407470289;84.0492359932;0.988595598865;-1.110068287;1781000000;6.91325559669;6.90948693127;30899000000;35340000000;-297000000;5637000000
006505;33.041.260/0652-90;GRUPO CASAS BAHIA S.A.;2022;-6.47236941711;-0.961376286052;85.1464552763;0.866987341772;3.75752475888;2019000000;-0.00323635069096;0.662139219015;30898000000;35574000000;-342000000;5284000000
006505;33.041.260/0652-90;GRUPO CASAS BAHIA S.A.;2023;-75.9988419224;-8.20415051881;89.2049006126;0.709012693186;-4.02468194266;2573000000;-6.63797009515;-10.0579074605;28847000000;31996000000;-2625000000;3454000000
006505;33.041.260/0652-90;GRUPO CASAS BAHIA S.A.;2024;-42.1881308034;-3.08359644722;92.6908436366;0.734087841346;1.87458648827;2131000000;-5.68863313343;5.91636454557;27206000000;33889000000;-1045000000;2477000000
006505;33.041.260/0652-90;GRUPO CASAS BAHIA S.A.;2025;-107.714491709;-8.88281110649;91.7533741602;0.660021996151;4.59978764942;1225000000;7.31823862383;-0.740653309333;29197000000;33638000000;-2988000000;2774000000
004030;33.042.730/0001-04;CIA SIDERURGICA NACIONAL;2020;38.1515006215;6.81344695083;82.1410774417;1.58812147147;19.0075611977;9944586000;;;30064020000;63002149000;4292618000;11251505000
004030;33.042.730/0001-04;CIA SIDERURGICA NACIONAL;2021;58.1646048588;17.1274560762;70.5534729965;1.42502245981;42.8701479392;16646480000;59.3667081116;25.9942783856;47912039000;79379103000;13595621000;23374389000
004030;33.042.730/0001-04;CIA SIDERURGICA NACIONAL;2022;9.93625608749;2.53964533903;74.4406211287;1.3620555246;17.2251957301;11991356000;-7.40924217398;7.52749246864;44362120000;85354359000;2167698000;21816044000
004030;33.042.730/0001-04;CIA SIDERURGICA NACIONAL;2023;2.04547784442;0.439910665082;78.4935013458;1.32220345417;11.4150154221;16046218000;2.42510953038;7.2349685152;45437950000;91529720000;402649000;19684838000
004030;33.042.730/0001-04;CIA SIDERURGICA NACIONAL;2024;-9.94973451263;-1.48031039475;85.1221116215;1.58404764204;9.77402211069;23310197000;-3.85248454211;13.5223116601;43687460000;103906654000;-1538141000;15459116000
004030;33.042.730/0001-04;CIA SIDERURGICA NACIONAL;2025;-9.57481245651;-1.49810636042;84.3536741088;1.08036610151;10.7519974242;14421022000;2.54188730588;-3.20603625635;44797946000;100575369000;-1506726000;15736350000
003050;33.050.071/0001-58;AMPLA ENERGIA E SERVICOS S.A.;2020;1.36231686314;0.420350085532;69.1444702106;1.08342480314;5.04056991965;566686000;;;6224316000;11638870000;48924000;3591235000
003050;33.050.071/0001-58;AMPLA ENERGIA E SERVICOS S.A.;2021;2.24623838158;0.513924208349;77.12067372;0.68740741986;6.18101253468;240971000;36.1333357754;39.433321276;8473369000;16228463000;83402000;3712963000
003050;33.050.071/0001-58;AMPLA ENERGIA E SERVICOS S.A.;2022;-1.76483173476;-0.545496402789;69.0907415113;0.70646253374;9.92272965752;68143000;-8.74089160994;4.36180555115;7732721000;16936317000;-92387000;5234890000
003050;33.050.071/0001-58;AMPLA ENERGIA E SERVICOS S.A.;2023;-3.58890295232;-1.08558870642;69.7515168049;0.396466920776;8.60221935825;65262000;0.824638571597;4.25340409016;7796488000;17656687000;-191679000;5340880000
003050;33.050.071/0001-58;AMPLA ENERGIA E SERVICOS S.A.;2024;7.93823567387;3.41369249541;56.9968361277;0.659703982403;11.1432552425;421090000;12.1213808063;11.1835023184;8741530000;19631323000;670153000;8442090000
003050;33.050.071/0001-58;AMPLA ENERGIA E SERVICOS S.A.;2025;-0.091399336591;-0.042118951584;53.9176615991;0.680549138708;8.74839060471;316498000;11.6761825447;9.25792927965;9762207000;21448777000;-9034000;9884098000
003824;33.050.196/0001-88;CIA PAULISTA DE FORCA E LUZ;2020;115.808342994;7.80532230746;93.2601381682;1.39668502243;11.9798164161;938375000;;;11447521000;12452644000;971969000;839291000
003824;33.050.196/0001-88;CIA PAULISTA DE FORCA E LUZ;2021;84.6368293667;7.19227988105;91.5021865364;1.11732612855;14.1123596538;222610000;33.0553138972;46.572519057;15231535000;18252154000;1312746000;1551034000
003824;33.050.196/0001-88;CIA PAULISTA DE FORCA E LUZ;2022;59.2485919581;3.53621298538;94.0315662052;1.07022783406;17.1890714766;1251307000;-2.18708751285;9.57539586835;14898408000;19999870000;707238000;1193679000
003824;33.050.196/0001-88;CIA PAULISTA DE FORCA E LUZ;2023;69.2824434193;7.35092892134;89.389910981;1.08082877192;20.5970529766;1485637000;-0.480474155359;5.05182783688;14826825000;21010229000;1544447000;2229204000
003824;33.050.196/0001-88;CIA PAULISTA DE FORCA E LUZ;2024;46.5584697633;6.73204450287;85.5406663125;0.88858364091;19.1809001898;392633000;4.59058497015;0.565181845472;15507463000;21128975000;1422412000;3055109000
003824;33.050.196/0001-88;CIA PAULISTA DE FORCA E LUZ;2025;48.5557007959;8.12190867954;83.273006987;0.819407661812;21.333968964;284418000;5.69795330158;8.64034814751;16391071000;22954592000;1864351000;3839613000
008893;33.102.476/0001-92;MONTEIRO ARANHA S.A.;2020;-0.960526423984;-0.566187260453;41.0544836336;4.2749547088;-27.3334804111;199646000;;;108786000;1650514000;-9345000;972904000
008893;33.102.476/0001-92;MONTEIRO ARANHA S.A.;2021;64.0572567455;27.42296055;57.1899236039;3.69436149582;34485.4915254;225382000;-98.6441270016;30.6577829694;1475000;2156525000;591383000;923210000
008893;33.102.476/0001-92;MONTEIRO ARANHA S.A.;2022;22.6419296665;10.2202540548;54.8613823763;2.93607507029;;148849000;-100;4.70261184081;0;2257938000;230767000;1019202000
008893;33.102.476/0001-92;MONTEIRO ARANHA S.A.;2023;58.0125742828;30.0598508329;48.1839046025;4.86199921254;;432981000;;29.5032458819;0;2924103000;878981000;1515156000
008893;33.102.476/0001-92;MONTEIRO ARANHA S.A.;2024;5.3689578714;2.89382573227;46.1007927127;11.1556678578;;805135000;;-14.1534686022;0;2510241000;72642000;1353000000
011207;33.111.246/0001-90;TECNOSOLO ENGENHARIA S.A. - EMPRESA FALIDA;2020;-1260.71428571;-0.300497139744;99.9761645328;0.288053440369;;7000;;;0;234944000;-706000;56000
011207;33.111.246/0001-90;TECNOSOLO ENGENHARIA S.A. - EMPRESA FALIDA;2021;109.688581315;-0.268384780805;100.24467887;0.285417888878;;7000;;0.546513211659;0;236228000;-634000;-578000
020028;33.113.309/0001-47;VALID SOLUÇÕES S.A.;2020;-18.1232114867;-7.02822316993;61.2197696028;1.1961115939;-5.63991703547;486536000;;;1939142000;2869132000;-201649000;1112656000
020028;33.113.309/0001-47;VALID SOLUÇÕES S.A.;2021;4.43290068472;1.86962740773;57.823837241;1.55293524115;6.17774969165;390039000;13.3491513257;7.96934403855;2198001000;3097783000;57917000;1306526000
020028;33.113.309/0001-47;VALID SOLUÇÕES S.A.;2022;2.86821065865;1.37056662828;52.2152731653;1.86797082379;16.1032798652;365161000;-14.4933510039;-14.0239648807;1879437000;2663351000;36503000;1272675000
020028;33.113.309/0001-47;VALID SOLUÇÕES S.A.;2023;15.8210699716;8.27383912641;47.70366896;2.2995355335;17.3690207536;422029000;20.0098752978;-4.42018344559;2255510000;2545626000;210621000;1331269000
020028;33.113.309/0001-47;VALID SOLUÇÕES S.A.;2024;20.8358281694;12.8963476048;38.104943562;2.87848601146;22.0236406576;569472000;-3.73157290369;15.6434213038;2171344000;2943849000;379649000;1822097000
020028;33.113.309/0001-47;VALID SOLUÇÕES S.A.;2025;15.6143841515;8.53751994525;45.3227238268;2.42301676113;14.4409164714;699196000;-5.00984643612;6.91329616431;2062563000;3147366000;268707000;1720894000
026247;33.130.691/0001-05;WILSON SONS S.A.;2020;6.49837220759;2.39441460439;63.1536248171;1.07016832044;21.6776464899;303123000;;;1815603000;5068504000;121361000;1867560000
026247;33.130.691/0001-05;WILSON SONS S.A.;2021;9.50033032222;3.90883444905;58.8558048355;1.18501356575;24.6654182535;373695000;17.7964015261;12.9414714874;2138715000;5724443000;223759000;2355276000
026247;33.130.691/0001-05;WILSON SONS S.A.;2022;14.4307544522;5.91348542968;59.0216474871;1.0827827849;26.6836627797;261395000;6.22696338689;0.116360666007;2271892000;5731104000;338908000;2348512000
026247;33.130.691/0001-05;WILSON SONS S.A.;2023;17.2006698796;7.02078774238;59.1830562906;1.07886533915;27.5580075989;233350000;6.8352720992;0.623893755898;2427182000;5766860000;404879000;2353856000
026247;33.130.691/0001-05;WILSON SONS S.A.;2024;17.1481796563;7.28669238968;57.5074874667;1.20905081657;32.1239142211;492387000;20.5469964757;16.2771248132;2925895000;6705539000;488612000;2849352000
006700;33.200.049/0001-47;HOTEIS OTHON S.A. - EM RECUPERAÇÃO JUDICIAL;2020;19.1140983689;-19.649498015;202.80107194;0.0342433622645;-190.018530298;1706000;;;36157000;461966000;-90774000;-474906000
006700;33.200.049/0001-47;HOTEIS OTHON S.A. - EM RECUPERAÇÃO JUDICIAL;2021;7.88659915958;-8.77051592304;211.207831735;0.0428728637233;-63.5995056696;7082000;27.5631274719;-1.42607897551;46123000;455378000;-39939000;-506416000
006700;33.200.049/0001-47;HOTEIS OTHON S.A. - EM RECUPERAÇÃO JUDICIAL;2022;-63.0616951575;39.6931268773;162.943323642;0.117669583596;225.296946405;9864000;117.763371854;9.37199425532;100439000;498056000;197694000;-313493000
006700;33.200.049/0001-47;HOTEIS OTHON S.A. - EM RECUPERAÇÃO JUDICIAL;2023;-70.49674374;24.1188612225;134.212730891;0.243264772644;121.820691895;6506000;47.1221338325;2.81835777503;147768000;512093000;123511000;-175201000
006700;33.200.049/0001-47;HOTEIS OTHON S.A. - EM RECUPERAÇÃO JUDICIAL;2024;-87.0284359681;16.2631318365;118.687147087;0.527468678432;81.3977496881;14453000;10.1273618104;-2.57960956311;162733000;498883000;81134000;-93227000
006700;33.200.049/0001-47;HOTEIS OTHON S.A. - EM RECUPERAÇÃO JUDICIAL;2025;-48.6639521568;5.78451928331;111.886661537;0.853030080477;39.7803074246;45094000;18.6532541033;6.0226546104;193088000;528929000;30596000;-62872000
011070;33.228.024/0001-51;WLM PART. E COMÉRCIO DE MÁQUINAS E VEÍCULOS S.A.;2020;11.7760968623;9.55921224799;18.825291947;4.43548004885;7.82750198492;45565000;;;991223000;569367000;54427000;462182000
011070;33.228.024/0001-51;WLM PART. E COMÉRCIO DE MÁQUINAS E VEÍCULOS S.A.;2021;19.4920363347;15.8246320932;18.8148851077;4.38869311456;7.32379802623;55905000;87.5234937042;17.3415389371;1858776000;668104000;105725000;542401000
011070;33.228.024/0001-51;WLM PART. E COMÉRCIO DE MÁQUINAS E VEÍCULOS S.A.;2022;18.8419511929;14.4503520975;23.3075600845;3.41046627542;7.74803711092;22775000;6.22651680461;21.4728545256;1974513000;811565000;117274000;622409000
011070;33.228.024/0001-51;WLM PART. E COMÉRCIO DE MÁQUINAS E VEÍCULOS S.A.;2023;16.3096219183;11.3597677824;30.3492880504;2.56108758781;6.7205745845;42069000;20.522731428;24.291831215;2379737000;1008709000;114587000;702573000
011070;33.228.024/0001-51;WLM PART. E COMÉRCIO DE MÁQUINAS E VEÍCULOS S.A.;2024;16.7255080157;9.86274636855;41.0317082188;2.39621279152;6.75836864888;38618000;31.2641691078;30.0479127281;3123742000;1311805000;129380000;773549000
011070;33.228.024/0001-51;WLM PART. E COMÉRCIO DE MÁQUINAS E VEÍCULOS S.A.;2025;11.207489201;5.48832596963;51.0298348613;1.85139429695;5.70707714619;122259000;-3.58064142301;20.6898128914;3011892000;1583215000;86892000;775303000
018465;33.256.439/0001-39;ULTRAPAR PARTICIPACOES S.A.;2020;9.36097067031;2.55915270117;72.661460106;1.89258434378;2.1767774642;2661494000;;;81241102000;36250162000;927697000;9910265000
018465;33.256.439/0001-39;ULTRAPAR PARTICIPACOES S.A.;2021;8.44261856639;2.26575214372;73.1629218364;1.97972513158;1.61244342874;2280074000;35.0705976391;7.61429700645;109732842000;39010357000;883878000;10469240000
018465;33.256.439/0001-39;ULTRAPAR PARTICIPACOES S.A.;2022;15.1135428036;5.0494466357;66.5899207;1.45419344691;2.33156250786;5621769000;30.8949129377;-6.58633808452;143634708000;36441003000;1840069000;12174968000
018465;33.256.439/0001-39;ULTRAPAR PARTICIPACOES S.A.;2023;17.9457179298;6.5820211004;63.3226091809;1.6606823645;3.63179069969;5925688000;-12.2435637214;4.96959702234;126048701000;38251974000;2517753000;14029826000
018465;33.256.439/0001-39;ULTRAPAR PARTICIPACOES S.A.;2024;15.9630229677;6.38529570474;59.999458012;1.52934466804;3.7029897015;2071593000;5.91058213285;3.41446430974;133498913000;39558074000;2525900000;15823444000
018465;33.256.439/0001-39;ULTRAPAR PARTICIPACOES S.A.;2025;14.3362636506;5.1508810899;64.0709656614;1.61863030229;3.49742156925;3175125000;6.64471852291;24.7507499986;142369540000;49348994000;2541908000;17730617000
016373;33.352.394/0001-04;CIA ESTADUAL DE ÁGUAS E ESGOTOS - CEDAE;2020;-3.48626244736;-1.68477346528;51.6739347446;3.31752676056;-3.45009348618;1290157000;;;5919057000;14669628000;-247150000;7089254000
016373;33.352.394/0001-04;CIA ESTADUAL DE ÁGUAS E ESGOTOS - CEDAE;2021;0.359841259296;0.164613816629;54.253768189;1.89033044431;-0.850640460275;2659853000;3.20975114786;12.3726041315;6109044000;16484643000;27136000;7541103000
016373;33.352.394/0001-04;CIA ESTADUAL DE ÁGUAS E ESGOTOS - CEDAE;2022;0.0143093793617;0.00720690189408;49.6351189532;3.36405635505;-16.9957217195;2340034000;-49.7631708005;-8.92501584657;3068990000;15013386000;1082000;7561474000
016373;33.352.394/0001-04;CIA ESTADUAL DE ÁGUAS E ESGOTOS - CEDAE;2023;6.01090730275;2.72824735661;54.6117213394;4.14197252097;-1.14931284387;2246479000;4.25462448558;2.9278871535;3199564000;15452961000;421595000;7013833000
016373;33.352.394/0001-04;CIA ESTADUAL DE ÁGUAS E ESGOTOS - CEDAE;2024;15.8984860989;7.06095202687;55.5872679766;5.29732837402;19.2961989935;2784708000;1.62015824656;-6.4949558858;3251402000;14449298000;1020258000;6417328000
016373;33.352.394/0001-04;CIA ESTADUAL DE ÁGUAS E ESGOTOS - CEDAE;2025;4.33459390929;1.57141289568;63.7471715098;4.47538790406;-13.1499784731;2383119000;-0.846588640839;-3.37584566392;3223876000;13961512000;219393000;5061443000
024180;33.376.989/0001-91;IRB - BRASIL RESSEGUROS S.A.;2020;-35.7428696962;-6.69541632964;81.2678265999;0.916602457399;2.46775342841;14563000;;;8480669000;22720962000;-1521263000;4256130000
024180;33.376.989/0001-91;IRB - BRASIL RESSEGUROS S.A.;2021;-18.7846278299;-3.01088348771;83.971556344;0.806274324978;-0.11469273964;38774000;-5.81606238847;-0.204749253135;7987428000;22674441000;-682701000;3634360000
024180;33.376.989/0001-91;IRB - BRASIL RESSEGUROS S.A.;2022;-15.4741450312;-2.7432893011;82.2717875813;0.781676069293;0.924770989019;17793000;-11.773326783;1.33684001295;7047042000;22977562000;-630341000;4073511000
024180;33.376.989/0001-91;IRB - BRASIL RESSEGUROS S.A.;2023;-2.90912635544;-0.799751679406;72.5088709911;0.745498450888;0.0105958710617;20335000;-17.7710307389;-32.6019357493;5794710000;15486432000;-123853000;4257395000
024180;33.376.989/0001-91;IRB - BRASIL RESSEGUROS S.A.;2024;16.3566859431;4.89904885223;70.04864635;1.04700124294;0.613521946446;18861000;4.54317817458;6.20177714273;6057974000;16446866000;805740000;4926059000
024180;33.376.989/0001-91;IRB - BRASIL RESSEGUROS S.A.;2025;7.40049103771;2.4990034541;66.2319237823;1.45888966386;0.207009739705;11232000;-13.9753818686;-4.88135551174;5211349000;15644036000;390945000;5282690000
010880;33.386.210/0001-19;SONDOTECNICA ENGENHARIA SOLOS S.A.;2020;30.1455776676;21.5149475917;28.6298380848;3.20797953407;28.8721664231;8204000;;;64318000;98076000;21101000;69997000
010880;33.386.210/0001-19;SONDOTECNICA ENGENHARIA SOLOS S.A.;2021;20.9583567554;14.3327653562;31.6131244286;2.50339412361;17.6575150667;8883000;27.7014210641;-1.86386067947;82135000;96248000;13795000;65821000
010880;33.386.210/0001-19;SONDOTECNICA ENGENHARIA SOLOS S.A.;2022;22.8447658029;14.5239517623;36.4232844949;2.46749895963;15.5928380093;10713000;72.7156510623;2.61096334469;141860000;98761000;14344000;62789000
010880;33.386.210/0001-19;SONDOTECNICA ENGENHARIA SOLOS S.A.;2023;19.7298913585;12.061909066;38.8647973433;2.25594170831;12.5008436152;9176000;14.8942619484;-0.297688358765;162989000;98467000;11877000;60198000
010880;33.386.210/0001-19;SONDOTECNICA ENGENHARIA SOLOS S.A.;2024;22.6131949502;12.8393338675;43.2219379184;1.99732541735;10.4918562826;13275000;21.4462325678;17.8801019631;197944000;116073000;14903000;65904000
010880;33.386.210/0001-19;SONDOTECNICA ENGENHARIA SOLOS S.A.;2025;52.8033101818;27.0982322294;48.6808078204;1.54746829278;22.2314480298;16682000;14.3848765307;13.6017850835;226418000;131861000;35732000;67670000
009989;33.412.081/0001-96;REFINARIA DE PETROLEOS MANGUINHOS S.A.;2020;12.9282263034;-12.7606925512;198.70412423;0.515663721181;-25.7969743125;9000;;;1495594000;3235804000;-412911000;-3193872000
009989;33.412.081/0001-96;REFINARIA DE PETROLEOS MANGUINHOS S.A.;2021;10.1739169563;-8.61986307572;184.725117304;0.553070318539;-13.0680787768;13000;47.8448696638;29.6979668731;2211159000;4196772000;-361756000;-3555720000
009989;33.412.081/0001-96;REFINARIA DE PETROLEOS MANGUINHOS S.A.;2022;20.8353147781;-18.5508495474;189.035609709;0.524574896188;-19.3833357857;1011000;125.294020014;20.2067684401;4981609000;5044804000;-935854000;-4491672000
009989;33.412.081/0001-96;REFINARIA DE PETROLEOS MANGUINHOS S.A.;2023;17.8958928187;-16.3890884152;191.580166361;0.527749495987;-22.8176204225;6000;1.19886968247;18.4163150838;5041332000;5973871000;-979063000;-5470881000
009989;33.412.081/0001-96;REFINARIA DE PETROLEOS MANGUINHOS S.A.;2024;15.9873190979;-11.9762967748;174.911226213;0.820600761084;-18.2322174564;93092000;38.5250168011;45.5197643203;6983506000;8693163000;-1041119000;-6512155000
025917;33.453.598/0001-23;RAÍZEN S.A.;2020;50.5803945248;7.19987106002;85.7654905074;1.11803793086;3.75865777612;2167058000;;;100941193000;29179467000;2100884000;4153554000
025917;33.453.598/0001-23;RAÍZEN S.A.;2021;18.5271528146;3.31084013256;82.1297953027;1.11830749429;2.09557175281;2604779000;-11.418412699;7.58302404907;89415311000;31392153000;1039344000;5609842000
025917;33.453.598/0001-23;RAÍZEN S.A.;2022;14.598932706;3.23841172353;77.8174761898;1.16405045259;3.22599836083;8234568000;113.91176954;219.647855947;191269874000;100344344000;3249563000;22258908000
025917;33.453.598/0001-23;RAÍZEN S.A.;2023;10.9295686491;2.24409965829;79.4676283179;1.05915024497;3.28937970146;8733396000;28.526142073;11.1686603881;245831790000;111551463000;2503326000;22904161000
025917;33.453.598/0001-23;RAÍZEN S.A.;2024;2.77567161678;0.479105275094;82.7391225894;1.09756975721;3.59558837968;14819906000;-10.3231364015;14.9095731716;220454239000;128183310000;614133000;22125564000
025917;33.453.598/0001-23;RAÍZEN S.A.;2025;-22.9806626761;-2.9623833609;87.1092343913;1.33051099273;1.69090262912;21721393000;15.7920370041;9.99846859938;255268454000;140999678000;-4176951000;18175938000
011231;33.467.572/0001-34;TEKNO S.A. - INDUSTRIA E COMERCIO;2020;6.72208888912;5.31643151149;20.911020381;3.59250124629;13.5209661592;44391000;;;182413000;240763000;12800000;190417000
011231;33.467.572/0001-34;TEKNO S.A. - INDUSTRIA E COMERCIO;2021;27.806631369;19.6322445681;29.3972566919;2.42771112959;23.3507033576;48800000;70.8474724937;39.7756299764;311648000;336528000;66068000;237598000
011231;33.467.572/0001-34;TEKNO S.A. - INDUSTRIA E COMERCIO;2022;14.4484106748;11.1413391744;22.8888254553;2.98749497635;16.9158058858;37537000;-1.21547386795;2.0170684163;307860000;343316000;38250000;264735000
011231;33.467.572/0001-34;TEKNO S.A. - INDUSTRIA E COMERCIO;2023;12.5656399745;10.1559006264;19.1772114517;3.59867716417;14.3789838146;49747000;-9.75021113493;3.56260704424;277843000;355547000;36109000;287363000
011231;33.467.572/0001-34;TEKNO S.A. - INDUSTRIA E COMERCIO;2024;15.8038121512;12.3214512676;22.034942268;3.26032396694;18.6587516983;91490000;8.34644025583;15.0711438994;301033000;409132000;50411000;318980000
011231;33.467.572/0001-34;TEKNO S.A. - INDUSTRIA E COMERCIO;2025;10.3779814484;8.50187637188;18.0777455215;3.78479563253;10.8219044316;37365000;-1.3460318304;-13.7014459881;296981000;353075000;30018000;289247000
003328;33.541.368/0001-16;CIA HIDRO ELÉTRICA DO SÃO FRANCISCO;2020;12.9043291369;7.3295350642;43.2009600311;2.54841148692;31.5830931525;58548000;;;6656096000;28769069000;2108639000;16340555000
003328;33.541.368/0001-16;CIA HIDRO ELÉTRICA DO SÃO FRANCISCO;2021;26.4822717244;16.8609323135;36.3312464692;2.68719920344;73.9249273084;9762000;22.3383947587;12.733554221;8142961000;32432394000;5468404000;20649301000
003328;33.541.368/0001-16;AXIA ENERGIA NORDESTE S.A.;2022;7.95744099381;2.78559695236;64.9938095108;2.01805984895;27.5648208631;874173000;-3.34883097193;88.9926257063;7870267000;61294833000;1707427000;21456986000
003328;33.541.368/0001-16;AXIA ENERGIA NORDESTE S.A.;2023;5.54363909836;2.82330843506;49.07120783;2.46118173194;45.3190340436;1027866000;3.08464757295;1.11160593259;8113037000;61976190000;1749779000;31563725000
003328;33.541.368/0001-16;AXIA ENERGIA NORDESTE S.A.;2024;8.42013529782;4.08563951774;51.4777450334;3.13577387363;72.6492721479;6348797000;-0.856732195354;15.1067772962;8043530000;71338795000;2914646000;34615192000
003328;33.541.368/0001-16;AXIA ENERGIA NORDESTE S.A.;2025;0.502658142545;0.242589077205;51.7387550957;2.84573561696;22.691625445;3512992000;9.88957584543;-2.24784564976;8839001000;69735209000;169170000;33655080000
026484;33.572.408/0001-97;RUMO MALHA CENTRAL S.A.;2020;-8.91321064465;-5.07847317949;43.0230768468;2.63392673438;;402775000;;;0;5041850000;-256049000;2872691000
026484;33.572.408/0001-97;RUMO MALHA CENTRAL S.A.;2021;-10.1511380415;-3.85141603153;62.0592684702;4.25553226354;-3.83369727256;1583979000;;36.3129208525;381016000;6872693000;-264696000;2607550000
026484;33.572.408/0001-97;RUMO MALHA CENTRAL S.A.;2022;-0.540056885427;-0.197879054073;63.3595905518;2.97185696533;31.810190897;1338345000;166.337371659;3.01023194256;1014788000;7079577000;-14009000;2593986000
026484;33.572.408/0001-97;RUMO MALHA CENTRAL S.A.;2023;1.09113010667;0.434856607948;60.1462185589;0.64771318288;35.2778525829;167547000;24.4141633523;-7.04868384086;1262540000;6580560000;28616000;2622602000
026484;33.572.408/0001-97;RUMO MALHA CENTRAL S.A.;2024;8.77793313481;3.44255943;60.7816626405;0.540376573145;43.7708287467;245203000;41.3890252982;8.90983442139;1785093000;7166877000;246724000;2810730000
026484;33.572.408/0001-97;RUMO MALHA CENTRAL S.A.;2025;7.77251433849;1.57533428878;79.7319860708;0.995442150147;50.7961130575;496654000;-12.2814329562;-0.421843433339;1565858000;7136644000;112426000;1446456000
004170;33.592.510/0001-54;VALE S.A.;2020;13.7592649163;5.20828357563;62.147079751;1.67206392509;24.9690346069;70085566000;;;208528759000;478129515000;24902341000;180985984000
004170;33.592.510/0001-54;VALE S.A.;2021;61.5773021141;24.3109983812;60.5195460884;1.47145518429;48.1510881563;65409000000;40.7594815255;4.39179852764;293524000000;499128000000;121343000000;197058000000
004170;33.592.510/0001-54;VALE S.A.;2022;49.4304596345;21.2482934006;57.0137652822;1.1177046828;39.8776202165;24711000000;-22.8315231463;-9.16418233399;226508000000;453387000000;96337000000;194894000000
004170;33.592.510/0001-54;VALE S.A.;2023;20.4482541283;8.89373311344;56.5061493386;1.27599086655;31.3708150298;17474000000;-8.14187578364;0.572799837666;208066000000;455984000000;40554000000;198325000000
004170;33.592.510/0001-54;VALE S.A.;2024;14.2387235635;6.13126479625;56.9395053644;1.02986860774;26.9211912332;30671000000;-0.99055107514;8.8470209481;206005000000;496325000000;30431000000;213720000000
004170;33.592.510/0001-54;VALE S.A.;2025;6.25165408679;2.48081261264;60.3175003256;1.15259963353;14.9671106533;40563000000;3.6843765928;-4.07615977434;213595000000;476094000000;11811000000;188926000000
003980;33.611.500/0001-19;GERDAU S.A.;2020;7.68228363263;3.78317516518;50.7545497395;2.03877037588;11.8553581871;4617204000;;;43814661000;63123009000;2388054000;31085210000
003980;33.611.500/0001-19;GERDAU S.A.;2021;36.3393720833;21.0783981215;41.99570077;2.32534797426;26.8338761434;4160654000;78.8101955188;16.9377286815;78345081000;73814613000;15558938000;42815649000
003980;33.611.500/0001-19;GERDAU S.A.;2022;24.7948165061;15.5552326349;37.2641752318;2.32180010653;21.5398337212;2475863000;5.19130103395;-0.0216230897261;82412210000;73798652000;11479552000;46298193000
003980;33.611.500/0001-19;GERDAU S.A.;2023;15.3069801795;10.0647239191;34.2474883937;2.58741168948;15.1672459261;3005645000;-16.3759265769;1.4722382734;68916447000;74885144000;7536983000;49238863000
003980;33.611.500/0001-19;GERDAU S.A.;2024;7.90572922312;5.29757398917;32.9906977629;3.01062075821;11.1704841727;7767813000;-2.74214803906;15.9301943787;67026656000;86814493000;4599062000;58173786000
003980;33.611.500/0001-19;GERDAU S.A.;2025;2.63657590829;1.73640554462;34.1416441241;2.89307837636;5.35234264585;5929170000;4.22499967774;-5.90491037021;69858532000;81688175000;1418438000;53798489000
024791;33.679.797/0001-54;PJBANK SECURITIZADORA S.A.;2020;103.832999297;-260.494455981;350.878292782;0.367807202525;-39828.7474333;76472;;;487;76569;-199458;-192095
024791;33.679.797/0001-54;PJBANK SECURITIZADORA S.A.;2021;171.655314419;8.801462776;94.872595232;10.0437120365;67.4740595368;718190;211251.129363;6728.37048936;1029280;5228415;460177;268082
024805;33.839.910/0001-11;VIVARA PARTICIPAÇÕES S.A.;2020;12.5202848725;6.85160620069;45.2759560148;2.41453654809;19.5770335816;492609413;;;1047547041;2140696717;146672109;1171475813
024805;33.839.910/0001-11;VIVARA PARTICIPAÇÕES S.A.;2021;21.432006108;11.6421818091;45.6785251441;2.34796008916;20.0960915577;325587601;39.9829150966;19.7679621611;1466386885;2563868834;298490271;1392731364
024805;33.839.910/0001-11;VIVARA PARTICIPAÇÕES S.A.;2022;21.7650535864;12.3067240664;43.4564954432;2.42480403064;20.4135794912;160035979;25.7331955066;14.3651645558;1843735089;2932172811;360854417;1657953267
024805;33.839.910/0001-11;VIVARA PARTICIPAÇÕES S.A.;2023;19.0950166328;11.3908466751;40.34649514;2.95661024421;20.6059131889;221495208;18.6165367274;10.5524900456;2186974709;3241590055;369244553;1933722081
024805;33.839.910/0001-11;VIVARA PARTICIPAÇÕES S.A.;2024;26.167755908;15.288609683;41.5746243707;2.79394113509;26.5252316988;278153431;17.8391961459;31.840554712;2577113417;4273730310;653393946;2496942987
024805;33.839.910/0001-11;VIVARA PARTICIPAÇÕES S.A.;2025;21.003161969;13.1175634348;37.5448160896;3.63126485;23.9980724339;365433346;17.4407592633;10.5051803795;3026581564;4722693388;619502301;2949566841
016616;33.938.119/0001-69;CIA DISTRIB DE GAS DO RIO DE JANEIRO-CEG;2020;29.4843268077;10.3180445844;65.0049850156;0.795547631197;19.2084687209;82367000;;;3184991000;3412226000;352075000;1194109000
016616;33.938.119/0001-69;CIA DISTRIB DE GAS DO RIO DE JANEIRO-CEG;2021;46.5158016419;12.6971936556;72.7034831017;0.621948718796;17.5041106934;71154000;38.5714747703;9.59408901989;4413489000;3739598000;474824000;1020780000
016616;33.938.119/0001-69;CIA DISTRIB DE GAS DO RIO DE JANEIRO-CEG;2022;23.7741688284;6.41575868091;73.0137413963;1.04411745042;13.6274413263;84717000;38.9774847065;14.1780212739;6133756000;4269799000;273940000;1152259000
016616;33.938.119/0001-69;CIA DISTRIB DE GAS DO RIO DE JANEIRO-CEG;2023;42.9712295624;13.1682708343;69.3556107926;1.13997047512;18.5168485414;76515000;-8.66597888798;6.1687447114;5602206000;4533192000;596943000;1389169000
016616;33.938.119/0001-69;CIA DISTRIB DE GAS DO RIO DE JANEIRO-CEG;2024;33.0877295469;11.3232941219;65.7779657989;0.840906581465;17.4511581594;84968000;-7.85647653799;2.61994197466;5162070000;4651959000;526755000;1591995000
016616;33.938.119/0001-69;CIA DISTRIB DE GAS DO RIO DE JANEIRO-CEG;2025;30.0956000499;13.1631406134;56.2622423491;0.70363945621;21.7150946301;73635000;-6.87573008502;0.481281111893;4807140000;4674348000;615291000;2044455000
011592;33.958.695/0001-78;UNIPAR CARBOCLORO S.A.;2020;21.2884817419;8.21185915657;61.4258111211;1.54129011055;19.3504872909;924852000;;;3868223000;4508297000;370215000;1739039000
011592;33.958.695/0001-78;UNIPAR CARBOCLORO S.A.;2021;86.3186465969;32.0705232604;62.846355307;1.5826710633;46.8169064337;331177000;62.5906520901;38.5935309941;6289369000;6248208000;2003833000;2321437000
011592;33.958.695/0001-78;UNIPAR CARBOCLORO S.A.;2022;56.6502910629;22.2589914496;60.7080722235;1.74025023315;32.7389969694;402122000;15.5983374485;-4.06137247672;7270406000;5994445000;1334303000;2355333000
011592;33.958.695/0001-78;UNIPAR CARBOCLORO S.A.;2023;32.3251977652;12.370423096;61.7313305061;2.359087541;20.0036019936;1343204000;-32.6407906243;6.70697620881;4897288000;6396491000;791273000;2447852000
011592;33.958.695/0001-78;UNIPAR CARBOCLORO S.A.;2024;19.7985805612;7.83372510067;60.4328952954;2.87896242287;11.5070902694;845342000;10.9103446642;11.1826624942;5431599000;7111789000;557118000;2813929000
011592;33.958.695/0001-78;UNIPAR CARBOCLORO S.A.;2025;26.5176047713;6.65869042143;74.8895479857;2.28807489973;15.4302351538;520271000;-5.31929916034;1.72990227916;5142676000;7234816000;481744000;1816695000
001309;34.169.557/0001-72;BCO MERCANTIL DE INVESTIMENTOS S.A.;2020;;0;39.4210798956;1.21173101307;37.2613737734;1213000;;;11210000;206557000;0;0
001309;34.169.557/0001-72;BCO MERCANTIL DE INVESTIMENTOS S.A.;2021;;0;60.1456954463;1.28354700306;35.549320095;469000;65.3166815343;56.2416185363;18532000;322728000;0;0
001309;34.169.557/0001-72;BCO MERCANTIL DE INVESTIMENTOS S.A.;2022;136.565910999;3.90310040315;38.560664235;;31.0453810707;463000;123.661774228;-22.5254703651;41449000;250032000;9759000;7146000
001309;34.169.557/0001-72;BCO MERCANTIL DE INVESTIMENTOS S.A.;2023;101.338912134;2.78979761873;39.9344977328;;34.0378040856;542000;-14.6107264349;4.16626671786;35393000;260449000;7266000;7170000
001309;34.169.557/0001-72;BCO MERCANTIL DE INVESTIMENTOS S.A.;2024;92.2237905813;1.45991184058;66.6905685673;;29.6460513314;1171000;11.5164015483;89.0158917869;39469000;492290000;7187000;7793000
001309;34.169.557/0001-72;BCO MERCANTIL DE INVESTIMENTOS S.A.;2025;164.754358162;1.65890087445;73.8158230676;;14.9672199749;1259000;81.6362208315;27.298949806;71690000;626680000;10396000;6310000
024295;34.274.233/0001-02;VIBRA ENERGIA S/A;2020;31.989841894;13.7854343912;56.9068379991;1.92322097378;5.60238524681;3358000000;;;81501000000;28327000000;3905000000;12207000000
024295;34.274.233/0001-02;VIBRA ENERGIA S/A;2021;20.2876178096;7.36925982765;63.6760713021;2.41994822183;2.00275128534;3625000000;59.6557097459;19.6173262259;130121000000;33884000000;2497000000;12308000000
024295;34.274.233/0001-02;VIBRA ENERGIA S/A;2022;12.1858400063;3.73874969594;69.3189005108;2.31130507066;2.18301863915;4145000000;39.4440559172;21.3256994452;181446000000;41110000000;1537000000;12613000000
024295;34.274.233/0001-02;VIBRA ENERGIA S/A;2023;30.2968660606;10.9611094501;63.8209792783;2.36084433774;4.62911253352;6666000000;-10.1953198197;5.76745317441;162947000000;43481000000;4766000000;15731000000
024295;34.274.233/0001-02;VIBRA ENERGIA S/A;2024;31.2337503066;12.993877551;58.3979591837;3.03511862814;5.09020618557;10480000000;5.72271965731;12.6929003473;172272000000;49000000000;6367000000;20385000000
024295;34.274.233/0001-02;VIBRA ENERGIA S/A;2025;9.54148787426;3.24623132064;65.9777241934;1.94656358848;2.55242628587;3647000000;9.75376149345;24.4142857143;189075000000;60963000000;1979000000;20741000000
025267;34.469.625/0001-19;COMPANHIA SECURITIZADORA DE CRÉDITOS FINANCEIROS VERT-PROVI;2020;0;0;99.9667176995;6.32151690025;11.0107676276;1430000;;;2879000;30046000;0;10000
025267;34.469.625/0001-19;COMPANHIA SECURITIZADORA DE CRÉDITOS FINANCEIROS VERT-PROVI;2021;0;0;99.9841503812;2336.37037037;;2008000;-100;109.988018372;0;63093000;0;10000
024970;35.082.277/0001-95;BASE SECURITIZADORA DE CRÉDITOS IMOBILIÁRIOS S.A;2020;90.740885315;-33.7955647027;137.244032373;0.699128151986;;659514;;;0;791018;-267329;-294607
024970;35.082.277/0001-95;BASE SECURITIZADORA DE CRÉDITOS IMOBILIÁRIOS S.A;2021;177.4214;71.5031749384;59.6986750536;3.88215928174;44.1084832499;143778;;56.8427014303;2635688;1240654;887107;500000
024970;35.082.277/0001-95;BASE SECURITIZADORA DE CRÉDITOS IMOBILIÁRIOS S.A;2022;92.0492943749;11.7696892168;87.2137105485;0.776853690208;4.93714911806;292523;-1.10187548754;-4.85622905339;2606646;1180405;138930;150930
025739;35.502.310/0001-99;CS BRASIL PARTICIPAÇÕES E LOCAÇÕES S.A.;2020;16.4684117465;2.89294584329;82.4333646267;1.12265102154;21.1367591143;11962000;;;801102000;2433955000;70413000;427564000
025739;35.502.310/0001-99;CS BRASIL PARTICIPAÇÕES E LOCAÇÕES S.A.;2021;7.34573450586;5.24551892465;28.5909541044;1.29983383985;43.9297650145;12169000;-30.5647720265;2.14330174551;556247000;2486122000;130410000;1775316000
026107;35.522.178/0001-87;CIA SECURITIZADORA DE CRED. FIN. CARTÕES CONSIGNADOS II;2020;0;0;99.9999248004;1.66011235955;;591000;;;0;1329794000;0;1000
026107;35.522.178/0001-87;CIA SECURITIZADORA DE CRED. FIN. CARTÕES CONSIGNADOS II;2021;;0;100;1.00040524811;;195000;;0.70063483517;0;1339111000;0;0
026107;35.522.178/0001-87;CIA SECURITIZADORA DE CRED. FIN. CARTÕES CONSIGNADOS II;2022;0;0;99.9990060877;1.00026096952;;130000;;-24.8661985452;0;1006125000;0;10000
026107;35.522.178/0001-87;CIA SECURITIZADORA DE CRED. FIN. CARTÕES CONSIGNADOS II;2023;0;0;96.9512195122;65.6;;328000;;-99.967399677;0;328000;0;10000
026107;35.522.178/0001-87;CIA SECURITIZADORA DE CRED. FIN. CARTÕES CONSIGNADOS II;2024;-400;-200;50;2;;4000;;-98.7804878049;0;4000;-8000;2000
026107;35.522.178/0001-87;CIA SECURITIZADORA DE CRED. FIN. CARTÕES CONSIGNADOS II;2025;0;0;50;2;;4000;;0;0;4000;0;2000
026263;35.522.281/0001-27;COMPANHIA SECURITIZADORA DE CRÉDITOS FINANCEIROS VERT-VIRTUS;2020;0;0;96.2962962963;1.03846153846;;1000;;;0;27000;0;1000
026263;35.522.281/0001-27;COMPANHIA SECURITIZADORA DE CRÉDITOS FINANCEIROS VERT-VIRTUS;2021;0;0;99.9978062959;258.085714286;;9023000;;168733.333333;0;45585000;0;1000
026581;35.593.905/0001-05;CONCESSIONÁRIA ECOVIAS DO CERRADO S.A.;2020;-2.27779503131;-2.14250717544;5.93942185382;11.4710825326;-10.3314577341;293238000;;;261783000;646999000;-13862000;608571000
026581;35.593.905/0001-05;CONCESSIONÁRIA ECOVIAS DO CERRADO S.A.;2021;7.05631808262;6.54466304905;7.25101997364;7.03317149569;18.2224866675;201627000;21.3394299859;7.43695121631;317646000;695116000;45493000;644713000
026581;35.593.905/0001-05;CONCESSIONÁRIA ECOVIAS DO CERRADO S.A.;2022;7.42819750223;5.0572028508;31.9188423667;0.494363629894;10.1924487612;104821000;57.0735976527;36.2712122869;498938000;947243000;47904000;644894000
026581;35.593.905/0001-05;CONCESSIONÁRIA ECOVIAS DO CERRADO S.A.;2023;7.27781376621;3.30560275075;54.5797287903;5.98773038627;17.0551639565;229676000;-19.5884057739;46.3907360624;401204000;1386676000;45838000;629832000
026581;35.593.905/0001-05;CONCESSIONÁRIA ECOVIAS DO CERRADO S.A.;2024;2.18263781151;1.06203021344;51.3418942971;2.52081943561;12.09277953;175008000;26.0493414821;22.5646798531;505715000;1699575000;18050000;826981000
026581;35.593.905/0001-05;CONCESSIONÁRIA ECOVIAS DO CERRADO S.A.;2025;0.831353776538;0.390453499409;53.0340138665;3.03279415725;12.8861514116;32980000;-13.0298686019;4.26383066355;439821000;1772042000;6919000;832257000
025380;35.727.157/0001-06;EZ INC INCORPORAÇÕES S.A.;2020;0.291365926257;0.241451068812;17.1313296948;5.70089825531;-25.5112910098;7158000;;;9388000;863529000;2085000;715595000
025380;35.727.157/0001-06;EZ INC INCORPORAÇÕES S.A.;2021;0.414490746458;0.355160072411;14.3141130541;3.8687347549;-14.7652826097;3794000;135.758414998;22.5663527224;22133000;1058396000;3759000;906896000
025380;35.727.157/0001-06;EZ INC INCORPORAÇÕES S.A.;2022;0.909063944482;0.757423564076;16.6809366191;1.60877925932;16.2976160176;3329000;59.7659603307;18.5174547145;35361000;1254384000;9501000;1045141000
025380;35.727.157/0001-06;EZ INC INCORPORAÇÕES S.A.;2023;-0.577185086582;-0.473229734259;18.0107481533;26.0500711238;-49.3668574212;1791000;-53.5476937869;8.69056046633;16426000;1363397000;-6452000;1117839000
025380;35.727.157/0001-06;EZ INC INCORPORAÇÕES S.A.;2024;-0.288372022616;-0.226476555813;21.4637558254;23.5341044708;-9.02936804467;4290000;203.068306344;11.0508531264;49782000;1514064000;-3429000;1189089000
025380;35.727.157/0001-06;EZ INC INCORPORAÇÕES S.A.;2025;2.56811892443;1.84927472036;27.9910792773;6.11326370171;24.1912906458;7423000;162.61098389;15.70686576;130733000;1751876000;32397000;1261507000
023302;35.791.391/0001-94;QUALITY SOFTWARE S.A.;2020;19.9958186216;8.78493294519;56.0661500715;1.17074101296;16.1912210075;19396059;;;129180974;114608251;10068258;50351817
023302;35.791.391/0001-94;QUALITY SOFTWARE S.A.;2021;18.2992880912;8.936808313;51.1630820365;1.25226672918;13.0701630626;12629079;12.3362996164;4.52978730127;145117126;119799761;10706275;58506511
023302;35.791.391/0001-94;QUALITY SOFTWARE S.A.;2022;18.6155415315;5.76598594643;69.025956421;1.69722314908;54.3752146625;21310879;-55.8444011632;83.1174871876;64077336;219374312;12649092;67949095
023302;35.791.391/0001-94;QUALITY SOFTWARE S.A.;2023;23.9546411437;8.66800419178;63.8149278055;1.43128882694;60.8792910091;21131364;5.69592655974;3.95953515287;67727134;228060515;19768295;82523862
023302;35.791.391/0001-94;QUALITY SOFTWARE S.A.;2024;24.7204165416;9.20928229864;62.7462495094;1.30102803176;53.8065466688;37601374;0.0652441604867;22.5848157012;67771322;279567562;25746166;104149402
023302;35.791.391/0001-94;QUALITY SOFTWARE S.A.;2025;20.9885180812;8.92621549091;57.4709588529;1.03460244715;60.6801875975;28492117;-3.09218846284;3.26008172579;65675705;288681693;25768350;122773556
025054;36.243.187/0001-00;TRUE COMPANHIA SECURITIZADORA DE CRÉDITOS FINANCEIROS II;2020;-5247.59358289;-5247.59358289;0;;;187;;;0;187;-9813;187
025054;36.243.187/0001-00;TRUE COMPANHIA SECURITIZADORA DE CRÉDITOS FINANCEIROS II;2021;0;0;0;;;187;;0;0;187;0;187
023817;36.542.025/0001-64;BRQ SOLUCOES EM INFORMATICA S.A.;2020;42.5556902923;16.1512313914;62.0468349109;2.05596179938;13.3864889276;19731000;;;513712000;275948000;44569000;104731000
023817;36.542.025/0001-64;BRQ SOLUCOES EM INFORMATICA S.A.;2021;33.8421579093;11.6533377329;65.565618587;1.88723252254;13.4770049253;15971000;21.7699800667;25.2007624625;625547000;345489000;40261000;118967000
023817;36.542.025/0001-64;BRQ SOLUCOES EM INFORMATICA S.A.;2022;48.0464203584;20.9482251422;56.4000294175;1.92581999714;17.6251003673;12474000;20.8499121569;18.0703293014;755973000;407920000;85452000;177853000
023817;36.542.025/0001-64;BRQ SOLUCOES EM INFORMATICA S.A.;2023;33.4915426853;18.2859465981;45.4013009495;2.30559075931;15.5110057281;7325000;-12.915011515;-6.53559521475;658339000;381260000;69717000;208163000
023817;36.542.025/0001-64;BRQ SOLUCOES EM INFORMATICA S.A.;2024;27.2489370077;16.0701621914;41.0246271741;2.18843352093;15.3597219978;26052000;-11.6160519125;2.81854902167;581866000;392006000;62996000;231187000
023817;36.542.025/0001-64;BRQ SOLUCOES EM INFORMATICA S.A.;2025;72.5387941999;16.4230896603;77.3595772559;1.37710611671;12.8524047831;21983000;2.02881763155;6.30092396545;593671000;416706000;68436000;94344000
026018;36.729.398/0001-49;CIA. SEC. DE CRÉDITOS FINANCEIROS VERT-PROVI II;2020;108.333333333;-1300;1300;0.0769230769231;;1000;;;0;1000;-13000;-12000
026018;36.729.398/0001-49;CIA. SEC. DE CRÉDITOS FINANCEIROS VERT-PROVI II;2021;0;0;99.9986078434;559.552083333;;19138000;;7183000;0;71831000;0;1000
025593;37.368.315/0001-04;COMPANHIA SECURITIZADORA DE CRÉDITOS FINANCEIROS - VERT 5;2020;120.19793981;-595.1;595.1;0.168038985045;;5000;;;0;5000;-29755;-24755
025593;37.368.315/0001-04;COMPANHIA SECURITIZADORA DE CRÉDITOS FINANCEIROS - VERT 5;2021;52.8301886792;-560;1160;0.0862068965517;;0;;0;0;5000;-28000;-53000
025151;37.592.100/0001-64;MISSISSIPI SECURITIZADORA S/A;2020;-4122.22222222;-4122.22222222;0;;;27;;;0;27;-1113;27
025151;37.592.100/0001-64;MISSISSIPI SECURITIZADORA S/A;2021;0;0;11830.7692308;0.0272033481044;3624.24042272;187;;718.518518519;-1514;221;0;30059
025640;37.663.076/0001-07;AUREN PARTICIPAÇÕES S.A.;2020;0;0;0;;;500;;;0;500;0;500
025640;37.663.076/0001-07;AUREN PARTICIPAÇÕES S.A.;2021;10.5240248711;3.58401323648;65.9444625002;1.29020835194;9.47391088848;657043000;;2369209900;1955011000;11846050000;424564000;4034236000
025640;37.663.076/0001-07;AUREN PARTICIPAÇÕES S.A.;2022;5.74378856775;1.6909965041;70.55956214;2.59658154491;24.5285419589;195872000;45.5263934576;59.8207503767;2845057000;18932446000;320147000;5573795000
025640;37.663.076/0001-07;AUREN PARTICIPAÇÕES S.A.;2023;5.97350299484;1.71092591756;71.358080526;0.831891984512;30.3236237278;281683000;20.613260121;2.89172355226;3431516000;19479920000;333287000;5579423000
025640;37.663.076/0001-07;AUREN PARTICIPAÇÕES S.A.;2024;-5.04777150928;-1.59476477756;68.406557733;0.769263142268;18.2946960306;1909716000;13.0008719178;2.70782426211;3877643000;20007402000;-319071000;6321027000
025640;37.663.076/0001-07;AUREN PARTICIPAÇÕES S.A.;2025;-6.97994288209;-1.84292593569;73.5968335727;0.974088361764;22.7724500736;1738932000;5.62284872537;0.0429591008368;4095677000;20015997000;-368880000;5284857000
025240;38.042.694/0001-00;TRAVESSIA SECURITIZADORA DE CRÉDITOS FINANCEIROS S.A.;2020;104.347826087;-2400;2400;0.0416666666667;;1000;;;0;1000;-24000;-23000
025240;38.042.694/0001-00;TRAVESSIA SECURITIZADORA DE CRÉDITOS FINANCEIROS S.A.;2021;160.975609756;16.3366336634;89.8514851485;1.1129476584;-20.1540112352;358000;;40300;47529000;404000;66000;41000
025240;38.042.694/0001-00;TRAVESSIA SECURITIZADORA DE CRÉDITOS FINANCEIROS S.A.;2022;43.8356164384;35.9550561798;17.9775280899;5.125;53.2467532468;39000;-99.837993646;-77.9702970297;77000;89000;32000;73000
025240;38.042.694/0001-00;TRAVESSIA SECURITIZADORA DE CRÉDITOS FINANCEIROS S.A.;2023;40.6504065041;35.7142857143;12.1428571429;7.52941176471;24.2774566474;64000;124.675324675;57.3033707865;173000;140000;50000;123000
025240;38.042.694/0001-00;TRAVESSIA SECURITIZADORA DE CRÉDITOS FINANCEIROS S.A.;2024;82.3782234957;75.7575757576;8.03689064559;12.2459016393;68.7908496732;399000;253.757225434;442.142857143;612000;759000;575000;698000
025240;38.042.694/0001-00;TRAVESSIA SECURITIZADORA DE CRÉDITOS FINANCEIROS S.A.;2025;81.4312317106;75.4312469197;7.36816165599;13.5317725753;-102.464788732;41000;-53.5947712418;434.65085639;284000;4058000;3061000;3759000
026298;38.126.888/0001-86;RIO ENERGY PARTICIPAÇÕES S.A.;2020;-8.88989578614;-7.87129904517;11.4579154297;1.51330532213;;752000;;;0;12463000;-981000;11035000
026298;38.126.888/0001-86;RIO ENERGY PARTICIPAÇÕES S.A.;2021;-10.4686740442;-2.42430509375;76.8422907857;0.650876026051;37.0623102129;412384000;;31403.8193051;466312000;3926321000;-95186000;909246000
026298;38.126.888/0001-86;RIO ENERGY PARTICIPAÇÕES S.A.;2022;-11.782583453;-2.44013082807;79.2903581985;0.871032418703;40.858906088;428396000;11.5105337199;10.996681117;519987000;4358086000;-106343000;902544000
025720;38.199.406/0001-18;RIO ALTO ENERGIAS RENOVÁVEIS S.A.;2020;441.149425287;-2.28054642796;100.516955548;3.61785714286;-2713.66120219;21155000;;;183000;168293000;-3838000;-870000
025720;38.199.406/0001-18;RIO ALTO ENERGIAS RENOVÁVEIS S.A.;2021;119.765508066;-5.62380665423;104.695681374;1.64447928106;-1589.23257635;193350000;1295.6284153;356.538893477;2554000;768323000;-43209000;-36078000
025720;38.199.406/0001-18;RIO ALTO ENERGIAS RENOVÁVEIS S.A.;2022;70.8520831482;-5.3281748662;107.520138618;0.518731976402;-42.3795378595;404790000;2641.66014096;114.228521078;70022000;1645967000;-87700000;-123779000
025720;38.199.406/0001-18;RIO ALTO ENERGIAS RENOVÁVEIS S.A.;2023;52.5723700596;-6.93088412392;113.183510875;0.0237946444932;-5.29548641852;6538000;82.2812830253;20.2716700882;127637000;1979632000;-137206000;-260985000
025720;38.199.406/0001-18;RIO ALTO ENERGIAS RENOVÁVEIS S.A.;2024;63.3060995516;-22.8940074733;136.163983622;0.018463247437;-96.3677459514;6117000;53.555787115;-0.651585749271;195994000;1966733000;-450264000;-711249000
025720;38.199.406/0001-18;RIO ALTO ENERGIAS RENOVÁVEIS S.A.;2025;41.4297861581;-42.8019382154;203.311994062;0.0143213729217;-37.439691219;4346000;-28.6177127871;-36.1586956643;139905000;1255588000;-537416000;-1297173000
025747;38.456.921/0001-36;INFRACOMMERCE CXAAS S.A.;2020;-11.0685729774;-1.55238036408;85.9748825142;0.967080802426;2.46595431754;67250000;;;235933000;420902000;-6534000;59032000
025747;38.456.921/0001-36;INFRACOMMERCE CXAAS S.A.;2021;-3.03783137345;-1.4147188994;53.4299727181;0.995666791858;-6.70295342673;210042000;79.101694125;556.099994773;422560000;2761538000;-39068000;1286049000
025747;38.456.921/0001-36;INFRACOMMERCE CXAAS S.A.;2022;-18.3559151526;-8.25462630336;55.0301565749;0.991893936307;-9.46705994944;293119000;110.928862173;16.224437252;891301000;3209582000;-264939000;1443344000
025747;38.456.921/0001-36;INFRACOMMERCE CXAAS S.A.;2023;-18.2034473158;-8.56324494455;52.9581139441;1.1019125457;-1.74519272459;414148000;20.3284861119;7.28689904168;1072489000;3443461000;-294872000;1619869000
025747;38.456.921/0001-36;INFRACOMMERCE CXAAS S.A.;2024;1675.86888062;-115.721639634;106.905172652;0.613350704262;-148.95871663;104731000;-0.668445084285;-55.9292816152;1065320000;1517558000;-1756143000;-104790000
025747;38.456.921/0001-36;INFRACOMMERCE CXAAS S.A.;2025;-175.261822376;-26.1147732567;85.0995653801;1.5505381443;-15.6566261242;77595000;-33.3575826982;-13.730480153;709955000;1309190000;-341892000;195075000
017850;39.115.514/0001-28;RUMO MALHA OESTE S.A.;2020;14.6760355412;-141.544968026;1064.46324096;2.33861268529;-209.119044453;11927000;;;82717000;176392000;-249674000;-1701236000
017850;39.115.514/0001-28;RUMO MALHA OESTE S.A.;2021;11.5864430353;-168.618107556;1555.30519628;1.29722396684;-41.691466912;471000;34.0546683269;-25.0476212073;110886000;132210000;-222930000;-1924059000
017850;39.115.514/0001-28;RUMO MALHA OESTE S.A.;2022;14.7531999571;-360.527511473;2543.7241583;0.374322567743;-54.3855558147;2083000;-18.7841567015;-33.4119960669;90057000;88036000;-317394000;-2151357000
017850;39.115.514/0001-28;RUMO MALHA OESTE S.A.;2023;14.3166414653;-298.7764571;2186.91722723;0.749009550023;-49.0008734798;31782000;-17.3689996336;26.8151665228;74415000;111643000;-333563000;-2329897000
017850;39.115.514/0001-28;RUMO MALHA OESTE S.A.;2024;13.5733301576;-475.539703903;3603.4858681;0.253321328164;-124.071408005;6729000;-25.3268830209;-33.4485816397;55568000;74300000;-353326000;-2603090000
017850;39.115.514/0001-28;RUMO MALHA OESTE S.A.;2025;14.606695793;-532.96754523;3748.78924558;0.749117627472;-103.130254356;4418000;0.60826374892;6.8263795424;55906000;79372000;-423027000;-2896117000
026530;39.346.861/0350-38;CENCOSUD BRASIL COMERCIAL S.A.;2020;1.96043485436;0.954504893758;51.3115729587;0.824072712709;2.63013186455;561169000;;;8408932000;6384357000;60939000;3108443000
026530;39.346.861/0350-38;CENCOSUD BRASIL COMERCIAL S.A.;2021;-2.81089642875;-1.2201895248;56.5907333929;0.762389594179;2.71830727692;464754000;-3.09283033803;-4.00283066877;8148858000;6128802000;-74783000;2660468000
026530;39.346.861/0350-38;CENCOSUD BRASIL COMERCIAL S.A.;2022;-21.6204941581;-6.83588557763;68.3823804968;0.602839957302;2.30586041601;142264000;12.8816086868;11.4591726083;9198562000;6831112000;-466967000;2159835000
026530;39.346.861/0350-38;CENCOSUD BRASIL COMERCIAL S.A.;2023;-38.6315804315;-8.2857797534;78.5517971026;0.532285586811;1.66829545381;417041000;8.51549405222;6.49989342877;9981865000;7275127000;-602801000;1560384000
025364;39.393.829/0001-37;HLASA PARTICIPAÇÕES S.A.;2020;-289.565867797;-74.3304;74.3304;1.34534456965;;250000;;;0;250000;-185826;64174
025674;40.159.947/0001-64;HMOBI PARTICIPAÇÕES S.A.;2020;-47.6311111898;-32.2636;32.2636;3.09946813127;;250000;;;0;250000;-80659;169341
025674;40.159.947/0001-64;HMOBI PARTICIPAÇÕES S.A.;2021;3.97578622263;1.75323075659;55.9022880404;0.765274723437;90.2833836088;47503000;;1732404.4;141222000;4331261000;75937000;1909987000
025674;40.159.947/0001-64;HMOBI PARTICIPAÇÕES S.A.;2022;15.2167815083;6.67433583081;56.1383211873;1.26319968383;56.3385897837;216053000;594.348614239;16.3455169291;980573000;5039228000;336335000;2210290000
025674;40.159.947/0001-64;HMOBI PARTICIPAÇÕES S.A.;2023;3.78962041292;1.76501986644;53.4248902495;2.02312733929;29.0271842733;276950000;20.2085923231;-0.476005451629;1178733000;5015241000;88520000;2335854000
025674;40.159.947/0001-64;HMOBI PARTICIPAÇÕES S.A.;2024;14.9558452773;7.26980282993;51.3915616593;1.82469598013;48.8508234748;361914000;-0.629150112875;3.56114491806;1171317000;5193841000;377582000;2524645000
025674;40.159.947/0001-64;HMOBI PARTICIPAÇÕES S.A.;2025;-1.057651458;-0.413828606926;60.8728751048;2.59973420126;34.0629078642;808661000;7.08006457688;7.48781104389;1254247000;5582746000;-23103000;2184368000
026042;40.446.476/0001-75;PLAYBANCO SECURITIZADORA S.A.;2020;-6.10079575597;-5.75;5.75;;;0;;;0;10000;-575;9425
026042;40.446.476/0001-75;PLAYBANCO SECURITIZADORA S.A.;2021;495.52427132;-2276.24410036;559.360768403;0.728100319527;;12077000;;120670;0;12077000;-274902000;-55477000
026905;40.593.395/0001-06;IFIN PARTICIPAÇÕES S.A.;2020;0;0;0;;;1000;;;0;1000;0;1000
026905;40.593.395/0001-06;IFIN PARTICIPAÇÕES S.A.;2021;132.607489957;0.0426347597952;99.9678489052;1.00386899255;-85.9442239608;300328;;60005632.7;149419;600057327;255833;192925
026905;40.593.395/0001-06;IFIN PARTICIPAÇÕES S.A.;2022;56.2874251497;0.0296370096888;99.9473470147;1.03335571487;;717000;-100;5.71356626398;0;634342000;188000;334000
026905;40.593.395/0001-06;IFIN PARTICIPAÇÕES S.A.;2023;7.88732394366;0.00434396778017;99.9449246942;1.09028228674;0.0368789842474;1100000;;1.61269472934;75924000;644572000;28000;355000
026905;40.593.395/0001-06;IFIN PARTICIPAÇÕES S.A.;2024;-5.97014925373;-0.00296342394002;99.950362649;0.998839031752;-0.0236431771701;855000;11.4153627312;4.70436196422;84591000;674895000;-20000;335000
025968;40.760.921/0001-77;HUMAITA SECURITIZADORA S/A;2020;0;0;0;;;1000;;;0;1000;0;1000
025968;40.760.921/0001-77;HUMAITA SECURITIZADORA S/A;2021;-0;0;498.219178082;1.41602634468;;1179;;119;0;2190;0;-8721
004820;42.150.391/0001-70;BRASKEM S.A.;2020;181.437303538;-8.14938037382;104.49156828;1.20442577341;-0.122801006718;13862852000;;;58543494000;86083919000;-7015306000;-3866518000
004820;42.150.391/0001-70;BRASKEM S.A.;2021;225.048470074;15.0831473294;93.2978227648;1.5596645614;24.656565624;8680686000;80.4217578814;7.52805991558;105625201000;92564368000;13961620000;6203828000
004820;42.150.391/0001-70;BRASKEM S.A.;2022;-13.4309406493;-0.931745190835;93.0626959409;1.42473864336;4.42613415988;12466474000;-8.62097010353;-4.87823781177;96519284000;88048858000;-820391000;6108217000
004820;42.150.391/0001-70;BRASKEM S.A.;2023;-149.130832571;-5.33022312815;96.4258074362;1.52857842737;-3.95641145545;14187000000;-26.8861132455;4.19328777666;70569000000;91741000000;-4890000000;3279000000
004820;42.150.391/0001-70;BRASKEM S.A.;2024;281.720430108;-11.8651242924;104.211666256;1.31002405207;-1.39385875392;14986000000;9.69547535037;10.719307616;77411000000;101575000000;-12052000000;-4278000000
004820;42.150.391/0001-70;BRASKEM S.A.;2025;66.4222518483;-13.3868269031;120.154129875;0.757073946989;-2.55525545484;10501000000;-8.64734985984;-19.3905980802;70717000000;81879000000;-10961000000;-16502000000
020710;42.278.291/0001-24;LOG-IN LOGISTICA INTERMODAL S.A.;2020;3.67270025398;0.589164895018;83.9582635588;2.54440262999;17.1162843562;101337000;;;1126179000;2206513000;13000000;353963000
020710;42.278.291/0001-24;LOG-IN LOGISTICA INTERMODAL S.A.;2021;21.4301873283;4.00133034566;81.3285330438;1.97034566429;17.6472525105;216298000;24.0512387462;10.5121066588;1397039000;2438464000;97571000;455297000
020710;42.278.291/0001-24;LOG-IN LOGISTICA INTERMODAL S.A.;2022;46.4542595253;11.7933479325;74.612989093;1.56888830077;19.35318449;337268000;47.9593626234;41.4440811921;2067050000;3449063000;406760000;875614000
020710;42.278.291/0001-24;LOG-IN LOGISTICA INTERMODAL S.A.;2023;6.40709068974;1.66253694097;74.0516090458;1.55080575811;14.5802341119;436406000;13.1382888658;4.93539839661;2338625000;3619288000;60172000;939147000
020710;42.278.291/0001-24;LOG-IN LOGISTICA INTERMODAL S.A.;2024;5.5429404224;1.40848062542;74.5896488489;1.11854489521;12.5709110523;289792000;19.5469987706;5.34757112449;2795756000;3812832000;53703000;968854000
020710;42.278.291/0001-24;LOG-IN LOGISTICA INTERMODAL S.A.;2025;8.59659990364;2.4076545294;71.9929442293;1.41547607111;17.5060304626;300109000;10.2036086125;2.0426811357;3081024000;3890716000;93675000;1089675000
023590;42.278.473/0001-03;WIZ CO PARTICIPAÇÕES E CORRETAGEM DE SEGUROS S.A.;2020;67.0459852371;20.8402738253;68.916447791;0.883081946162;40.4592130267;29121000;;;803026000;957545000;199555000;297639000
023590;42.278.473/0001-03;WIZ CO PARTICIPAÇÕES E CORRETAGEM DE SEGUROS S.A.;2021;25.4620166395;9.46925894857;62.810255438;0.686124967183;42.7041514082;25510000;1.71015633367;126.952153685;816759000;2173169000;205783000;808196000
023590;42.278.473/0001-03;WIZ CO PARTICIPAÇÕES E CORRETAGEM DE SEGUROS S.A.;2022;23.550083989;9.25404413888;60.7048359437;1.00456486136;37.6469621155;35650000;16.1767424663;5.9640092418;948884000;2302777000;213100000;904880000
023590;42.278.473/0001-03;WIZ CO PARTICIPAÇÕES E CORRETAGEM DE SEGUROS S.A.;2023;20.4142685182;9.27341241513;54.5738687288;0.962770674747;39.4361022934;35566000;18.1893677204;10.4694028123;1121480000;2543864000;235903000;1155579000
023590;42.278.473/0001-03;WIZ CO PARTICIPAÇÕES E CORRETAGEM DE SEGUROS S.A.;2024;25.6410345027;12.1361200534;52.6691481496;0.663810242474;43.9211303902;19161000;12.1076613047;-3.87410647739;1257265000;2445312000;296766000;1157387000
023590;42.278.473/0001-03;WIZ CO PARTICIPAÇÕES E CORRETAGEM DE SEGUROS S.A.;2025;28.3696862292;15.1068522933;46.7500198228;1.10831866634;44.8485979119;19174000;9.99852855206;-0.460104886411;1382973000;2434061000;367710000;1296137000
015458;42.331.462/0001-31;EMBPAR PARTICIPAÇÕES S/A;2020;61.1799568966;10.2448926983;83.2544950699;1.17027338834;6.52384687932;14262000;;;453812000;155170000;15897000;25984000
015458;42.331.462/0001-31;EMBPAR PARTICIPAÇÕES S/A;2021;82.0415459259;28.6268827868;65.1068462158;1.84773091297;8.25372357399;59484000;107.849726318;66.3517432493;943247000;258128000;73894000;90069000
015458;42.331.462/0001-31;EMBPAR PARTICIPAÇÕES S/A;2022;55.2382776453;20.0994041453;63.6132678242;1.48025192959;8.96643442887;33542000;15.1904008176;22.2963026096;1086530000;315681000;63450000;114866000
015458;42.331.462/0001-31;EMBPAR PARTICIPAÇÕES S/A;2023;19.423319472;15.3146322972;21.1533727834;4.25573727249;5.99163662833;6896000;-57.8961464479;-67.8273320219;457471000;101563000;15554000;80079000
015458;42.331.462/0001-31;EMBPAR PARTICIPAÇÕES S/A;2024;-12.2809238727;-9.84828706524;19.8082557364;15.8113207547;-10.3803388996;5387000;-94.6722305895;-32.1150418952;24373000;68946000;-6790000;55289000
015458;42.331.462/0001-31;EMBPAR PARTICIPAÇÕES S/A;2025;-7.26714691558;-5.21070148955;28.2978375134;2.82670137598;-135.717273107;3931000;-90.1899643048;-20.252081339;2391000;54983000;-2865000;39424000
024058;42.771.949/0001-35;ALLIANÇA SAÚDE E PARTICIPAÇÕES S.A.;2020;-7.5535023748;-3.63815347701;51.8348800796;1.19402872308;-0.982248890219;229087000;;;928787000;2540602000;-92431000;1223684000
024058;42.771.949/0001-35;ALLIANÇA SAÚDE E PARTICIPAÇÕES S.A.;2021;0.164374409848;0.078199092214;52.4262369755;0.829962851763;7.75788951338;127310000;22.3716524887;0.0640399401402;1136572000;2542229000;1988000;1209434000
024058;42.771.949/0001-35;ALLIANÇA SAÚDE E PARTICIPAÇÕES S.A.;2022;-22.3280582778;-8.38259820284;62.4571106967;0.713873603493;-2.95269440161;218744000;-4.53671214846;2.88034634173;1085009000;2615454000;-219243000;981917000
024058;42.771.949/0001-35;ALLIANÇA SAÚDE E PARTICIPAÇÕES S.A.;2023;-23.1526326494;-8.18630981744;64.6419915118;0.714116382243;3.29785754978;218595000;8.71651755884;2.07830074626;1179584000;2669811000;-218559000;943992000
024058;42.771.949/0001-35;ALLIANÇA SAÚDE E PARTICIPAÇÕES S.A.;2024;-9.78187342378;-3.84885619727;60.6531792988;1.04206482593;9.28592792722;114972000;3.17128750475;8.21822218876;1216992000;2889222000;-111202000;1136817000
024058;42.771.949/0001-35;ALLIANÇA SAÚDE E PARTICIPAÇÕES S.A.;2025;543.876669098;-77.1835450516;114.191369006;0.283923513541;-90.3437696358;116744000;-5.19042031501;-38.4830241498;1153825000;1777362000;-1371831000;-252232000
006815;43.185.362/0001-07;IGB ELETRONICA S.A - EM RECUPERACAO JUDICIAL;2020;8.5795500526;-106.420567901;1340.39800745;0.0148887627779;-877.027284869;11708000;;;5241000;79697000;-84814000;-988560000
006815;43.185.362/0001-07;IGB ELETRONICA S.A - EM RECUPERACAO JUDICIAL;2021;5.1941986399;-46.7457255552;999.960297938;0.015929852065;-756.716960553;2626000;4.96088532723;45.3793743805;5501000;115863000;-54161000;-1042721000
025631;43.283.811/0001-50;KALUNGA S.A;2020;-1.79578673333;-0.113165890258;93.6982555802;0.938643479668;5.24690760939;72670000;;;1809199000;2450385000;-2773000;154417000
025631;43.283.811/0001-50;KALUNGA S.A;2021;101.10323411;2.12957775087;97.8936601093;0.816385521246;8.54490975411;16201000;13.5584311068;-5.16616776547;2054498000;2323794000;49487000;48947000
025631;43.283.811/0001-50;KALUNGA S.A;2022;71.3152454006;4.04780511283;94.3240676098;0.77707595518;10.8287601538;17338000;15.3289514032;1.21232777088;2369431000;2351966000;95203000;133496000
025631;43.283.811/0001-50;KALUNGA S.A;2023;89.301116509;4.77452287581;94.653456684;0.800541996602;11.1729196818;5516000;2.35495357324;-6.69499474057;2425230000;2194502000;104777000;117330000
025631;43.283.811/0001-50;KALUNGA S.A;2024;116.722586775;3.67184395013;96.8542130092;0.784371634884;10.134440578;46256000;4.13148443653;-2.4282958047;2525428000;2141213000;78622000;67358000
025631;43.283.811/0001-50;KALUNGA S.A;2025;67.6144264195;2.28269953266;96.6239460223;0.707789778236;9.14154280771;20781000;-3.36913188576;-4.49380794905;2440343000;2044991000;46681000;69040000
020524;43.470.988/0001-65;EVEN CONSTRUTORA E INCORPORADORA S.A.;2020;2.149940941;1.0305446806;52.0663725712;2.30111124641;16.2811336788;366322000;;;1671020000;5176777000;53349000;2481417000
020524;43.470.988/0001-65;EVEN CONSTRUTORA E INCORPORADORA S.A.;2021;11.041037087;4.8267343012;56.2836872735;1.87605222845;11.6510908081;42317000;36.1889145552;14.5482990672;2275744000;5929910000;286221000;2592338000
020524;43.470.988/0001-65;EVEN CONSTRUTORA E INCORPORADORA S.A.;2022;7.15077670359;2.91174066052;59.2807777222;2.48011406463;5.41693126989;29698000;1.85398709169;12.9549015078;2317936000;6698124000;195032000;2727424000
020524;43.470.988/0001-65;EVEN CONSTRUTORA E INCORPORADORA S.A.;2023;11.8508441054;4.67613849122;60.5417263982;3.26793106498;9.84066719352;31072000;28.2887016725;8.96527147004;2973650000;7298629000;341294000;2879913000
020524;43.470.988/0001-65;EVEN CONSTRUTORA E INCORPORADORA S.A.;2024;6.35656052261;2.5394899394;60.0493076348;4.31706904464;4.87254391153;18337000;-27.4530627344;-29.0426462285;2157292000;5178914000;131518000;2069012000
020524;43.470.988/0001-65;EVEN CONSTRUTORA E INCORPORADORA S.A.;2025;13.6257515642;5.73354026728;57.9212916053;4.78566583428;13.1183482211;11034000;-10.9876178097;0.712910081148;1920257000;5215835000;299052000;2194756000
014443;43.776.517/0001-80;CIA SANEAMENTO BASICO EST SAO PAULO;2020;4.2701177483;1.93047269268;54.7911133494;1.09164340447;25.241537581;396401000;;;17797541000;50418636000;973318000;22793704000
014443;43.776.517/0001-80;CIA SANEAMENTO BASICO EST SAO PAULO;2021;9.24868458465;4.33715407656;53.1051790461;1.2768684884;21.0228627369;717929000;9.51547182838;5.44808272878;19491061000;53165485000;2305869000;24931859000
014443;43.776.517/0001-80;CIA SANEAMENTO BASICO EST SAO PAULO;2022;11.4191860964;5.45601982528;52.2205892854;1.09423009964;21.0610399479;1867485000;13.1581292573;7.60320346932;22055720000;57207765000;3121267000;27333533000
014443;43.776.517/0001-80;CIA SANEAMENTO BASICO EST SAO PAULO;2023;11.8012078489;5.73202561333;51.4284835357;0.92573694891;24.8160726693;838484000;15.9429662691;7.45212122865;25572056000;61470957000;3523531000;29857376000
014443;43.776.517/0001-80;CIA SANEAMENTO BASICO EST SAO PAULO;2024;25.9411530323;11.8316706278;54.3903441259;0.886121191138;42.9112057368;1682606000;41.3475592264;31.7133064969;36145477000;80965430000;9579563000;36928054000
014443;43.776.517/0001-80;CIA SANEAMENTO BASICO EST SAO PAULO;2025;19.9571572678;8.12076228264;59.3090229552;1.12104189027;33.0767732375;4663226000;5.38538473292;28.7003193832;38092050000;104202767000;8462059000;42401124000
026506;43.948.405/0001-69;LUPO S.A.;2020;-2.3105195571;-1.75006111341;24.2568145319;4.55429828942;4.56534506071;104851000;;;732190000;969509000;-16967000;734337000
026506;43.948.405/0001-69;LUPO S.A.;2021;31.8876273123;24.4389765479;23.3590624083;5.17223304838;26.5128107835;96994000;81.40865076;25.4648487018;1328256000;1216393000;297274000;932255000
026506;43.948.405/0001-69;LUPO S.A.;2022;19.6656644393;14.5468003639;26.0294488968;5.1329420565;14.3033647214;128884000;12.9729509974;18.8394704672;1500570000;1445555000;210282000;1069285000
026506;43.948.405/0001-69;LUPO S.A.;2023;14.5815552626;11.0521332638;24.2047020035;5.19555046464;10.3093943448;305239000;-2.27193666407;7.25901124482;1466478000;1550488000;171362000;1175197000
026506;43.948.405/0001-69;LUPO S.A.;2024;13.4946927922;10.2092290696;24.3463395071;5.06426188114;11.1945611416;306611000;5.45681558128;9.51977699924;1546501000;1698091000;173362000;1284668000
026506;43.948.405/0001-69;LUPO S.A.;2025;12.7334004692;9.90363208733;22.2231947287;5.67463456893;10.0253471873;316071000;2.80756365499;4.96115932538;1589920000;1782336000;176516000;1386244000
024848;45.242.914/0001-05;C&A MODAS S.A.;2020;-6.26533072171;-2.27551344135;63.6808726878;1.563245905;-4.0200358048;1509159000;;;4085486000;7309647000;-166332000;2654800000
024848;45.242.914/0001-05;C&A MODAS S.A.;2021;10.9852424484;3.79363162377;65.4661092679;1.62704286238;1.80078223164;1050251000;26.1344427566;18.6468512091;5153205000;8672666000;329009000;2995009000
024848;45.242.914/0001-05;C&A MODAS S.A.;2022;0.0276315280735;0.00860887800669;68.8440031844;1.29173110752;4.33699088711;1674091000;19.9942560018;11.0338389602;6183550000;9629594000;829000;3000196000
024848;45.242.914/0001-05;C&A MODAS S.A.;2023;0.0775711242901;0.0248150919932;68.0098848376;1.38801880298;5.87035854983;1155588000;8.66439181376;-2.20090275872;6719317000;9417656000;2337000;3012719000
024848;45.242.914/0001-05;C&A MODAS S.A.;2024;13.676277502;4.50052263306;67.0924881979;1.29689357012;10.5970125996;1403225000;13.6505243018;6.75585304878;7636539000;10053899000;452478000;3308488000
024848;45.242.914/0001-05;C&A MODAS S.A.;2025;15.8370146013;6.30014080391;60.2188861821;1.46328414995;13.0847362594;774521000;4.53633511202;-7.31324235503;7982958000;9318633000;587087000;3707056000
025763;45.365.558/0001-09;VITTIA S.A.;2020;29.5227723248;13.8434871141;53.1091221321;1.65947311159;18.9548211048;46411000;;;530646000;620754000;85934000;291077000
025763;45.365.558/0001-09;VITTIA S.A.;2021;22.1755685911;12.7385522696;42.5559159071;1.95394783828;18.3383295995;89998000;46.7861813714;36.2502698331;778915000;845779000;107740000;485850000
025763;45.365.558/0001-09;VITTIA S.A.;2022;25.4113175428;15.3875286785;39.4461595604;2.21126246572;21.2959253564;88630000;9.27906125829;13.3240480078;851191000;958471000;147485000;580391000
025763;45.365.558/0001-09;VITTIA S.A.;2023;15.6846214852;10.5106415614;32.9875982574;2.05877395492;13.09057292;82829000;-11.1704658531;-3.41314447698;756109000;925757000;97303000;620372000
025763;45.365.558/0001-09;VITTIA S.A.;2024;11.8604479011;7.90030823204;33.3894613598;2.66596060826;11.2180102438;54473000;4.03513250074;2.96200838881;786619000;953178000;75304000;634917000
025763;45.365.558/0001-09;VITTIA S.A.;2025;10.2659484491;7.1134237902;30.7085572711;2.65185301146;8.83652465966;47963000;4.2414434434;-2.43732020672;819983000;929946000;66151000;644373000
020346;45.453.214/0001-51;PROFARMA DISTRIB PROD FARMACEUTICOS S.A.;2020;4.30574803462;1.64307096896;61.8400576219;1.60905162139;2.20084829606;371792000;;;5481341000;3761067000;61797000;1435221000
020346;45.453.214/0001-51;PROFARMA DISTRIB PROD FARMACEUTICOS S.A.;2021;5.36036609824;1.96169301747;63.4037492679;1.50388960012;2.03817158956;188517000;17.0005478586;7.22739052508;6413199000;4032894000;79113000;1475888000
020346;45.453.214/0001-51;PROFARMA DISTRIB PROD FARMACEUTICOS S.A.;2022;5.629573532;1.94825441765;65.3925043065;1.52348717466;3.1082167872;183255000;21.8770538697;8.23326871472;7816218000;4364933000;85040000;1510594000
020346;45.453.214/0001-51;PROFARMA DISTRIB PROD FARMACEUTICOS S.A.;2023;5.05891717159;1.57673484779;68.8325624969;1.44662057634;3.01478547507;193743000;10.8175846682;13.1271888939;8661744000;4937926000;77858000;1539025000
020346;45.453.214/0001-51;PROFARMA DISTRIB PROD FARMACEUTICOS S.A.;2024;7.74444766745;2.18674849606;71.7636610129;1.34490392024;2.95152774532;229552000;17.2237715638;13.7367793685;10153623000;5616238000;122813000;1585820000
020346;45.453.214/0001-51;PROFARMA DISTRIB PROD FARMACEUTICOS S.A.;2025;7.70455940581;2.02129357463;73.7649686612;1.28957146616;3.05621028074;235121000;12.7727610135;11.0044659788;11450521000;6234275000;126013000;1635564000
000701;45.987.245/0001-92;BAHEMA EDUCAÇÃO S.A.;2020;-24.4936244111;-7.58213789144;69.0444428959;0.401013534781;-11.712037485;42238000;;;196345000;602706000;-45698000;186571000
000701;45.987.245/0001-92;BIOMA EDUCAÇÃO S.A.;2021;-25.5021005737;-6.1950377394;75.7077354413;0.22094108464;-5.80534597327;12526000;35.8160380962;2.26080377497;266668000;616332000;-38182000;149721000
000701;45.987.245/0001-92;BIOMA EDUCAÇÃO S.A.;2022;-131.037334865;-17.5738779837;86.5886481881;0.185802187289;-13.4466652853;19670000;33.9200803996;5.31288331613;357122000;649077000;-114068000;87050000
000701;45.987.245/0001-92;BIOMA EDUCAÇÃO S.A.;2023;-5.45662100457;-1.12402579952;79.4006987369;0.334619121093;19.9887740702;36972000;5.76133646205;-8.27590563215;377697000;595360000;-6692000;122640000
000701;45.987.245/0001-92;BIOMA EDUCAÇÃO S.A.;2024;-60.015984887;-14.0747472453;76.5483357946;0.315094522893;-7.63129102845;15715000;-6.10674694266;-11.2839290513;354632000;528180000;-74340000;123867000
000701;45.987.245/0001-92;BIOMA EDUCAÇÃO S.A.;2025;-111.49966497;-15.7865992492;85.8415724806;0.213943213752;-7.46672356744;12088000;-6.17231383519;-26.1600212049;332743000;390008000;-61569000;55219000
016241;46.119.855/0001-37;SOCIEDADE ABASTECIMENTO DE ÁGUA E SANEAMENTO S.A - SANASA;2020;26.5828785664;9.35336762362;64.814316101;0.917294337394;19.6329763548;2572000;;;907244000;1570707000;146914000;552664000
016241;46.119.855/0001-37;SOCIEDADE ABASTECIMENTO DE ÁGUA E SANEAMENTO S.A - SANASA;2021;16.6125975653;5.40449224907;67.4675063437;1.06892935553;18.1360741535;2168000;4.88247924483;9.66825766995;951540000;1722567000;93096000;560394000
016241;46.119.855/0001-37;SOCIEDADE ABASTECIMENTO DE ÁGUA E SANEAMENTO S.A - SANASA;2022;18.9069682667;6.5087294801;65.5749700941;0.889996452267;19.8005195529;81884000;17.6838598482;6.86225847819;1119809000;1840774000;119811000;633687000
016241;46.119.855/0001-37;SOCIEDADE ABASTECIMENTO DE ÁGUA E SANEAMENTO S.A - SANASA;2023;16.1676724643;4.63065707217;71.3585422862;1.84353609442;19.1347815481;320445000;13.1183085687;31.1568394599;1266709000;2414301000;111798000;691491000
016241;46.119.855/0001-37;SOCIEDADE ABASTECIMENTO DE ÁGUA E SANEAMENTO S.A - SANASA;2024;25.9943502825;7.08205438556;72.7554091231;1.15197883964;21.9867966447;204988000;12.1447783193;10.3279168588;1420548000;2663648000;188641000;725700000
016241;46.119.855/0001-37;SOCIEDADE ABASTECIMENTO DE ÁGUA E SANEAMENTO S.A - SANASA;2025;8.7275951033;2.30778207108;73.5576405211;0.237147030237;17.8325373644;109003000;7.70498427367;8.7419959394;1530001000;2896504000;66845000;765904000
014826;47.508.411/0001-56;CIA BRASILEIRA DE DISTRIBUICAO;2020;13.8394716487;4.36438690309;68.46420865;0.95444462479;5.12945583673;8711000000;;;51253000000;53295000000;2326000000;16807000000
014826;47.508.411/0001-56;CIA BRASILEIRA DE DISTRIBUICAO;2021;5.86080586081;1.94162975548;66.8709422972;1.07987915408;3.29492503558;8274000000;0.0741420014438;-7.22769490571;51291000000;49443000000;960000000;16380000000
014826;47.508.411/0001-56;CIA BRASILEIRA DE DISTRIBUICAO;2022;-0.0291269205563;-0.00912429571842;68.6740117247;1.60922972897;-3.26193637781;3751000000;-66.229942875;-11.3342636976;17321000000;43839000000;-4000000;13733000000
014826;47.508.411/0001-56;CIA BRASILEIRA DE DISTRIBUICAO;2023;-45.1927149513;-9.67800453515;78.5850340136;1.20851405622;3.51688311688;2971000000;11.1367703943;-49.7023198522;19250000000;22050000000;-2134000000;4722000000
014826;47.508.411/0001-56;CIA BRASILEIRA DE DISTRIBUICAO;2024;-81.8739352641;-12.1961122672;85.1037913008;0.962240402769;-2.32038318254;2631000000;-2.38961038961;-10.6439909297;18790000000;19703000000;-2403000000;2935000000
014826;47.508.411/0001-56;CIA BRASILEIRA DE DISTRIBUICAO;2025;-38.3709981168;-4.42309779659;88.4728101596;0.827216261999;-0.884214932245;1990000000;1.7189994678;-6.48124651068;19113000000;18426000000;-815000000;2124000000
019640;47.509.120/0001-82;BRADESCO LEASING S.A. ARREND MERCANTIL;2020;55.8721950094;0.90103185522;60.5106467118;;10.8263222017;7774000;;;1427373000;10216065000;92050000;164751000
019640;47.509.120/0001-82;BRADESCO LEASING S.A. ARREND MERCANTIL;2021;-162.170928437;-1.92609727589;61.2688471799;;-21.0974509936;6752000;3.24091880679;-3.95248072521;1473633000;9812277000;-188994000;116540000
019640;47.509.120/0001-82;BRADESCO LEASING S.A. ARREND MERCANTIL;2022;321.770777211;2.79000130072;61.8783514182;;19.6396611738;5719000;59.5496300639;11.2587832569;2351176000;10917020000;304585000;94659000
019640;47.509.120/0001-82;BRADESCO LEASING S.A. ARREND MERCANTIL;2023;725.344543904;3.96886287943;61.4843323666;;24.7909147644;10861000;20.9681878345;10.9022517134;2844175000;12107221000;480519000;66247000
019640;47.509.120/0001-82;BRADESCO LEASING S.A. ARREND MERCANTIL;2024;697.965285881;2.52129221462;65.7934634765;;17.7627441755;13322000;20.76697109;25.4084979534;3434824000;15183484000;382820000;54848000
019640;47.509.120/0001-82;BRADESCO LEASING S.A. ARREND MERCANTIL;2025;759.555229717;2.6203402567;67.5441170561;;32.3587463702;731000;-33.3877951243;17.1809776992;2288012000;17792155000;466215000;61380000
022470;47.960.950/0001-21;MAGAZINE LUIZA S.A.;2020;5.34735362587;1.58926349574;70.2794390098;1.25213390285;2.82610551633;1681376000;;;29177113000;24647203000;391709000;7325287000
022470;47.960.950/0001-21;MAGAZINE LUIZA S.A.;2021;5.24508377459;1.53879616771;70.6621241176;1.60644336254;1.33397584624;2566218000;20.9103518912;55.7361944883;35278150000;38384616000;590661000;11261231000
022470;47.960.950/0001-21;MAGAZINE LUIZA S.A.;2022;-4.68578280111;-1.32123351139;71.8033556511;1.47901617516;2.06878189395;2420045000;5.72833892934;-1.61202863147;37299002000;37765845000;-498975000;10648701000
022470;47.960.950/0001-21;MAGAZINE LUIZA S.A.;2023;-10.1878209889;-2.61407622098;74.3411645746;1.16159326044;-1.01214776953;2593346000;-1.42323647158;-0.822907576939;36768149000;37455067000;-979104000;9610534000
022470;47.960.950/0001-21;MAGAZINE LUIZA S.A.;2024;3.96418953815;1.20261231697;69.6630974528;1.16996891186;4.10754825929;1827197000;3.45385621669;-0.382348802099;38038068000;37311858000;448717000;11319262000
022470;47.960.950/0001-21;MAGAZINE LUIZA S.A.;2025;1.81417321997;0.539690715857;70.2514230771;1.15458849761;4.95740334044;1575837000;1.74908725648;1.60619179029;38703387000;37911158000;204603000;11278030000
027030;48.344.725/0007-19;ALTHAIA S.A. INDÚSTRIA FARMACÊUTICA;2020;127.965569567;18.2010672581;85.7765902816;1.21585360584;25.5757864599;11227000;;;276969000;268726000;48911000;38222000
020877;49.263.189/0001-02;HELBOR EMPREENDIMENTOS S.A.;2020;3.69886330732;1.42271232524;61.5364989988;3.12426039574;5.45685500723;115886000;;;973821000;4354640000;61954000;1674947000
020877;49.263.189/0001-02;HELBOR EMPREENDIMENTOS S.A.;2021;7.98610441311;3.36449401051;57.8706483603;3.15230355376;15.8974180461;136313000;-2.65120591977;-1.10066503775;948003000;4306710000;144899000;1814389000
020877;49.263.189/0001-02;HELBOR EMPREENDIMENTOS S.A.;2022;5.07060137414;2.07292654916;59.118723871;3.03622431666;16.2486747562;153144000;-4.38458528085;20.6844900167;906437000;5197531000;107741000;2124817000
020877;49.263.189/0001-02;HELBOR EMPREENDIMENTOS S.A.;2023;7.2941095047;2.84236634016;61.0320308692;2.19786797412;17.8204655004;128866000;40.7807713057;16.9956273469;1276089000;6080884000;172841000;2369597000
020877;49.263.189/0001-02;HELBOR EMPREENDIMENTOS S.A.;2024;6.01284895142;2.43407417162;59.5187873288;1.52331167952;18.8922807106;226566000;-0.447696046279;10.1388054763;1270376000;6697413000;163020000;2711194000
020877;49.263.189/0001-02;HELBOR EMPREENDIMENTOS S.A.;2025;3.30234973229;1.40114709898;57.5712080014;2.25022243859;11.0726812245;110290000;-11.1710233821;-1.93158164205;1128462000;6568047000;92028000;2786743000
021440;49.669.856/0001-43;VESTE S.A. ESTILO;2020;-724.306789776;-93.0314261375;87.1557981437;1.80810853199;-209.692626784;56214000;;;598816000;2155276000;-2005084000;276828000
021440;49.669.856/0001-43;VESTE S.A. ESTILO;2021;152.411677316;-52.8643774257;134.685254015;1.046912056;-77.3492754467;34155000;46.2751496286;-29.4074169619;875919000;1521465000;-804313000;-527724000
021440;49.669.856/0001-43;VESTE S.A. ESTILO;2022;5.91031715227;3.47274359624;41.2426861915;1.32978726237;20.059048802;48835000;21.6891059561;4.61502564962;1065898000;1591681000;55275000;935229000
021440;49.669.856/0001-43;VESTE S.A. ESTILO;2023;2.20578623076;1.378143309;37.5214474649;1.69636651379;2.92668026642;31208000;4.12103221884;3.84467741966;1109824000;1652876000;22779000;1032693000
021440;49.669.856/0001-43;VESTE S.A. ESTILO;2024;0.0637410331223;0.0401440840599;37.0200291814;1.51724663039;3.90803873852;35290000;0.155970676432;0.221250716932;1111555000;1656533000;665000;1043284000
021440;49.669.856/0001-43;VESTE S.A. ESTILO;2025;2.29089881809;1.4744043549;35.6407911491;1.52965445161;6.94074810634;40503000;10.741078939;-0.061393283442;1230948000;1655516000;24409000;1065477000
012190;50.564.053/0001-03;BOMBRIL S.A.;2020;-16.2978614054;5.919872227;136.323000176;0.577707153376;11.1304902894;13851000;;;1153013000;674947000;39956000;-245161000
012190;50.564.053/0001-03;BOMBRIL S.A. - EM RECUPERAÇÃO JUDICIAL;2021;-37.5338700177;7.84977649502;120.913847923;0.568545687997;11.5775759747;20544000;-1.20978688011;26.2810265102;1139064000;852330000;66906000;-178255000
012190;50.564.053/0001-03;BOMBRIL S.A. - EM RECUPERAÇÃO JUDICIAL;2022;-14.5080682461;2.61281616117;118.009400817;0.652910812902;10.723161;15890000;29.1569218235;1.41529689205;1471180000;864393000;22585000;-155672000
012190;50.564.053/0001-03;BOMBRIL S.A. - EM RECUPERAÇÃO JUDICIAL;2023;-180.459770115;12.1199581344;106.716155145;0.872482841515;15.5303470232;17511000;-3.43241479629;-4.38897584779;1420683000;826455000;100166000;-55506000
012190;50.564.053/0001-03;BOMBRIL S.A. - EM RECUPERAÇÃO JUDICIAL;2024;96.547477395;-187.095351111;293.785851437;0.885198648194;16.8575766717;36396000;12.4660462608;0.385259935508;1597786000;829639000;-1552216000;-1607723000
012190;50.564.053/0001-03;BOMBRIL S.A. - EM RECUPERAÇÃO JUDICIAL;2025;-4.41692705069;7.47729314248;269.287222919;0.74076214656;11.0619179844;33224000;8.21305231114;9.62924838394;1729013000;909527000;68008000;-1539713000
019836;50.746.577/0001-15;COSAN S.A.;2020;7.89873710804;2.54136761502;67.8256462994;1.78272759965;17.9825694194;4614053000;;;13508787000;35760824000;908814000;11505814000
019836;50.746.577/0001-15;COSAN S.A.;2021;21.9978218236;6.49084698504;70.4932286611;2.10643722839;34.8346077331;16174130000;84.3773982076;173.601142412;24907150000;97842023000;6350776000;28870022000
019836;50.746.577/0001-15;COSAN S.A.;2022;5.85615568922;2.09753888374;64.1823237793;1.61903969772;19.7808948997;13301716000;59.542011029;37.4511563401;39737368000;134484992000;2820875000;48169399000
019836;50.746.577/0001-15;COSAN S.A.;2023;9.58146516028;3.49246105802;63.5498225;1.77056341728;32.9649695047;14658481000;-0.676620051937;4.00073637957;39468497000;139865382000;4884744000;50981180000
019836;50.746.577/0001-15;COSAN S.A.;2024;-20.7160033709;-5.77759097167;72.1104941517;1.71800860768;7.97392226052;16903542000;11.3565130185;1.00133426869;43950742000;141265902000;-8161766000;39398362000
019836;50.746.577/0001-15;COSAN S.A.;2025;-32.874949951;-7.54484033669;77.0498803863;2.57825209527;-0.49448526119;27243683000;-8.03660152086;-4.35234824041;40418596000;135117518000;-10194401000;31009632000
011762;50.926.955/0001-42;VULCABRAS S.A.;2020;2.80381804062;1.8790486728;32.9825029448;3.6401572868;3.07794852051;158552000;;;1179227000;1679254000;31554000;1125394000
011762;50.926.955/0001-42;VULCABRAS S.A.;2021;23.1348806763;15.7294095889;32.0099817716;2.62535158334;17.4416873396;114635000;58.3389796875;18.81686749;1867176000;1995237000;313839000;1356562000
011762;50.926.955/0001-42;VULCABRAS S.A.;2022;27.4518440456;18.6424231461;32.0904522294;2.79506676655;17.4843590851;197197000;35.8702125563;26.3386755558;2536936000;2520756000;469930000;1711834000
011762;50.926.955/0001-42;VULCABRAS S.A.;2023;24.8024854458;17.8326384167;28.1014055802;3.83174444966;19.2541449895;361020000;11.0662231921;10.0920914202;2817679000;2775153000;494883000;1995296000
011762;50.926.955/0001-42;VULCABRAS S.A.;2024;27.0035762027;19.0380341749;29.4981004294;3.18107582825;19.0413038472;307660000;8.19465240718;7.8610080237;3048578000;2993308000;569867000;2110339000
011762;50.926.955/0001-42;VULCABRAS S.A.;2025;48.0077615666;30.0416396408;37.4233693461;3.26709580131;21.1515532315;203970000;16.7851700039;29.5889363874;3560287000;3878996000;1165314000;2427345000
021334;51.128.999/0001-90;NUTRIPLANT INDUSTRIA E COMERCIO S.A.;2020;21.103117506;5.1265198817;75.7072864697;2.56256441971;7.17582432199;1957000;;;75183000;66946000;3432000;16263000
021334;51.128.999/0001-90;NUTRIPLANT INDUSTRIA E COMERCIO S.A.;2021;29.1539600941;8.2246666257;71.7888527008;2.24384571504;9.26332679067;726000;70.7673277204;21.5382547128;128388000;81365000;6692000;22954000
021334;51.128.999/0001-90;NUTRIPLANT INDUSTRIA E COMERCIO S.A.;2022;26.5468934486;8.60752421157;67.5761526364;2.44716465498;9.5849971967;662000;36.1451225971;18.7832606157;174794000;96648000;8319000;31337000
021334;51.128.999/0001-90;NUTRIPLANT INDUSTRIA E COMERCIO S.A.;2023;10.057627799;3.39649313052;66.2296796181;2.0503448868;5.4899639215;3404000;2.43715459341;6.86511878156;179054000;103283000;3508000;34879000
021334;51.128.999/0001-90;NUTRIPLANT INDUSTRIA E COMERCIO S.A.;2024;22.7571697486;9.60158469128;57.8085289281;1.95911347885;9.12981170138;1991000;11.8472639539;3.62208688748;200267000;107024000;10276000;45155000
021334;51.128.999/0001-90;NUTRIPLANT INDUSTRIA E COMERCIO S.A.;2025;10.6571162864;4.14336377134;61.1211545415;1.58954811623;3.61974828799;3008000;7.91593223047;21.4596725968;216120000;129991000;5386000;50539000
020494;51.218.147/0001-93;IGUATEMI EMPRESA DE SHOPPING CENTERS S.A;2020;6.42435465598;2.94903282323;54.096045733;2.3276725301;53.1448719315;27526000;;;675576000;6860690000;202324000;3149328000
020494;51.218.147/0001-93;IGUATEMI EMPRESA DE SHOPPING CENTERS S.A;2021;10.08803203;4.82056686279;52.2149924935;5.08748402659;45.202110112;38611000;26.8009816808;4.03927301773;856637000;7137812000;344083000;3410804000
020494;51.218.147/0001-93;IGUATEMI EMPRESA DE SHOPPING CENTERS S.A;2022;-0.628551260652;-0.304417378785;51.5684085225;1.39608342523;48.9406577609;33863000;16.2846106344;-11.5641319777;996137000;6312386000;-19216000;3057189000
020494;51.218.147/0001-93;IGUATEMI EMPRESA DE SHOPPING CENTERS S.A;2023;8.48317189318;5.06055245767;40.3459870743;1.75519743088;57.4463417098;48944000;4.324505565;-2.65951733623;1039215000;6144507000;310946000;3665445000
020494;51.218.147/0001-93;IGUATEMI EMPRESA DE SHOPPING CENTERS S.A;2024;9.78325441143;5.73236549107;41.4063536529;3.86720001758;57.1579226126;38535000;2.46926766838;5.24675128534;1064876000;6466894000;370706000;3789189000
020494;51.218.147/0001-93;IGUATEMI EMPRESA DE SHOPPING CENTERS S.A;2025;14.6235817204;7.46791309292;48.9323940217;2.50842964771;74.0336870556;30947000;11.6006934141;17.9611572418;1188409000;7628423000;569684000;3895653000
020516;51.466.860/0001-56;SAO MARTINHO S.A.;2020;19.0938710529;5.27517751644;72.3724042034;2.0076016067;32.1028138587;92066000;;;3693860000;12113526000;639010000;3346676000
020516;51.466.860/0001-56;SAO MARTINHO S.A.;2021;23.2560717947;7.46605533193;67.8963180117;1.74069015999;36.0251823252;288350000;16.5469996156;2.51231557187;4305083000;12417856000;927124000;3986589000
020516;51.466.860/0001-56;SAO MARTINHO S.A.;2022;27.8441079831;8.53076577216;69.3624023533;2.55328807777;42.1804514827;114903000;32.8651038784;39.79180464;5719953000;17359145000;1480868000;5318425000
020516;51.466.860/0001-56;SAO MARTINHO S.A.;2023;17.180000619;5.39606673153;68.5909980379;2.17429326079;31.332000315;273408000;15.8674905196;8.4372819053;6627566000;18823785000;1015744000;5912363000
020516;51.466.860/0001-56;SAO MARTINHO S.A.;2024;21.5126666862;7.24680409332;66.313780625;2.18227702203;36.7321711882;204560000;3.98595804252;8.22185336265;6891738000;20371449000;1476279000;6862371000
020516;51.466.860/0001-56;SAO MARTINHO S.A.;2025;8.31020924082;2.55740367102;69.2257607852;2.43481039518;21.1867606325;898588000;3.9220295374;6.86222173003;7162034000;21769383000;556731000;6699362000
013471;51.928.174/0001-50;PLASCAR PARTICIPACOES INDUSTRIAIS S.A.;2020;61.8409648233;-19.3372521347;131.269324775;0.614072922596;-22.6570202715;33681000;;;369188000;605117000;-117013000;-189216000
013471;51.928.174/0001-50;PLASCAR PARTICIPACOES INDUSTRIAIS S.A.;2021;39.2459688036;-19.7570575352;150.341622688;0.437080403032;-6.66836411592;12487000;65.9544730598;2.23890586449;612684000;618665000;-122230000;-311446000
013471;51.928.174/0001-50;PLASCAR PARTICIPACOES INDUSTRIAIS S.A.;2022;23.771131785;-13.3869338145;156.315929488;0.393795566702;0.422664733138;24815000;38.4384119709;17.2671801379;848190000;725491000;-97121000;-408567000
013471;51.928.174/0001-50;PLASCAR PARTICIPACOES INDUSTRIAIS S.A.;2023;0.174452271178;-0.105140857826;160.269125255;0.446640266778;5.30043953886;16841000;11.6647213478;-6.39594426395;947129000;679089000;-714000;-409281000
013471;51.928.174/0001-50;PLASCAR PARTICIPACOES INDUSTRIAIS S.A.;2024;21.1823770018;-16.594051818;178.338950424;0.476406026534;1.51590386994;35510000;19.4979775722;-2.39011381424;1131800000;662858000;-109995000;-519276000
013471;51.928.174/0001-50;PLASCAR PARTICIPACOES INDUSTRIAIS S.A.;2025;28.1996399446;-33.5361381792;218.923994225;0.274811735483;-2.1062352932;25900000;1.79386817459;-8.25516173901;1152103000;608138000;-203946000;-723222000
026360;52.123.916/0001-32;DORI ALIMENTOS S.A.;2020;32.6738097156;9.65199387598;70.4595394293;1.84531644013;12.0792327804;59119000;;;732828000;630305000;60837000;186195000
026360;52.123.916/0001-32;DORI ALIMENTOS S.A.;2021;29.7541509953;9.73258808253;67.2899822144;1.51696528044;11.9111226396;94678000;28.3612252807;16.3208288051;940667000;733176000;71357000;239822000
026360;52.123.916/0001-32;DORI ALIMENTOS S.A.;2022;29.5445000881;8.74322635824;70.40658555;1.70882876051;11.735665101;10076000;26.657786443;2.06348816655;1191428000;748305000;65426000;221449000
022020;52.548.435/0001-79;JSL S.A.;2020;12.3285446314;2.71385868599;77.9871934026;2.00967495984;6.91202799494;64575000;;;2826797000;4838756000;131317000;1065146000
022020;52.548.435/0001-79;JSL S.A.;2021;20.4946268417;3.82671367618;81.3282100438;2.19060598859;12.195895789;152951000;51.973346512;47.1916955515;4295978000;7122247000;272548000;1329851000
022020;52.548.435/0001-79;JSL S.A.;2022;13.7462985262;2.35596809175;82.8610728389;1.36837756206;12.7660793321;475625000;40.1870540305;15.7237596506;6022405000;8242132000;194182000;1412613000
022020;52.548.435/0001-79;JSL S.A.;2023;21.1478842377;2.95892787765;86.0083976042;1.68082980702;16.9170194665;610869000;25.7744040794;44.24504485;7574644000;11888867000;351783000;1663443000
022020;52.548.435/0001-79;JSL S.A.;2024;11.7101606453;1.66112962135;85.8146299469;1.53522348221;13.3659950942;442823000;19.56017999;4.97368672726;9056258000;12480182000;207312000;1770360000
022020;52.548.435/0001-79;JSL S.A.;2025;6.16840662078;0.673391848797;89.0832124048;1.32717058309;11.8432053248;241424000;6.45244426561;-2.78023990355;9640608000;12133203000;81704000;1324556000
019992;53.113.791/0001-22;TOTVS S.A.;2020;11.3264284996;5.73135893282;49.3983568339;1.38820096361;15.1589494456;1027733000;;;2596077000;5146406000;294959000;2604166000
019992;53.113.791/0001-22;TOTVS S.A.;2021;8.33785851474;3.76104635232;54.8919384315;1.65270383034;15.7267120465;2871072000;25.5302905114;93.2421383;3258863000;9945025000;374037000;4486008000
019992;53.113.791/0001-22;TOTVS S.A.;2022;11.4137019562;4.92927172669;56.8126822864;1.86734938553;16.9018321446;2735765000;16.3882004245;6.74878142589;3792932000;10616193000;523301000;4584849000
019992;53.113.791/0001-22;TOTVS S.A.;2023;15.2500533149;8.65836585924;43.2240289233;2.89628086888;15.5812905768;3129162000;18.5633699734;-16.8359128362;4497028000;8828860000;764435000;5012671000
019992;53.113.791/0001-22;TOTVS S.A.;2024;14.7468449232;8.620101384;41.5461311967;2.41528163419;16.7930287995;1942162000;16.1657654789;-3.36554209717;5224007000;8531721000;735443000;4987121000
019992;53.113.791/0001-22;TOTVS S.A.;2025;16.9146555213;9.74106371965;42.4105107705;1.95921893498;19.4517302634;1785703000;10.4873519503;10.7885618857;5771867000;9452171000;920742000;5443457000
014850;56.444.250/0001-75;HAUSCENTER SA;2020;-0.261890744585;37.4911284599;14415.5606813;0.342089900759;4083.61396304;0;;;4870000;5636000;2113000;-806825000
014850;56.444.250/0001-75;HAUSCENTER SA;2021;15.2320956161;-3056.07082631;20163.3642496;83.5909090909;-133.225806452;250000;-87.2689938398;-15.8268275373;620000;4744000;-144980000;-951806000
014850;56.444.250/0001-75;HAUSCENTER SA;2022;5.35311379133;-1917.12962963;35913.3547009;60.4838709677;-334.251968504;0;-59.0322580645;-40.8094435076;254000;2808000;-53833000;-1005639000
014850;56.444.250/0001-75;HAUSCENTER SA;2023;-2.4816389089;328.415374241;13333.8098449;67.1020408163;13.0934150077;0;414.173228346;164.066951567;1306000;7415000;24352000;-981287000
014850;56.444.250/0001-75;HAUSCENTER SA;2024;6.10407005505;-2248.6678508;36938.8277087;8.6;38.5964912281;0;9.11179173047;-62.036412677;1425000;2815000;-63300000;-1037013000
014850;56.444.250/0001-75;HAUSCENTER SA;2025;-0.827220091298;241.430192963;29285.7264472;8.030651341;48.5664131071;0;19.9298245614;25.1865008881;1709000;3524000;8508000;-1028505000
005770;56.643.018/0001-66;EUCATEX S.A. INDUSTRIA E COMERCIO;2020;9.73351075429;5.27292869084;45.8270625682;1.21656133076;10.8120316646;7080000;;;1797590000;2734249000;144175000;1481223000
005770;56.643.018/0001-66;EUCATEX S.A. INDUSTRIA E COMERCIO;2021;22.6678114334;12.3161588017;45.6667493555;1.53177451333;22.4427307641;44822000;36.2623846372;27.0869624529;2449439000;3474874000;427971000;1888012000
005770;56.643.018/0001-66;EUCATEX S.A. INDUSTRIA E COMERCIO;2022;12.7932921204;6.99116896685;45.3528544407;1.51662875349;15.4055508401;22762000;2.49885790175;5.99696564537;2510647000;3683261000;257503000;2012797000
005770;56.643.018/0001-66;EUCATEX S.A. INDUSTRIA E COMERCIO;2023;17.5394839657;10.2769072745;41.4070146273;1.77711439305;13.0912695241;33237000;6.64924220729;11.5428692129;2677586000;4108415000;422218000;2407243000
005770;56.643.018/0001-66;EUCATEX S.A. INDUSTRIA E COMERCIO;2024;7.70217334646;4.33334821561;43.7386303749;1.71477378975;13.0633642766;246225000;6.73080155035;11.2154443989;2857809000;4569192000;197999000;2570690000
005770;56.643.018/0001-66;EUCATEX S.A. INDUSTRIA E COMERCIO;2025;11.5301049357;6.40156127029;44.479592285;2.32160764522;16.933483493;529114000;8.62349443227;9.09278927215;3104252000;4984659000;319096000;2767503000
007510;56.720.428/0001-63;ROMI S.A.;2020;21.4464070004;10.0016144656;53.3646150358;1.82122218606;10.981657504;195418000;;;973150000;1746708000;174699000;814584000
007510;56.720.428/0001-63;ROMI S.A.;2021;21.1560881735;10.4449174222;50.6292593578;2.02078614535;15.2907952951;99911000;42.1670862662;11.8973520474;1383499000;1954520000;204148000;964961000
007510;56.720.428/0001-63;ROMI S.A.;2022;19.7276241147;9.62594429321;51.2057598155;2.32322651113;17.0280512114;131999000;15.0923853216;14.8585330414;1592302000;2244933000;216096000;1095398000
007510;56.720.428/0001-63;ROMI S.A.;2023;14.0511361745;7.21226866114;48.6712777416;2.22973392394;14.1101994953;282418000;-22.9262413788;1.65301147072;1227247000;2282042000;164587000;1171343000
007510;56.720.428/0001-63;ROMI S.A.;2024;9.35417281998;4.51437059981;51.7394997218;2.07066777553;9.23106431008;262220000;-0.589612360022;11.5940460342;1220011000;2546623000;114964000;1229013000
007510;56.720.428/0001-63;ROMI S.A.;2025;6.89978772964;3.12316400399;54.7353610522;2.3490139896;7.04169405267;376534000;8.74590475004;8.34194931876;1326712000;2759061000;86170000;1248879000
001694;56.992.423/0001-90;BICICLETAS MONARK S.A.;2020;1.82824379384;1.60843295578;12.0230594409;31.6660287081;6.38366223038;153406000;;;21790000;216484000;3482000;190456000
001694;56.992.423/0001-90;BICICLETAS MONARK S.A.;2021;4.19703181243;3.72957459612;11.1378049345;26.7818903892;17.5880251743;146350000;-19.0592014686;-0.209715267641;17637000;216030000;8057000;191969000
001694;56.992.423/0001-90;BICICLETAS MONARK S.A.;2022;12.9020049251;11.239086966;12.8888337023;15.3834779814;56.5163381042;172341000;4.97817089074;8.11044762302;18515000;233551000;26249000;203449000
001694;56.992.423/0001-90;BICICLETAS MONARK S.A.;2023;8.63700647061;7.43627273144;13.9021979809;19.6469887348;18.1206788184;168964000;-14.0696732379;2.68035675291;15910000;239811000;17833000;206472000
001694;56.992.423/0001-90;BICICLETAS MONARK S.A.;2024;7.44190650598;6.47991725565;12.9266505775;21.2112893642;16.1776420605;164596000;-5.31741043369;-3.24046853564;15064000;232040000;15036000;202045000
001694;56.992.423/0001-90;BICICLETAS MONARK S.A.;2025;31.034935852;25.658317835;17.324405124;8.96885969311;-168.987167104;161881000;-3.78385554965;-0.822272022065;14494000;230132000;59048000;190263000
020125;58.119.199/0001-51;ODONTOPREV S.A.;2020;29.8131503375;18.7252381381;37.1913470193;1.81496980962;29.1651230529;34847000;;;1765338000;1921049000;359721000;1206585000
020125;58.119.199/0001-51;ODONTOPREV S.A.;2021;34.0102867427;19.7193047412;42.0195869257;0.984271607108;27.5696171478;16422000;4.36720899907;0.665886190305;1842434000;1933841000;381340000;1121249000
020125;58.119.199/0001-51;BRADSAÚDE S.A.;2022;38.0728930307;22.3462301465;41.3067188553;0.695130583082;30.1505659628;15837000;3.25591038811;4.44772863953;1902422000;2019853000;451361000;1185518000
020125;58.119.199/0001-51;BRADSAÚDE S.A.;2023;36.8667280644;23.6412376679;35.8737840075;0.797700869308;30.4932771408;14391000;11.3668260775;7.13517270811;2118667000;2163973000;511590000;1387674000
020125;58.119.199/0001-51;BRADSAÚDE S.A.;2024;43.8950101487;25.406007062;42.1209677913;0.6409355685;30.1260481362;16531000;7.67109696805;-1.93643820879;2281192000;2122069000;539133000;1228233000
020125;58.119.199/0001-51;BRADSAÚDE S.A.;2025;45.4310568035;29.8914585643;34.2047914632;0.796947751967;31.9414964058;19948000;6.09185899302;-8.16316528822;2420159000;1948841000;582537000;1282244000
024627;58.430.828/0001-60;BLAU FARMACÊUTICA S.A.;2020;114.903114171;19.9846773401;82.6073666634;2.20019569633;32.9269489695;70197000;;;1181804000;1272625000;254330000;221343000
024627;58.430.828/0001-60;BLAU FARMACÊUTICA S.A.;2021;19.8095890537;13.9114029914;29.7743988846;4.94590182096;33.4178615888;51864000;15.6204412914;82.9326785188;1366407000;2328047000;323864000;1634885000
024627;58.430.828/0001-60;BLAU FARMACÊUTICA S.A.;2022;19.8297627967;14.4251731059;27.2549386806;4.52115932344;32.1406715004;14114000;2.9641241592;7.34525548668;1406909000;2499048000;360492000;1817934000
024627;58.430.828/0001-60;BLAU FARMACÊUTICA S.A.;2023;12.4040157394;8.10508369335;34.6575829663;4.62562885874;24.0008072078;31495000;-2.43626275758;22.1876490568;1372633000;3053528000;247491000;1995249000
024627;58.430.828/0001-60;BLAU FARMACÊUTICA S.A.;2024;9.92832911138;6.25855687835;36.9626368331;3.11586007413;18.7415354519;33317000;27.8110026497;11.7307259013;1754376000;3411729000;213525000;2150664000
024627;58.430.828/0001-60;BLAU FARMACÊUTICA S.A.;2025;13.1563361413;8.16425847731;37.9442848705;2.4689165695;20.8172431334;45601000;-2.96367483367;6.54500987622;1702382000;3635027000;296773000;2255742000
014346;59.105.999/0001-86;WHIRLPOOL S.A.;2020;37.0078258394;10.052049085;72.8380447729;1.15690535414;10.5683269028;1906997000;;;9258703000;7100413000;713737000;1928611000
014346;59.105.999/0001-86;WHIRLPOOL S.A.;2021;46.5261639479;10.7130581661;76.9741211028;1.06550921728;9.63915819983;1676929000;22.9143866047;29.0715061222;11380278000;9164610000;981810000;2110232000
014346;59.105.999/0001-86;WHIRLPOOL S.A.;2022;19.1943257235;4.96387257367;74.1388541324;1.04103672723;6.98937382694;1518512000;-5.11524410915;-7.96263016102;10798149000;8434866000;418696000;2181353000
014346;59.105.999/0001-86;WHIRLPOOL S.A.;2023;12.9855314242;2.81631998815;78.3118619012;1.00943562869;9.37230261731;2126109000;6.38849306488;6.95053128289;11487988000;9021134000;254064000;1956516000
014346;59.105.999/0001-86;WHIRLPOOL S.A.;2024;33.7862486511;8.61721897814;74.4948926792;1.05317785787;8.01424689703;3376540000;12.5667784472;17.1619665554;12931658000;10569338000;910783000;2695721000
014346;59.105.999/0001-86;WHIRLPOOL S.A.;2025;24.581719669;4.33411564269;82.3685417414;0.922232667256;9.28317638024;2632627000;-2.85993489775;-1.59430988015;12561821000;10400830000;450784000;1833818000
021199;59.285.411/0001-13;BCO PAN S.A.;2020;2.20362488985;1.61431362299;0.0238295867284;1.1187776698;9.71545445184;4854000;;;9118997000;38863452000;627378000;28470272000
021199;59.285.411/0001-13;BCO PAN S.A.;2021;2.02546208161;1.51117615511;0.113563181773;51.7574127934;12.3774478536;3943000;-9.31187936568;23.8688781429;8269847000;48139722000;727476000;35916545000
021199;59.285.411/0001-13;BCO PAN S.A.;2022;1.56874440799;1.20137297611;0.176527041332;0.0707055277201;6.80865466968;6943000;42.8660167473;15.552401819;11814801000;55626605000;668283000;42599865000
021199;59.285.411/0001-13;BCO PAN S.A.;2023;1.32063387194;1.03310792089;0.124224175109;0.0874270855296;4.31308297109;6220000;29.5663464835;2.95695917448;15308006000;57271461000;591676000;44802425000
021199;59.285.411/0001-13;BCO PAN S.A.;2024;1.01594195055;0.818988830688;0.000894605474722;9.96360485269;2.61899507718;5749000;-14.5379417803;12.6175303962;13082537000;64497705000;528229000;51994014000
025208;59.418.806/0001-47;TRACK & FIELD CO S.A.;2020;12.8103272136;7.23869680478;43.4932716074;2.81285022414;15.1372886428;89077000;;;267320000;356846000;25831000;201642000
025208;59.418.806/0001-47;TRACK & FIELD CO S.A.;2021;28.8069393257;16.2446884226;43.6084193504;2.86642196103;20.7937559826;66771000;62.5736944486;33.0842996699;434592000;474906000;77147000;267807000
025208;59.418.806/0001-47;TRACK & FIELD CO S.A.;2022;29.3791574279;16.6350785277;43.3779591245;2.5703153164;22.0677233683;60489000;30.5652197924;22.0997418436;567426000;579859000;96460000;328328000
025208;59.418.806/0001-47;TRACK & FIELD CO S.A.;2023;27.6597853653;16.7731512296;39.3590694647;2.82857126781;21.751671079;54477000;20.4897202455;17.6323899431;683690000;682102000;114410000;413633000
025208;59.418.806/0001-47;TRACK & FIELD CO S.A.;2024;24.9049827732;14.2702195679;42.7013473653;2.67636272908;19.7420166178;23410000;21.6573300765;20.9739892274;831759000;825166000;117753000;472809000
025208;59.418.806/0001-47;TRACK & FIELD CO S.A.;2025;25.1712062257;14.6086146051;41.9629934531;2.71688284752;20.3011527818;35255000;25.8191375146;18.0618202883;1046512000;974206000;142318000;565400000
026034;59.717.553/0001-02;GRUPO MULTI S.A.;2020;29.1526224447;9.47871565368;67.4858902603;1.71253832534;17.0562955703;452453000;;;3077116000;4687365000;444302000;1524055000
026034;59.717.553/0001-02;GRUPO MULTI S.A.;2021;19.3259473572;11.5985943021;39.9843428746;2.78573577357;16.0621806558;1359722000;57.5063143541;42.4976932669;4846652000;6679387000;774715000;4008678000
026034;59.717.553/0001-02;GRUPO MULTILASER S.A.;2022;2.21944881233;1.30804716455;41.0643238412;2.50640316263;4.22768140753;663125000;-9.54900413729;2.9729674295;4383845000;6877963000;89967000;4053574000
026034;59.717.553/0001-02;GRUPO MULTILASER S.A.;2023;-25.992235074;-15.3201205268;41.0588566807;3.29474060235;-20.7595198622;1045987000;-20.1824197708;-20.6445571167;3499079000;5458038000;-836178000;3217030000
026034;59.717.553/0001-02;GRUPO MULTILASER S.A.;2024;-11.108621265;-6.05106711624;45.5281895756;2.30767757727;-0.605164884264;744553000;-3.16028875027;-2.7361114012;3388498000;5308700000;-321233000;2891745000
026034;59.717.553/0001-02;GRUPO MULTILASER S.A.;2025;4.1069735568;2.32034323849;43.5023574805;1.92286925569;2.71392607401;656538000;15.7964974452;-1.03999095824;3923762000;5253490000;121899000;2968098000
013447;59.789.545/0001-71;POLPAR S.A.;2020;-0.18146393643;-0.128366235626;29.2607456051;;;23000;;;0;74007000;-95000;52352000
013447;59.789.545/0001-71;POLPAR S.A.;2021;-0.0373183064953;-0.026354280594;29.3797520062;2474;;0;;2.54300268893;0;75889000;-20000;53593000
013447;59.789.545/0001-71;POLPAR S.A.;2022;8.73111718469;6.27875796081;28.0875765609;6.59679037111;;5000;;-13.5131573746;0;65634000;4121000;47199000
013447;59.789.545/0001-71;POLPAR S.A.;2023;2.78638345237;1.99773891069;28.303517989;10.5771513353;;5000;;14.5519090715;0;75185000;1502000;53905000
013447;59.789.545/0001-71;POLPAR S.A.;2024;3.85868114265;2.69430566948;30.1754778416;5.45404208195;;0;;7.02400744829;0;80466000;2168000;56185000
013447;59.789.545/0001-71;POLPAR S.A.;2025;8.23635298058;5.69019868699;30.9136130954;2.10203160271;;34000;;-14.0581115005;0;69154000;3935000;47776000
025801;59.981.829/0001-65;RODOBENS SA;2020;28.5750540714;4.44321456464;84.4507221105;0.821340446274;7.43531396742;325038000;;;3669919000;5093542000;226317000;792009000
025801;59.981.829/0001-65;RODOBENS SA;2021;65.2399377055;7.56861510068;88.3988008467;1.05500456936;11.9207057239;248014000;46.2731193795;22.2474851488;5368105000;6226727000;471277000;722375000
025801;59.981.829/0001-65;RODOBENS SA;2022;53.8574449612;7.1572156708;86.7108146776;0.83337337901;9.55097075931;378081000;16.5129407864;12.4636907961;6254537000;7002807000;501206000;930616000
025801;59.981.829/0001-65;RODOBENS SA;2023;49.5955897068;7.00588315847;85.8739795214;1.09677973658;8.32993370321;275056000;-10.2122667113;3.54957661978;5615807000;7251377000;508023000;1024331000
025801;59.981.829/0001-65;RODOBENS SA;2024;27.9673012243;4.57715097358;83.6339197091;0.912188533545;6.59482452064;500277000;-3.35561745623;0.964285817714;5427362000;7321301000;335107000;1198210000
025801;59.981.829/0001-65;RODOBENS SA;2025;29.3064810229;4.9709697571;83.0379848293;0.949591033249;6.56807047885;403124000;4.0233174054;2.58816021906;5645722000;7510788000;373359000;1273981000
009393;60.398.369/0004-79;PARANAPANEMA S.A. - EM RECUPERAÇÃO JUDICIAL;2020;433.860718062;-21.3706627008;104.925696614;0.467269498968;-5.35321746446;138761000;;;4293474000;4031714000;-861604000;-198590000
009393;60.398.369/0004-79;PARANAPANEMA S.A. - EM RECUPERAÇÃO JUDICIAL;2021;83.9709819229;-26.124851946;131.111761882;0.963763971328;-6.95261170716;40115000;9.81694543859;-23.9418272229;4714962000;3066448000;-801105000;-954026000
009393;60.398.369/0004-79;PARANAPANEMA S.A. - EM RECUPERAÇÃO JUDICIAL;2022;95.8658643666;-135.828626916;241.686123433;0.164004914712;-70.4733233432;2500000;-57.4548851083;-35.1498215525;2005986000;1988597000;-2701084000;-2817566000
009393;60.398.369/0004-79;PARANAPANEMA S.A. - EM RECUPERAÇÃO JUDICIAL;2023;32.9094520908;-77.8998765312;336.70973408;0.100399090379;-77.8439999178;85000;-51.5041480848;-10.275586255;972820000;1784257000;-1389934000;-4223510000
009393;60.398.369/0004-79;PARANAPANEMA S.A. - EM RECUPERAÇÃO JUDICIAL;2024;34.0226279804;-131.436750738;486.321570498;0.0635544000091;-95.5281936659;8524000;-52.7223946876;-8.80786792486;459926000;1627102000;-2138610000;-6285846000
009393;60.398.369/0004-79;PARANAPANEMA S.A. - EM RECUPERAÇÃO JUDICIAL;2025;17.6494541552;-110.299197622;724.943959469;0.0270776342921;-106.563958502;2166000;22.2881507025;-25.8090765053;562435000;1207162000;-1331490000;-7544086000
008036;60.444.437/0001-46;LIGHT SERVICOS DE ELETRICIDADE S.A.;2020;4.87531536345;1.28738315514;73.5938486198;1.14533096514;6.7634023817;456015000;;;11764700000;21349355000;274848000;5637543000
008036;60.444.437/0001-46;LIGHT SERVICOS DE ELETRICIDADE S.A.;2021;3.39938536242;0.996059231402;70.698843314;1.22120295927;4.51681336797;395434000;15.818048909;14.5664025916;13625646000;24459188000;243628000;7166825000
008036;60.444.437/0001-46;LIGHT SERVICOS DE ELETRICIDADE S.A.;2022;-485.882972103;-28.712730766;94.0906077359;0.547313542721;-19.9888620165;40519000;-10.6233421887;-17.1804476911;12178147000;20256990000;-5816335000;1197065000
008036;60.444.437/0001-46;LIGHT SERVICOS DE ELETRICIDADE S.A.;2023;-16.6206792465;-0.87470168474;94.7372687255;0.24548756491;7.58939978305;289403000;7.65862819688;-3.04435160406;13110826000;19640296000;-171794000;1033616000
008036;60.444.437/0001-46;LIGHT SERVICOS DE ELETRICIDADE S.A.;2024;29.3167592687;7.61792295019;74.0151260227;1.23782954093;5.30394905129;104601000;3.18158444022;5.00890617942;13527958000;20624060000;1571125000;5359136000
008036;60.444.437/0001-46;LIGHT SERVICOS DE ELETRICIDADE S.A.;2025;1.73074521036;0.448509656424;74.0857490901;0.69103882389;8.01261961349;71721000;-0.134491842745;2.31143625455;13509764000;21100772000;94639000;5468107000
008575;60.476.884/0001-87;MAHLE-METAL LEVE S.A.;2020;9.1072417244;4.3702618517;52.0133319841;1.55285414757;8.0581358857;607835000;;;2402578000;2796583000;122218000;1341987000
008575;60.476.884/0001-87;MAHLE METAL LEVE S.A.;2021;33.1201196163;19.2659739412;41.8299989119;1.89691408124;19.9889850781;361089000;50.4673729635;5.16548230466;3615096000;2941040000;566620000;1710803000
008575;60.476.884/0001-87;MAHLE METAL LEVE S.A.;2022;35.5978799271;17.9515573541;49.571273933;1.84775200721;17.0682736628;427406000;16.8441999881;6.5151443027;4224030000;3132653000;562360000;1579757000
008575;60.476.884/0001-87;MAHLE METAL LEVE S.A.;2023;81.9287008693;26.6975374207;67.4136936905;1.57939301136;18.8088480176;200328000;2.71766535749;-10.5893630734;4338825000;2800925000;747778000;912718000
008575;60.476.884/0001-87;MAHLE METAL LEVE S.A.;2024;70.2317813332;15.0614880985;78.55459763;1.37987798086;19.0928876388;291793000;5.05102187804;28.2896543106;4557980000;3593297000;541204000;770597000
008575;60.476.884/0001-87;MAHLE METAL LEVE S.A.;2025;70.4749181226;16.0470734117;77.2300928625;1.26554702606;16.9463822729;635305000;18.6201343578;5.57334948934;5406682000;3793564000;608756000;863791000
010472;60.500.139/0001-26;SARAIVA LIVREIROS S.A. - EM RECUPERAÇÃO JUDICIAL;2020;76.9791550102;-125.941421338;263.604577527;0.680840219033;-155.250583579;28603000;;;246325000;333193000;-419628000;-545119000
010472;60.500.139/0001-26;SARAIVA LIVREIROS S.A. - EM RECUPERAÇÃO JUDICIAL;2021;-9.25980117053;18.7302102126;302.274431899;0.496390126316;9.75889652689;8022000;-63.9163706485;-25.9723343528;88883000;246655000;46199000;-498920000
010472;60.500.139/0001-26;SARAIVA LIVREIROS S.A. - EM RECUPERAÇÃO JUDICIAL;2022;-33.296137265;107.593725024;423.141763164;0.210206371332;218.715206394;1904000;-2.58879650777;-56.3755042468;86582000;107602000;115773000;-347707000
024953;60.537.263/0001-66;ALLPARK EMPREENDIMENTOS, PARTICIPAÇÕES E SERVIÇOS S.A.;2020;-24.8430108153;-6.32785894505;74.5286149408;0.250465506838;1.26138612337;42109000;;;649365000;2697105000;-170669000;686990000
024953;60.537.263/0001-66;ALLPARK EMPREENDIMENTOS, PARTICIPAÇÕES E SERVIÇOS S.A.;2021;-39.884351926;-8.70489410994;78.1746632712;0.40076536963;-3.87972179737;96400000;28.5765324586;-4.51917889737;834931000;2575218000;-224170000;562050000
024953;60.537.263/0001-66;ALLPARK EMPREENDIMENTOS, PARTICIPAÇÕES E SERVIÇOS S.A.;2022;-37.0312268828;-6.14998560846;83.392433559;0.302206682719;6.81390778995;137413000;33.2995181638;-0.435380616321;1112959000;2564006000;-157686000;425819000
024953;60.537.263/0001-66;ALLPARK EMPREENDIMENTOS, PARTICIPAÇÕES E SERVIÇOS S.A.;2023;-18.1897850784;-2.70685923219;85.1187948592;0.494942409815;12.683019978;189524000;21.8680113104;-1.90771784465;1356341000;2515092000;-68080000;374276000
024953;60.537.263/0001-66;ALLPARK EMPREENDIMENTOS, PARTICIPAÇÕES E SERVIÇOS S.A.;2024;-2.40241150424;-0.347743753654;85.5252210939;0.68746934061;13.3142311245;217996000;16.8443628851;-0.309571180696;1584808000;2507306000;-8719000;362927000
024953;60.537.263/0001-66;ALLPARK EMPREENDIMENTOS, PARTICIPAÇÕES E SERVIÇOS S.A.;2025;3.82206363237;0.557098660529;85.4241395719;0.682768579913;13.9324827458;245313000;18.1586665388;0.915165520284;1872588000;2530252000;14096000;368806000
008672;60.543.816/0001-93;IGUATEMI S.A.;2020;5.54754956972;2.51046824482;54.7463575897;2.33115840797;49.4008843385;28613000;;;676664000;7013831000;176080000;3174014000
008672;60.543.816/0001-93;IGUATEMI S.A.;2021;10.0625368039;4.69570329009;53.3347963678;4.63573028263;39.7853773145;38930000;26.8079874206;5.11807313293;858064000;7372804000;346205000;3440534000
008672;60.543.816/0001-93;IGUATEMI S.A.;2022;0.312122050165;0.159303948231;48.9610079948;1.27470125447;48.6814956791;52164000;18.4458268847;9.15978506956;1016341000;8048137000;12821000;4107688000
008672;60.543.816/0001-93;IGUATEMI S.A.;2023;7.39515664564;3.96492206622;46.3848805886;2.15884366908;53.7634715248;59473000;13.8557826556;-3.18655112357;1157163000;7791679000;308934000;4177518000
008672;60.543.816/0001-93;IGUATEMI S.A.;2024;9.27782237669;4.70228039597;49.3169818838;2.76429974115;58.3060553486;49040000;6.84276977401;9.14045611992;1236345000;8503874000;399876000;4310020000
008672;60.543.816/0001-93;IGUATEMI S.A.;2025;12.5234959577;6.13425086245;51.0180633016;2.49380266452;75.5181651201;36013000;20.2603642187;11.6797003342;1486833000;9497101000;582576000;4651864000
012319;60.637.238/0001-54;BLUE TECH SOLUTIONS EQI S.A.;2020;-10.5929086362;-3.3993442623;67.9092459016;0.000535682399857;;1000;;;0;190625000;-6480000;61173000
012319;60.637.238/0001-54;BLUE TECH SOLUTIONS EQI S.A.;2021;-8.2412628825;-2.45435592899;70.2186914313;0.0019091145758;;0;;-0.355147540984;0;189948000;-4662000;56569000
009067;60.651.809/0001-05;SUZANO HOLDING S.A.;2020;-145.211498719;-10.5355077365;92.7447152399;2.20214394201;27.7052477271;6884478000;;;30465380000;101862618000;-10731744000;7390423000
009067;60.651.809/0001-05;SUZANO HOLDING S.A.;2021;56.6916218145;7.25385238488;87.2047188761;2.95306984304;44.3672248363;13598149000;34.4890823617;16.8578310053;40972610000;119034446000;8634583000;15230792000
009067;60.651.809/0001-05;SUZANO HOLDING S.A.;2022;70.3744691922;17.5514963573;75.0598525875;2.56591420993;44.5781057031;9573947000;21.6314972368;11.9664966559;49835599000;133278699000;23392406000;33239904000
009067;60.651.809/0001-05;SUZANO HOLDING S.A.;2023;31.3598107892;9.79328651808;68.7712193677;2.60973083907;30.7153826948;8392148000;-20.2167932204;7.78543313962;39760439000;143655023000;14068548000;44861712000
009067;60.651.809/0001-05;SUZANO HOLDING S.A.;2024;-21.8360569489;-4.26969774125;80.4465716899;1.7227543535;33.0895375629;9067796000;19.2275291528;15.6289000768;47405389000;166106723000;-7092255000;32479559000
009067;60.651.809/0001-05;SUZANO HOLDING S.A.;2025;31.52206487;8.00319947672;74.6108019582;3.18683502627;21.2444042109;15206854000;5.71847854682;1.12773641317;50116256000;167979969000;13443772000;42648767000
003654;60.730.348/0001-66;CIA MELHORAMENTOS DE SAO PAULO;2020;-6.62601684962;-3.93901190669;40.5523409299;1.75872456266;-65.2515066531;34494000;;;100554000;1392075000;-54834000;827556000
003654;60.730.348/0001-66;CIA MELHORAMENTOS DE SAO PAULO;2021;-3.94813376515;-2.24234854509;43.2048487089;1.80046538685;-20.9687040479;67512000;43.3776876106;4.15767828601;144172000;1449953000;-32513000;823503000
003654;60.730.348/0001-66;CIA MELHORAMENTOS DE SAO PAULO;2022;0.183073897924;0.106620934372;41.7607121601;1.42505759297;2.04711244688;22208000;39.3932247593;-2.19627808626;200966000;1418108000;1512000;825896000
003654;60.730.348/0001-66;CIA MELHORAMENTOS DE SAO PAULO;2023;0.939462057205;0.556090453992;40.8075664443;1.65926735615;20.0233720409;44756000;-12.2841674711;-0.100979615093;176279000;1416676000;7878000;838565000
003654;60.730.348/0001-66;CIA MELHORAMENTOS DE SAO PAULO;2024;0.391218838038;0.232588679701;40.5476789237;1.2760063527;21.2295092017;46686000;-7.46373646322;0.51507895948;163122000;1423973000;3312000;846585000
003654;60.730.348/0001-66;CIA MELHORAMENTOS DE SAO PAULO;2025;-4.02754822294;-2.28321596785;43.3100278019;1.10277485252;-7.40692638248;28045000;8.5635291377;0.583227350519;177091000;1432278000;-32702000;811958000
000906;60.746.948/0001-12;BCO BRADESCO S.A.;2020;5.15186151228;0.999216223457;68.8590088956;5.75486276855;4.14033481576;0;;;98429117000;1.60465379e+12;16033961000;311226553000
000906;60.746.948/0001-12;BCO BRADESCO S.A.;2021;7.36856738388;1.39539221871;69.8321290415;5.00419928578;26.1889895215;21284330000;27.4454499069;4.41954541484;125443431000;1.675572193e+12;23380804000;317304610000
000906;60.746.948/0001-12;BCO BRADESCO S.A.;2022;6.17552455891;1.17898484075;69.6274587073;8.85849612827;11.7573522725;20548372000;64.1483116003;7.40305207488;205913274000;1.799615675e+12;21217196000;343569130000
000906;60.746.948/0001-12;BCO BRADESCO S.A.;2023;3.91324641913;0.75240415427;69.4582193857;12.0182689474;4.54800471107;17332144000;9.00598520909;7.10749388199;224457793000;1.927523249e+12;14502765000;370606996000
000906;60.746.948/0001-12;BCO BRADESCO S.A.;2024;4.35771735137;0.847649275651;69.5296188903;12.8088654423;7.92633661267;19528290000;-5.00675732831;7.36607436894;213219736000;2.069506045e+12;17542153000;402553713000
000906;60.746.948/0001-12;BCO BRADESCO S.A.;2025;5.39619929966;1.02666423135;70.591304805;10.5930226791;7.78160570854;15351748000;26.71580552;12.6030639838;270183106000;2.330327216e+12;23924636000;443360867000
001384;60.770.336/0001-65;BCO ALFA DE INVESTIMENTO S.A.;2020;257.825399009;0.455616796823;89.5035992542;99.8161988429;13.7484136498;32353000;;;739118000;16451325000;74955000;29072000
001384;60.770.336/0001-65;BCO ALFA DE INVESTIMENTO S.A.;2021;0;0;92.5380990241;23.896491151;8.52599470446;71345000;77.4643561651;46.3086468719;1311671000;24069711000;0;18103000
001384;60.770.336/0001-65;BCO ALFA DE INVESTIMENTO S.A.;2022;0;0;92.67641693;18.2740460773;6.00473485042;38834000;123.747723324;11.1396975227;2934834000;26751004000;0;23941000
001384;60.770.336/0001-65;BCO ALFA DE INVESTIMENTO S.A.;2023;3.7723048767;0.0259255386579;92.0680682553;4.00332058997;-0.935534047967;42857000;10.9505682434;3.42676858035;3256215000;27667699000;7173000;190149000
021881;60.840.055/0001-31;FLEURY S.A.;2020;14.6763571979;4.65187977139;68.3035803187;1.69422250176;16.1080368392;28184000;;;2971616000;5523810000;256961000;1750850000
021881;60.840.055/0001-31;FLEURY S.A.;2021;18.9535843683;5.78703177763;69.4673489447;1.44378866394;17.2300834751;33722000;30.3213806898;9.9561715555;3872651000;6073770000;351491000;1854483000
021881;60.840.055/0001-31;FLEURY S.A.;2022;11.4298883597;3.96227044689;65.3341281891;1.93771670036;16.4679456155;17256000;15.2450866345;28.2855623443;4463040000;7791770000;308731000;2701085000
021881;60.840.055/0001-31;FLEURY S.A.;2023;8.23355970472;3.63406012866;55.8628313999;1.66223689196;14.1547864655;21920000;44.9874973112;48.6179391845;6470850000;11579968000;420823000;5111070000
021881;60.840.055/0001-31;FLEURY S.A.;2024;11.2311252205;4.62130648173;58.852684918;2.51076506774;15.5858574857;21788000;18.7581075129;12.8017797631;7684659000;13062410000;603654000;5374831000
021881;60.840.055/0001-31;FLEURY S.A.;2025;11.7079988729;4.5132321585;61.4517202513;1.96887579709;14.7282739662;21772000;7.89264689559;1.21012125634;8291182000;13220481000;596671000;5096268000
001520;60.851.615/0001-53;BARDELLA S.A. INDUSTRIAS MECANICAS EM RECUPERAÇÃO JUDICIAL;2020;40.1207514787;-9.87997017367;124.625586036;0.523222496035;-295.307745165;2107000;;;20374000;662502000;-65455000;-163145000
001520;60.851.615/0001-53;BARDELLA S.A. INDUSTRIAS MECANICAS EM RECUPERAÇÃO JUDICIAL;2021;9.8993792693;-2.679117976;127.06349462;0.733481974351;-128.493913372;1144000;4.02473741043;-1.61252343389;21194000;651819000;-17463000;-176405000
001520;60.851.615/0001-53;BARDELLA S.A. INDUSTRIAS MECANICAS EM RECUPERAÇÃO JUDICIAL;2022;-59.3325204354;9.92835983314;116.733419987;1.05866853785;-84.2252176149;8790000;28.4656034727;1.50670661641;27227000;661640000;65690000;-110715000
001520;60.851.615/0001-53;BARDELLA S.A. INDUSTRIAS MECANICAS EM RECUPERAÇÃO JUDICIAL;2023;42.6807486216;-14.4329247156;133.816006471;0.861826159091;-286.566874782;26941000;-5.28886766812;-13.6699715858;25787000;571194000;-82440000;-193155000
001520;60.851.615/0001-53;BARDELLA S.A. INDUSTRIAS MECANICAS EM RECUPERAÇÃO JUDICIAL;2024;13.8079013294;-5.67271406373;141.083101106;0.484237204277;-50.3354893308;17626000;28.3049598635;-4.57130151927;33086000;545083000;-30921000;-223937000
001520;60.851.615/0001-53;BARDELLA S.A. INDUSTRIAS MECANICAS EM RECUPERAÇÃO JUDICIAL;2025;8.48093506069;-5.27251847109;162.169070195;0.441524806272;-58.585039108;7809000;45.2940820891;-27.7930150087;48072000;393588000;-20752000;-244690000
019348;60.872.504/0001-23;ITAU UNIBANCO HOLDING S.A.;2020;1.00719357118;0.746019192265;3.94468047806;;3.00995067825;41000000;;;173757000000;2.019251e+12;15064000000;1.495641e+12
019348;60.872.504/0001-23;ITAU UNIBANCO HOLDING S.A.;2021;1.82756242809;1.37173389213;3.06779508662;;21.5817742323;23000000;12.6164701278;2.47393711827;195679000000;2.069206e+12;28384000000;1.553107e+12
019348;60.872.504/0001-23;ITAU UNIBANCO HOLDING S.A.;2022;1.75089917505;1.32290913473;3.33591571119;;13.2451336053;717000000;44.8147220703;12.2865485602;283372000000;2.32344e+12;30737000000;1.755498e+12
019348;60.872.504/0001-23;ITAU UNIBANCO HOLDING S.A.;2023;1.74249882469;1.33211434863;2.09708623334;0.600045001969;12.6747568011;2365000000;10.533503663;9.45408532176;313221000000;2.5431e+12;33877000000;1.944162e+12
019348;60.872.504/0001-23;ITAU UNIBANCO HOLDING S.A.;2024;1.9605580107;1.47585808248;3.02244721008;0.418742393509;14.1819352992;4980000000;7.05795588418;12.243914907;335328000000;2.854475e+12;42128000000;2.148776e+12
019348;60.872.504/0001-23;ITAU UNIBANCO HOLDING S.A.;2025;1.95027353342;1.49531875118;2.32951934482;0.520027440604;12.9805382338;1340000000;15.4445796355;7.41621489065;387118000000;3.066169e+12;45849000000;2.350901e+12
009083;60.884.319/0001-59;NORDON INDUSTRIAS METALURGICAS S.A.;2020;0.483664706765;-3.93033381713;912.615384615;0.0241049421398;121.217712177;26000;;;1626000;17225000;-677000;-139973000
009083;60.884.319/0001-59;NORDON INDUSTRIAS METALURGICAS S.A.;2021;5.20074228592;-43.4799841459;936.034199649;0.0307763362304;-38.8413098237;5000;22.0787207872;2.53120464441;1985000;17661000;-7679000;-147652000
009083;60.884.319/0001-59;NORDON INDUSTRIAS METALURGICAS S.A.;2022;5.05854590114;-43.3180992236;956.335003579;0.00703312394707;290.999379268;32000;-18.8413098237;2.83109676689;1611000;18161000;-7867000;-155519000
009083;60.884.319/0001-59;NORDON INDUSTRIAS METALURGICAS S.A.;2023;4.32190668373;-36.3405928302;940.846309037;0.0103113663305;1.59744408946;26000;55.4314090627;6.44237652112;2504000;19331000;-7025000;-162544000
009083;60.884.319/0001-59;NORDON INDUSTRIAS METALURGICAS S.A.;2024;-32.3421890393;201.639593909;723.456852792;0.0156907252496;1382.47341473;19000;1.39776357827;1.90885106823;2539000;19700000;39723000;-122821000
009083;60.884.319/0001-59;NORDON INDUSTRIAS METALURGICAS S.A.;2025;6.64699841893;-64.6788263283;1073.05313243;0.00405494911089;-184.797666788;11000;8.03465931469;-3.9847715736;2743000;18915000;-12234000;-184053000
014320;60.894.730/0001-05;USINAS SID DE MINAS GERAIS S.A.-USIMINAS;2020;7.67151656029;4.31269061036;43.7830763127;2.64106791144;18.2027320648;3261288000;;;16088052000;29952137000;1291743000;16838170000
014320;60.894.730/0001-05;USINAS SID DE MINAS GERAIS S.A.-USIMINAS;2021;41.2995576945;25.4801271956;38.3041160294;3.15848148189;34.0589686731;6341017000;109.701982564;31.815532895;33736964000;39481569000;10059954000;24358503000
014320;60.894.730/0001-05;USINAS SID DE MINAS GERAIS S.A.-USIMINAS;2022;8.08447624842;5.23216350736;35.2813547027;3.77527775892;8.21182359008;2916047000;-3.75390624954;1.31423855014;32470510000;40000451000;2092889000;25887750000
014320;60.894.730/0001-05;USINAS SID DE MINAS GERAIS S.A.-USIMINAS;2023;6.1785415638;4.08440359087;33.8937263965;3.25179235632;2.89248836436;5323851000;-14.8816941896;0.403245453408;27638348000;40161751000;1640368000;26549437000
014320;60.894.730/0001-05;USINAS SID DE MINAS GERAIS S.A.-USIMINAS;2024;0.0125994577661;0.00843202675375;33.0762727231;3.64434450727;1.93111666619;5200342000;-6.39889547668;-0.721982963342;25869799000;39871790000;3362000;26683688000
014320;60.894.730/0001-05;USINAS SID DE MINAS GERAIS S.A.-USIMINAS;2025;-12.2779090383;-8.15483559567;33.5812346367;4.11946045041;-5.19309534734;5141617000;1.52166238323;-10.5012190323;26263450000;35684766000;-2910034000;23701381000
002577;60.933.603/0001-78;CESP - CIA ENERGETICA DE SAO PAULO;2020;23.9898820643;11.8800038263;50.4791070065;1.064976637;42.3902385085;1579000;;;1917248000;14551864000;1728762000;7206213000
002577;60.933.603/0001-78;CESP - CIA ENERGETICA DE SAO PAULO;2021;5.81292801457;3.05553087221;47.4355976101;0.938065591224;57.5540177066;202000;19.5887542978;-0.856811196146;2292813000;14427182000;440827000;7583562000
002577;60.933.603/0001-78;CESP - CIA ENERGETICA DE SAO PAULO;2022;0;0;37.6329507713;1.08708133303;43.1185273436;1116552000;-1.63380092489;12.7088990768;2255353000;16260718000;0;10141330000
002577;60.933.603/0001-78;CESP - CIA ENERGETICA DE SAO PAULO;2023;-5.64451075506;-3.31193989821;41.3245887566;3.08790351703;44.4496171666;1385029000;-38.3790918761;-16.5585369601;1389769000;13568181000;-449370000;7961186000
002577;60.933.603/0001-78;CESP - CIA ENERGETICA DE SAO PAULO;2024;13.5771382103;7.4371275011;45.2231583277;3.12100611349;133.964333361;1855465000;5.76498684314;6.81976456535;1469889000;14493499000;1077900000;7939081000
002577;60.933.603/0001-78;CESP - CIA ENERGETICA DE SAO PAULO;2025;7.02611015005;2.49160423107;64.5379281301;1.95772862713;55.9597229491;807182000;16.3458601296;-7.00919081031;1710155000;13477622000;335809000;4779444000
004723;61.022.042/0001-18;CONSTRUTORA ADOLPHO LINDENBERG S.A.;2020;58.8431253786;1.55816452549;97.3520024379;2.55609495207;12.7334465195;10168000;;;30039000;124698000;1943000;3302000
004723;61.022.042/0001-18;CONSTRUTORA ADOLPHO LINDENBERG S.A.;2021;81.5085689335;3.90086668513;95.2141636933;1.99246396388;18.8430612441;27281000;143.027397716;53.5060706667;73003000;191419000;7467000;9161000
004723;61.022.042/0001-18;CONSTRUTORA ADOLPHO LINDENBERG S.A.;2022;29.5970572069;3.08071472582;89.5911451457;1.64777247414;11.8115461181;26022000;104.365574018;18.7029500729;149193000;227220000;7000000;23651000
004723;61.022.042/0001-18;CONSTRUTORA ADOLPHO LINDENBERG S.A.;2023;31.1891717693;4.43322675511;85.7860067978;1.0386772225;18.1805834169;7435000;-35.8468560857;-3.92307015228;95712000;218306000;9678000;31030000
004723;61.022.042/0001-18;CONSTRUTORA ADOLPHO LINDENBERG S.A.;2024;21.4308820358;3.26262265614;84.7760691758;1.33172264276;24.8000638731;6868000;-21.4842443999;11.6180957005;75149000;243669000;7950000;37096000
004723;61.022.042/0001-18;CONSTRUTORA ADOLPHO LINDENBERG S.A.;2025;16.1795723728;5.68491079528;64.8636523619;3.77540567742;15.4326694273;159049000;386.518782685;231.149222921;365614000;806908000;45872000;283518000
008397;61.065.298/0001-02;MANGELS INDUSTRIAL S.A.;2020;7.72890455626;-7.78356757735;200.707254446;3.06285795367;14.3793050442;27302000;;;546452000;398018000;-30980000;-400833000
008397;61.065.298/0001-02;MANGELS INDUSTRIAL S.A.;2021;-59.438611016;25.2957209187;142.557725503;2.46077565047;22.3812073133;33480000;57.9231112705;48.3191714948;862974000;590337000;149330000;-251234000
008397;61.065.298/0001-02;MANGELS INDUSTRIAL S.A.;2022;3580.9550173;32.3482635833;99.096658198;2.26111326693;11.6135102135;13492000;17.8698315361;35.4832917469;1017186000;799808000;258724000;7225000
008397;61.065.298/0001-02;MANGELS INDUSTRIAL S.A.;2023;83.0860461711;4.58957743859;94.4761152443;1.81833117822;8.97064354851;34448000;-8.7805966657;-7.24861466752;927871000;741833000;34047000;40978000
008397;61.065.298/0001-02;MANGELS INDUSTRIAL S.A.;2024;-7518.08318264;-5.62179865104;99.9252229789;1.64007261221;6.67346667539;12596000;2.17347023455;-0.310177627579;948038000;739532000;-41575000;553000
008397;61.065.298/0001-02;MANGELS INDUSTRIAL S.A.;2025;102.241904235;6.65604958703;93.4899006069;0.456638579435;6.96534813578;30105000;12.1904396237;-2.44113844972;1063608000;721479000;48022000;46969000
016306;61.065.751/0001-80;ROSSI RESIDENCIAL S.A. - EM RECUPERAÇÃO JUDICIAL;2020;1.60999075465;-0.546157540355;133.923023395;0.333305428521;-499.550939482;24773000;;;76159000;1632496000;-8916000;-553792000
016306;61.065.751/0001-80;ROSSI RESIDENCIAL S.A. - EM RECUPERAÇÃO JUDICIAL;2021;26.0622803374;-14.9097698064;157.208232025;0.272944011438;-454.566110139;7510000;-21.9842697514;-22.4034852153;59416000;1266760000;-188871000;-724691000
016306;61.065.751/0001-80;ROSSI RESIDENCIAL S.A. - EM RECUPERAÇÃO JUDICIAL;2022;39.8790036293;-65.6147579917;264.534597207;0.260920104321;970.0211213;3143000;-162.951056954;-46.8173924027;-37403000;673696000;-442044000;-1108463000
016306;61.065.751/0001-80;ROSSI RESIDENCIAL S.A. - EM RECUPERAÇÃO JUDICIAL;2023;-29.8330912669;46.9515926854;257.380917269;0.387503086253;-3559.43329636;1842000;-126.513915996;-19.4770341519;9917000;542480000;254703000;-853760000
016306;61.065.751/0001-80;ROSSI RESIDENCIAL S.A. - EM RECUPERAÇÃO JUDICIAL;2024;-11.3465126528;18.7723629949;265.446102863;0.668721003948;45.5692051215;2175000;1375.86971866;-15.5605736617;146362000;458067000;85990000;-757854000
010456;61.079.117/0001-05;ALPARGATAS S.A.;2020;4.20353865032;2.63544986007;37.3040174171;2.09815817849;8.15286370508;693003000;;;3364278000;4814586000;126886000;3018552000
010456;61.079.117/0001-05;ALPARGATAS S.A.;2021;19.9746424432;8.62280066994;56.8312639664;0.751374927557;15.681915513;583176000;17.367262753;66.8214878704;3948561000;8031764000;692563000;3467211000
010456;61.079.117/0001-05;ALPARGATAS S.A.;2022;1.88429791668;1.27688336502;32.2355900457;2.52440522304;4.80895370631;647517000;5.90860822462;5.8258185873;4181866000;8499680000;108531000;5759758000
010456;61.079.117/0001-05;ALPARGATAS S.A.;2023;-50.1006179263;-29.5142909658;41.0899661772;3.24796697212;-53.2648161052;922525000;-10.7062254027;-25.5573268641;3734146000;6327389000;-1867484000;3727467000
010456;61.079.117/0001-05;ALPARGATAS S.A.;2024;2.66072635895;1.57019470812;40.9862384818;2.56307396381;1.24713051178;1488511000;10.0200956256;8.09711557168;4108311000;6839725000;107397000;4036379000
010456;61.079.117/0001-05;ALPARGATAS S.A.;2025;17.0868585839;9.31521310178;45.4831731881;1.60692390357;13.0287933468;555595000;11.113155747;-10.8625273677;4564874000;6096758000;567926000;3323759000
004448;61.080.313/0001-91;COBRASMA S.A.;2020;17.3234585864;-1706.90053997;9953.11640543;0.732156966026;-4512.5;0;;;272000;148713000;-2538383000;-14652865000
004448;61.080.313/0001-91;COBRASMA S.A.;2021;16.8872533282;-2038.88497018;12173.5144464;0.827987510644;-3786.62613982;0;20.9558823529;-1.8088532946;329000;146023000;-2977241000;-17630108000
004448;61.080.313/0001-91;COBRASMA S.A.;2022;13.5960835697;-1935.96865252;14339.1641137;0.662859652976;7995.33169533;0;23.7082066869;-1.86682919814;407000;143297000;-2774185000;-20404295000
004448;61.080.313/0001-91;COBRASMA S.A.;2023;11.7888189838;-1936.15069476;16523.6188326;0.609751709248;-7890.66339066;0;0;-1.7139228316;407000;140841000;-2726894000;-23131189000
004448;61.080.313/0001-91;COBRASMA S.A.;2024;15.0712270943;-2964.33023044;19768.8047489;0.56170585658;-9500.50251256;0;-2.2113022113;-1.6813285904;398000;138473000;-4104797000;-27235984000
004448;61.080.313/0001-91;COBRASMA S.A.;2025;13.7230942666;-3207.35716554;23471.9677446;0.491847826087;8874.87437186;0;0;-2.20548410159;398000;135419000;-4343371000;-31650085000
008427;61.082.004/0001-50;MANUFATURA DE BRINQUEDOS ESTRELA S.A.;2020;3.17622826434;-6.41661829746;302.02006164;0.211009174312;18.1544590469;7011000;;;138561000;244646000;-15698000;-494234000
008427;61.082.004/0001-50;MANUFATURA DE BRINQUEDOS ESTRELA S.A.;2021;0.865114021346;-1.48131102723;271.227259145;0.250946893021;21.7910914533;849000;29.2311689436;19.0131863999;179064000;291161000;-4313000;-498547000
008427;61.082.004/0001-50;MANUFATURA DE BRINQUEDOS ESTRELA S.A.;2022;9.16409864361;-16.7195105292;282.445772132;0.21188336064;13.0949006089;496000;-1.50225617656;-4.45904499572;176374000;278178000;-46510000;-507524000
008427;61.082.004/0001-50;MANUFATURA DE BRINQUEDOS ESTRELA S.A.;2023;4.12052308029;-7.26241729848;276.249887622;0.173435959024;-6.89908576838;606000;-8.95937042875;7.96216810819;160572000;300327000;-21811000;-529326000
008427;61.082.004/0001-50;MANUFATURA DE BRINQUEDOS ESTRELA S.A.;2024;4.38129808213;-7.39087785143;268.691509066;0.14310433999;0.370336799306;339000;-3.81012878958;9.29953017877;154454000;328256000;-24261000;-553740000
008427;61.082.004/0001-50;MANUFATURA DE BRINQUEDOS ESTRELA S.A.;2025;-62.7114456396;40.2599057926;164.198656851;0.247711703995;164.751674292;453000;-2.35927849068;7.55355576136;150810000;353051000;142138000;-226654000
002100;61.088.894/0001-08;CAMBUCI S.A.;2020;22.7070769548;7.82253253026;65.5502443321;0.95486604702;10.1329720957;4002000;;;156499000;281584000;22027000;97005000
002100;61.088.894/0001-08;CAMBUCI S.A.;2021;22.0767790562;8.65634088264;60.789837772;1.07879698266;15.032195187;3471000;53.4182327044;13.198548213;240098000;318749000;27592000;124982000
002100;61.088.894/0001-08;CAMBUCI S.A.;2022;33.1607398533;14.6815078151;55.7262356627;1.69784212724;20.2486807568;8066000;83.4267674033;21.2530862842;440404000;386493000;56743000;171115000
002100;61.088.894/0001-08;CAMBUCI S.A.;2023;30.8724745739;21.4190999216;30.6207221247;2.21955814094;21.35895688;2080000;4.25904396872;-13.1697081189;459161000;335593000;71881000;232832000
002100;61.088.894/0001-08;CAMBUCI S.A.;2024;27.1657252144;20.7133021803;23.7520735528;2.81554589949;21.7269476175;1684000;-4.63170870348;9.9343550074;437894000;368932000;76418000;281303000
002100;61.088.894/0001-08;CAMBUCI S.A.;2025;22.3811238014;18.3365954366;18.0711585382;3.80876445027;17.8598462109;813000;-12.5080498934;1.09451064153;383122000;372970000;68390000;305570000
005762;61.092.037/0001-81;ETERNIT S.A.;2020;73.8255252057;21.2987811096;71.1498413993;2.19702592149;27.5984273283;81175000;;;683423000;745268000;158733000;215011000
005762;61.092.037/0001-81;ETERNIT S.A.;2021;47.8288113179;26.6269142857;44.3287141119;3.54409518566;30.7756483027;218864000;64.3381917202;35.7808197856;1123125000;1011931000;269446000;563355000
005762;61.092.037/0001-81;ETERNIT S.A.;2022;20.3627690752;11.2670144903;44.6685544157;2.51731394547;14.8733812089;36852000;5.72135781859;20.7856069238;1187383000;1222267000;137713000;676298000
005762;61.092.037/0001-81;ETERNIT S.A.;2023;16.5263715793;9.78347634435;40.800820692;1.91720415954;6.63258393235;11131000;-4.8990089971;6.38968408703;1129213000;1300366000;127221000;769806000
005762;61.092.037/0001-81;ETERNIT S.A.;2024;4.81583344808;2.97126097193;38.3022481164;1.85646866304;3.1681460415;16132000;2.88156441699;0.472943771215;1161752000;1306516000;38820000;806091000
005762;61.092.037/0001-81;ETERNIT S.A.;2025;5.80964989075;3.59234132634;38.1659584675;1.60453303807;5.30376537607;24850000;-0.997459010185;4.3475166014;1150164000;1363317000;48975000;842994000
011932;61.156.113/0001-75;IOCHPE MAXION S.A.;2020;-11.0423452854;-3.38318292677;69.3617357607;1.18598141599;-2.10855049581;1605439000;;;8760568000;12411803000;-419914000;3802761000
011932;61.156.113/0001-75;IOCHPE MAXION S.A.;2021;14.2546847868;4.3178945875;69.7089437468;1.32530955762;9.36185448564;1088114000;56.2497659969;16.9816343363;13688367000;14519530000;626938000;4398119000
011932;61.156.113/0001-75;IOCHPE MAXION S.A.;2022;9.41509832611;2.65982163746;71.7494013835;1.65385051745;7.35009221513;2287054000;23.8122049182;4.65528154148;16947869000;15195455000;404172000;4292807000
011932;61.156.113/0001-75;IOCHPE MAXION S.A.;2023;2.59217254027;0.728568562409;71.893515918;1.62736058887;5.23279497059;2962366000;-11.7575194852;-4.35221584349;14955220000;14534116000;105891000;4085029000
011932;61.156.113/0001-75;IOCHPE MAXION S.A.;2024;7.4952740909;2.38127413992;68.2296589685;1.71636648809;6.65959074768;2463475000;2.51813747976;9.82003308629;15331813000;15961371000;380084000;5070982000
011932;61.156.113/0001-75;IOCHPE MAXION S.A.;2025;4.47537578716;1.50866243798;66.2897037092;1.77707372811;6.12964391392;1599733000;0.226483325879;-9.82927469075;15366537000;14392484000;217134000;4851749000
012823;61.156.931/0001-78;SIDERURGICA J. L. ALIPERTI S.A.;2020;25.0307044226;13.5207302984;45.9834207214;2.49302469242;395.511921459;91000;;;17825000;483857000;65421000;261363000
012823;61.156.931/0001-78;ALIPERTI S.A.;2021;-5.51045605703;-2.54289106206;53.8533465153;4.67105453843;-105.732273028;273000;35.4502103787;4.1047251564;24144000;503718000;-12809000;232449000
012823;61.156.931/0001-78;ALIPERTI S.A.;2022;-12.1652635944;-5.27141597617;56.6682962907;4.82753016363;-96.4918206823;133000;71.6616964877;-4.978976332;41446000;478638000;-25231000;207402000
012823;61.156.931/0001-78;ALIPERTI S.A.;2023;7.26017807137;3.29132208286;54.6660970226;9.3225791977;56.4660543015;298000;-16.732615934;2.69452070249;34511000;491535000;16178000;222832000
012823;61.156.931/0001-78;ALIPERTI S.A.;2024;19.9764427821;10.0850412802;49.5153296802;6.54289488894;107.176258523;290000;10.9182579467;3.32346628419;38279000;507871000;51219000;256397000
012823;61.156.931/0001-78;ALIPERTI S.A.;2025;6.86652477957;3.35727707347;51.1066051424;4.5078137118;44.5469798658;90000;18.3311998746;-0.660600821862;45296000;504516000;16938000;246675000
024600;61.186.680/0001-74;BANCO BMG S/A;2020;1.44039678418;1.10088349805;0.387132840756;1.49617578548;8.80676095353;138145000;;;4025941000;28166559000;310081000;21527471000
024600;61.186.680/0001-74;BANCO BMG S/A;2021;0.613961895997;0.502654423879;0.190748304325;6.23916304414;-1.28911943642;357619000;14.0403200146;21.5994115575;4591196000;34250370000;172161000;28040991000
024600;61.186.680/0001-74;BANCO BMG S/A;2022;0.174023789784;0.146563210459;0.117432230495;11.8597811348;-3.97400829455;291767000;37.5981334711;30.183323567;6317400000;44588270000;65350000;37552337000
024600;61.186.680/0001-74;BANCO BMG S/A;2023;0.784951429234;0.656985769509;0.314236044239;6.36658368636;1.90811249724;525971000;17.1813245956;-1.94873225626;7402813000;43719364000;287230000;36592073000
024600;61.186.680/0001-74;BANCO BMG S/A;2024;0.667830459341;0.576717051362;0.419668188419;8.38705123033;1.39447995429;155772000;18.1053202343;10.792533487;8743116000;48437791000;279349000;41829329000
024600;61.186.680/0001-74;BANCO BMG S/A;2025;1.41419643693;1.21006715446;0.17257298558;6.78159698178;4.2231700728;517839000;-0.105259955375;0.200331183559;8733913000;48534827000;587304000;41529167000
022055;61.189.288/0001-89;MARISA LOJAS S.A.;2020;-43.5715272254;-12.8337412335;70.5455786135;1.22145702117;-13.6869530344;526932000;;;2139417000;3367654000;-432196000;991923000
022055;61.189.288/0001-89;MARISA LOJAS S.A.;2021;-7.17881711695;-2.09611808886;70.801344362;1.24270587446;0.190184078231;261974000;18.0437474321;1.6489520598;2525448000;3423185000;-71754000;999524000
022055;61.189.288/0001-89;MARISA LOJAS S.A.;2022;-100.424993813;-16.7275371729;83.3432529714;1.09081220081;-8.781015891;241233000;8.88844276342;-9.29640086644;2749921000;3104952000;-519382000;517184000
022055;61.189.288/0001-89;MARISA LOJAS S.A.;2023;-111510.278373;-21.2215039531;99.9809690154;0.591281525069;-17.5417973546;92328000;-40.1402076641;-20.9684078852;1646097000;2453893000;-520753000;467000
022055;61.189.288/0001-89;MARISA LOJAS S.A.;2024;-110.954013942;-16.5830470451;85.0541260691;0.651503028659;-3.12691921742;92052000;-15.4260654141;-22.3984908877;1392169000;1904258000;-315784000;284608000
022055;61.189.288/0001-89;MARISA LOJAS S.A.;2025;-26.7589234331;-2.91625928074;89.1017316596;0.610380858268;13.2862512431;47990000;6.54058523067;8.01125687801;1483225000;2056813000;-59982000;224157000
026700;61.190.096/0001-92;EUROFARMA LABORATÓRIOS S.A.;2020;30.7018495535;13.4498713187;56.1919834984;2.68137078098;18.9864011178;128680000;;;5723191000;6312105000;848970000;2765208000
026700;61.190.096/0001-92;EUROFARMA LABORATÓRIOS S.A.;2021;29.5346557991;12.6564422994;57.1471481316;1.57318090955;20.5126978914;122970000;23.4945155596;25.1607348103;7067827000;7900277000;999894000;3385494000
026700;61.190.096/0001-92;EUROFARMA LABORATÓRIOS S.A.;2022;25.4879984153;9.77597180902;61.6448037632;1.51755712126;22.0309556998;107954000;13.2778150908;29.6140882149;8006280000;10239872000;1001047000;3927523000
026700;61.190.096/0001-92;EUROFARMA LABORATÓRIOS S.A.;2023;15.8204436215;4.24274616819;73.1818761237;1.00630909248;15.7518916361;164510000;13.9190235665;49.5443302416;9120676000;15313148000;649698000;4106699000
026700;61.190.096/0001-92;EUROFARMA LABORATÓRIOS S.A.;2024;5.65100975608;1.49894193847;73.474794715;0.639260088733;12.7436559753;177210000;20.3147113218;19.2827954122;10973515000;18265951000;273796000;4845081000
026700;61.190.096/0001-92;EUROFARMA LABORATÓRIOS S.A.;2025;11.8543739697;3.18888204418;73.0995322711;1.81692074457;16.3833383407;264439000;13.7137644592;1.89952880088;12478397000;18612918000;593544000;5006962000
011975;61.351.532/0001-68;AZEVEDO E TRAVASSOS S.A.;2020;15.3611872641;-57.8591381313;476.657983114;0.251831089522;-78.1915726817;4583000;;;25536000;63722000;-36869000;-240014000
011975;61.351.532/0001-68;AZEVEDO E TRAVASSOS S.A.;2021;177.745370241;45.3669349355;74.476446349;1.20189397038;290.913703603;19339000;200.998590226;557.71162236;76863000;419107000;190136000;106971000
011975;61.351.532/0001-68;AZEVEDO E TRAVASSOS S.A.;2022;-82.4453608247;-14.6244408765;82.2616570173;0.785961852766;-33.1743261485;11671000;400.200356478;30.4769426423;384469000;546838000;-79972000;97000000
011975;61.351.532/0001-68;AZEVEDO E TRAVASSOS S.A.;2023;-16.0207492432;-7.0126449839;56.2277339377;0.492542804585;-20.9816224969;2090000;11.7954893633;32.4847578259;429819000;724477000;-50805000;317120000
011975;61.351.532/0001-68;AZEVEDO E TRAVASSOS S.A.;2024;-195.401852164;-38.7210436001;80.1838912113;0.401642791599;-174.047873111;3151000;-64.6786205356;-5.00278131673;151818000;688233000;-266491000;136381000
011975;61.351.532/0001-68;AZEVEDO E TRAVASSOS S.A.;2025;-553.524493304;-52.6520654331;90.4878526479;0.452708087602;-110.476294047;30070000;130.161772649;70.6297140649;349427000;1174330000;-618309000;111704000
001562;61.374.161/0001-30;BAUMER S.A.;2020;13.5512284435;7.65903296027;43.4808955349;2.04740673053;10.5968473305;16866000;;;162973000;214531000;16431000;121251000
001562;61.374.161/0001-30;BAUMER S.A.;2021;7.69189890907;4.44130784505;42.2599296019;2.66527946948;8.87161859214;12982000;-17.8882391562;6.33941015518;133820000;228131000;10132000;131723000
001562;61.374.161/0001-30;BAUMER S.A.;2022;4.24177130545;2.29637704186;45.8627805108;2.51448778397;11.0456777518;8855000;22.9591989239;8.97642144207;164544000;248609000;5709000;134590000
001562;61.374.161/0001-30;BAUMER S.A.;2023;6.14083887939;3.57747324197;41.7429228769;2.82406091857;12.7025595763;13859000;3.28544340723;0.529345277122;169950000;249925000;8941000;145599000
001562;61.374.161/0001-30;BAUMER S.A.;2024;16.7642542855;10.2072424992;39.113053731;2.82571512435;18.5121356476;16862000;14.3783465725;14.7020106032;194386000;286669000;29261000;174544000
001562;61.374.161/0001-30;BAUMER S.A.;2025;15.3526682779;8.04410319857;47.6045267639;2.29116484116;16.2242840232;16140000;9.95081950346;-4.13682679327;213729000;274810000;22106000;143988000
025984;61.409.892/0001-73;COMPANHIA BRASILEIRA DE ALUMÍNIO;2020;-23.524831871;-7.84822332105;66.6385572313;1.71055924584;7.96362186222;632438000;;;5411382000;11210945000;-879860000;3740133000
025984;61.409.892/0001-73;COMPANHIA BRASILEIRA DE ALUMÍNIO;2021;17.7635787761;7.00134648511;60.5859462591;2.06284166669;16.0739174516;1449345000;55.6567250288;6.72808581257;8423180000;11965227000;837727000;4715981000
025984;61.409.892/0001-73;COMPANHIA BRASILEIRA DE ALUMÍNIO;2022;17.9815936088;7.79852550428;56.6305096538;1.95117711888;12.8321231028;849082000;4.76597911952;2.58647830083;8824627000;12274705000;957246000;5323477000
025984;61.409.892/0001-73;COMPANHIA BRASILEIRA DE ALUMÍNIO;2023;-17.2018038533;-5.96669412588;65.3135556202;2.36470880031;-12.0565177209;1350229000;-16.7322652844;10.4868263636;7348067000;13561932000;-809199000;4704152000
025984;61.409.892/0001-73;COMPANHIA BRASILEIRA DE ALUMÍNIO;2024;-1.81697666291;-0.526920368799;71.0001575939;1.94455747473;8.07189053506;1141965000;11.2353629873;1.9988892438;8173649000;13833020000;-72889000;4011554000
025984;61.409.892/0001-73;COMPANHIA BRASILEIRA DE ALUMÍNIO;2025;5.09145182598;1.6458093704;67.6750477731;1.83498754402;6.58573636415;1268235000;7.525989922;0.961438644634;8788797000;13966016000;229854000;4514508000
019623;61.486.650/0001-83;DIAGNOSTICOS DA AMERICA S.A.;2020;-4.17751534839;-1.10719859323;73.496241165;1.39751559185;2.3659918819;753607000;;;7039331000;13343496000;-147739000;3536528000
019623;61.486.650/0001-83;DIAGNOSTICOS DA AMERICA S.A.;2021;-2.87390187054;-0.933066218252;67.5331218572;0.98818159201;0.849580282481;1143026000;48.0065932402;74.2414731492;10418674000;23249904000;-216937000;7548518000
019623;61.486.650/0001-83;DIAGNOSTICOS DA AMERICA S.A.;2022;-5.46965969894;-1.44450618758;73.590565646;1.25236968074;7.74319662747;1284992000;26.0130895736;15.4593627569;13128893000;26844191000;-387766000;7089399000
019623;61.486.650/0001-83;DIAGNOSTICOS DA AMERICA S.A.;2023;-15.4049343187;-4.30992782262;72.0224200021;1.24641847067;6.40827912254;1585194000;8.55625832277;-2.35056813595;14252235000;26213200000;-1129770000;7333819000
019623;61.486.650/0001-83;DIAGNOSTICOS DA AMERICA S.A.;2024;-15.0703383013;-4.52002309582;70.0071557423;1.54802473122;7.13997754482;1742762000;7.50649985774;0.935677444951;15322079000;26458471000;-1195929000;7935648000
019623;61.486.650/0001-83;DIAGNOSTICOS DA AMERICA S.A.;2025;-16.4663162148;-6.11469470137;62.8654361934;1.23909334238;8.0821552605;2665170000;-27.096303315;-29.8438862926;11170362000;18562235000;-1135024000;6893005000
007617;61.532.644/0001-15;ITAÚSA S.A.;2020;12.1122161199;10.1157024793;16.4834710744;2.15209227468;131.360544218;2887000000;;;5880000000;72600000000;7344000000;60633000000
007617;61.532.644/0001-15;ITAÚSA S.A.;2021;19.1215399666;15.458066317;19.1588839395;1.6770207654;160.305997552;3876000000;38.9455782313;18.4311294766;8170000000;85981000000;13291000000;69508000000
007617;61.532.644/0001-15;ITAÚSA S.A.;2022;18.493499706;14.6465639455;20.8015563397;1.58880282647;183.466886637;4472000000;3.86780905753;12.3934357591;8486000000;96637000000;14154000000;76535000000
007617;61.532.644/0001-15;ITAÚSA S.A.;2023;16.0574382539;13.268405665;17.369100505;2.6371404752;191.114723012;5977000000;-12.9978788593;9.01414572058;7383000000;105348000000;13978000000;87050000000
007617;61.532.644/0001-15;ITAÚSA S.A.;2024;15.6710211901;12.987568157;17.1236641221;2.16741689751;199.004250152;4852000000;11.5400243803;8.80605232183;8235000000;114625000000;14887000000;94997000000
007617;61.532.644/0001-15;ITAÚSA S.A.;2025;17.723471016;14.8848336586;16.0162608938;3.17873176207;219.650866772;4039000000;0.170006071645;-2.99934569248;8249000000;111187000000;16550000000;93379000000
003190;61.584.140/0001-49;REDE ENERGIA PARTICIPAÇÕES S.A.;2020;21.4233794422;5.67048009625;73.5313463894;1.48250203372;16.2000721371;749705000;;;11297925000;21653387000;1227851000;5731360000
003190;61.584.140/0001-49;REDE ENERGIA PARTICIPAÇÕES S.A.;2021;38.5624529365;8.27747440938;78.5348861936;1.35986641415;20.3937354194;275772000;38.1730361991;13.8013189345;15610686000;24641840000;2039722000;5289399000
003190;61.584.140/0001-49;REDE ENERGIA PARTICIPAÇÕES S.A.;2022;36.9397149791;8.06192052013;78.1754663654;1.30663256893;22.8279942637;343498000;-3.14474969261;2.49256549024;15119769000;25256054000;2036123000;5512016000
003190;61.584.140/0001-49;REDE ENERGIA PARTICIPAÇÕES S.A.;2023;38.4894133069;8.30737537695;78.416466599;1.21063058705;24.9468847823;376132000;6.6910546054;9.48950695148;16131441000;27652729000;2297216000;5968436000
003190;61.584.140/0001-49;REDE ENERGIA PARTICIPAÇÕES S.A.;2024;30.96369639;6.68015869063;78.4258358353;1.38316081022;19.2230910966;225695000;10.870157229;8.70262027303;17884954000;30059241000;2008005000;6485030000
003190;61.584.140/0001-49;REDE ENERGIA PARTICIPAÇÕES S.A.;2025;25.2681590436;5.10003819484;79.8163444118;1.56464424204;19.2304897744;352971000;8.42660819815;9.44964977659;19392049000;32899734000;1677899000;6640369000
005258;61.585.865/0001-51;RAIA DROGASIL S.A.;2020;11.1969145121;3.58352506869;67.9954235177;1.46220515556;4.56466488994;880357000;;;20066840000;13828088000;495533000;4425621000
005258;61.585.865/0001-51;RAIA DROGASIL S.A.;2021;16.1933685711;5.17161984165;68.0633475429;1.30913692954;5.66366264652;356118000;20.2331906768;6.85140273912;24127002000;14775506000;764133000;4718802000
005258;61.585.865/0001-51;RAIA DROGASIL S.A.;2022;18.7854725787;5.90602227275;68.5606936531;1.50413307769;6.32779424909;433541000;20.4765515417;16.30942453;29067380000;17185306000;1014968000;5402941000
005258;61.585.865/0001-51;RAIA DROGASIL S.A.;2023;18.0339866904;5.41017572448;70.0001124691;1.43098933015;6.12380602812;412321000;16.8794366744;16.9278684942;33973790000;20094412000;1087143000;6028301000
005258;61.585.865/0001-51;RAIA DROGASIL S.A.;2024;18.7900454902;5.46555827451;70.9124798161;1.38159506747;6.05097479847;528002000;14.4162073175;10.2981067572;38871522000;22163756000;1211373000;6446887000
005258;61.585.865/0001-51;RAIA DROGASIL S.A.;2025;17.7242185353;5.16574677276;70.8548686507;1.46209478217;6.2000885008;509619000;13.8377061747;13.5659271831;44250449000;25170475000;1300243000;7335968000
014176;61.695.227/0001-93;ELETROPAULO METROP. ELET. SAO PAULO S.A.;2020;36.3394661357;3.24175063445;91.079256304;0.924095078904;13.0729200861;2095811000;;;15490533000;30255751000;980816000;2699038000
014176;61.695.227/0001-93;ELETROPAULO METROP. ELET. SAO PAULO S.A.;2021;47.993570208;3.48923865112;92.729778935;1.01004403411;11.8870010606;1112302000;33.3593234009;8.12143780533;20658070000;32712953000;1141433000;2378304000
014176;61.695.227/0001-93;ELETROPAULO METROP. ELET. SAO PAULO S.A.;2022;58.9709870001;4.73641298604;91.9682317916;0.924407085961;18.0642961054;1338169000;-9.12907643357;-8.89232775775;18772179000;29804010000;1411641000;2393789000
014176;61.695.227/0001-93;ELETROPAULO METROP. ELET. SAO PAULO S.A.;2023;46.1126721447;4.54656253444;90.1403186522;0.822005971628;18.0797286364;460692000;2.55029530669;-3.93606430812;19250925000;28630905000;1301722000;2822916000
014176;61.695.227/0001-93;ELETROPAULO METROP. ELET. SAO PAULO S.A.;2024;19.1007182104;3.7123060918;80.5645732746;0.654741853756;15.9340452929;1014632000;6.74833546959;1.16328491887;20550042000;28963964000;1075231000;5629270000
014176;61.695.227/0001-93;ELETROPAULO METROP. ELET. SAO PAULO S.A.;2025;12.917389278;3.02392873274;76.5902484808;0.74454124403;13.3247411564;565540000;8.87114002005;7.78117249421;22373065000;31217700000;944001000;7307986000
015636;61.856.571/0001-17;CIA GAS DE SAO PAULO - COMGAS;2020;195.001965928;10.8375772025;94.442324132;1.17053137755;24.0854823773;1610548000;;;8317691000;10616884000;1150613000;590052000
015636;61.856.571/0001-17;CIA GAS DE SAO PAULO - COMGAS;2021;191.738002582;17.2686415302;90.993626043;0.91414326591;22.0272862366;891650000;40.7808128482;15.5847421899;11709713000;12271498000;2119121000;1105217000
015636;61.856.571/0001-17;CIA GAS DE SAO PAULO - COMGAS;2022;175.402927902;14.3040360275;91.8450414719;1.25121807606;15.6411856494;1241256000;48.7154552806;3.19938934921;17414153000;12664111000;1811479000;1032753000
015636;61.856.571/0001-17;CIA GAS DE SAO PAULO - COMGAS;2023;83.1547999202;10.2540506713;87.6687206498;1.19497529298;19.2396709633;1845136000;-12.9519879606;8.48636749946;15158674000;13738834000;1408787000;1694174000
015636;61.856.571/0001-17;CIA GAS DE SAO PAULO - COMGAS;2024;158.084706883;11.4964230815;92.7276816915;1.43590153796;19.9016809542;2188418000;1.87693857655;13.4848343025;15443193000;15591493000;1792464000;1133863000
015636;61.856.571/0001-17;CIA GAS DE SAO PAULO - COMGAS;2025;107.283892549;10.3465629386;90.3559027429;1.5287344905;25.7931669177;1260666000;-24.9532399161;-4.13503055801;11589616000;14946780000;1546478000;1441482000
009415;62.002.886/0001-60;SAO PAULO TURISMO S.A.;2020;-662.486157254;-7.88450513025;98.8098611505;0.720635364182;-5.65999747154;50888000;;;213569000;303494000;-23929000;3612000
009415;62.002.886/0001-60;SAO PAULO TURISMO S.A.;2021;105.525307236;-23.7959020968;122.549948178;0.955797166923;-24.8238788102;22900000;-18.6473692343;3.32164721543;173744000;313575000;-74618000;-70711000
009415;62.002.886/0001-60;SAO PAULO TURISMO S.A.;2022;-1138.68073879;19.5321386868;101.715330559;1.20089299525;27.1668403381;46930000;73.9887420573;5.69178027585;302295000;331423000;64734000;-5685000
009415;62.002.886/0001-60;SAO PAULO TURISMO S.A.;2023;106.688435847;19.0960547398;82.1011015972;1.98624798128;20.1303996154;58006000;101.627880051;35.7730151498;609511000;449983000;85929000;80542000
009415;62.002.886/0001-60;SAO PAULO TURISMO S.A.;2024;61.4676797061;26.9996082195;56.0751140297;4.61230181071;20.0648162553;91089000;19.1711060178;23.6566714743;726361000;556434000;150235000;244413000
009415;62.002.886/0001-60;SAO PAULO TURISMO S.A.;2025;13.8067623665;6.82146727738;50.5932883011;2.61267177847;5.4582161782;69630000;-21.5110668111;3.309107639;570113000;574847000;39213000;284013000
020567;62.144.175/0001-20;BCO PINE S.A;2020;-0.704291708167;-0.527976634833;18.1012307162;0.0946567375205;-11.6194556956;155094000;;;1220126000;13449080000;-71008000;10082186000
020567;62.144.175/0001-20;BCO PINE S.A;2021;0.0198751999033;0.0163505450514;11.9118439759;0.124267582348;0.687476274988;222709000;25.0107775754;11.8691390043;1525289000;15045370000;2460000;12377234000
020567;62.144.175/0001-20;BCO PINE S.A;2022;0.35380322759;0.295316450448;10.6758532904;0.0618495676262;5.47651834288;105739000;-3.44623215666;6.43811351931;1472724000;16014008000;47292000;13366752000
020567;62.144.175/0001-20;BCO PINE S.A;2023;1.04000745387;0.864763075113;10.7037181065;0.0935951498178;12.2580354467;39894000;38.6429500708;28.318788151;2041828000;20548981000;177700000;17086416000
020567;62.144.175/0001-20;BCO PINE S.A;2024;0.440274386663;0.376869613575;7.69320559661;1.12096838267;0.616773075504;78050000;37.3492282406;31.366523722;2804435000;26994482000;101734000;23106954000
020567;62.144.175/0001-20;BCO PINE S.A;2025;3290.59673128;1.39579045093;91.0881811652;0.292617385713;11.7524754259;657173000;70.2133228262;14.8868424295;4773522000;31013108000;432878000;13155000
020796;62.232.889/0001-90;BCO DAYCOVAL S.A.;2020;39.1458482796;2.33374738082;78.2854247239;0.681287580092;33.5528728922;526220000;;;5946081000;49917785000;1164955000;2975935000
020796;62.232.889/0001-90;BCO DAYCOVAL S.A.;2021;43.5537985672;2.23617156272;79.2334448956;0.140548506388;40.3756642841;599149000;6.86697675326;26.2956679668;6354397000;63044000000;1409772000;3236852000
020796;62.232.889/0001-90;BCO DAYCOVAL S.A.;2022;33.1526058371;1.49343126698;81.4132821805;0.310944545252;18.3273608481;1240254000;53.4149345721;12.0944150117;9748594000;70668803000;1055390000;3183430000
020796;62.232.889/0001-90;BCO DAYCOVAL S.A.;2023;33.5556835158;1.42257851894;81.775886401;0.531020726664;16.0437769607;1740136000;13.8550133486;10.309639743;11099263000;77954502000;1108964000;3304847000
020796;62.232.889/0001-90;BCO DAYCOVAL S.A.;2024;60.3489022894;1.854995629;80.4367791854;0.373000165026;19.7576678962;2161649000;25.0202738686;17.5899821668;13876329000;91666685000;1700413000;2817637000
020796;62.232.889/0001-90;BCO DAYCOVAL S.A.;2025;64.1879104937;1.83796368233;86.8256841553;0.410241754948;19.4007277859;1492221000;2.82407544531;9.01202437941;14268207000;99927709000;1836635000;2861341000
025992;62.258.884/0001-36;INTERCEMENT BRASIL S.A. - EM RECUPERAÇÃO JUDICIAL;2020;-3.46575130247;-0.621139728802;82.0777755069;1.12719732007;7.74882960516;425096000;;;2402608000;3889785000;-24161000;697136000
025992;62.258.884/0001-36;INTERCEMENT BRASIL S.A. - EM RECUPERAÇÃO JUDICIAL;2021;149.042762143;27.285736945;81.692678965;1.31540249776;20.7264810191;459813000;31.2189504072;23.8293633196;3152677000;4816696000;1314271000;881808000
025992;62.258.884/0001-36;INTERCEMENT BRASIL S.A. - EM RECUPERAÇÃO JUDICIAL;2022;8.21758641971;1.27880917182;84.4381414869;0.858460779979;12.8295426414;597239000;18.2609889944;5.05979617564;3728387000;5060411000;64713000;787494000
025992;62.258.884/0001-36;INTERCEMENT BRASIL S.A. - EM RECUPERAÇÃO JUDICIAL;2023;-149.738462708;-7.86509248475;94.7474467532;0.584885102666;8.61308257947;459194000;-5.92722804795;-1.03114154167;3507397000;5008231000;-393902000;263060000
025992;62.258.884/0001-36;INTERCEMENT BRASIL S.A. - EM RECUPERAÇÃO JUDICIAL;2024;181.274710379;-5.11072614831;102.819326611;0.315746956785;12.9513445826;1048706000;-6.5582253734;12.8525621123;3277374000;5651917000;-288854000;-159346000
025992;62.258.884/0001-36;INTERCEMENT BRASIL S.A. - EM RECUPERAÇÃO JUDICIAL;2025;156.713972479;12.0578332398;92.3058339668;0.419219598878;7.85011119635;1431082000;0.869293525853;14.1045418749;3305864000;6449094000;777621000;496204000
021466;62.307.848/0001-15;BANCO RCI BRASIL S.A.;2020;360.803849272;1.26373033043;84.8838526725;;15.0905044434;201142000;;;1352917000;10918073000;137975000;38241000
021466;62.307.848/0001-15;BANCO RCI BRASIL S.A.;2021;425.946997326;1.71690509413;82.5371312381;;22.634619632;341015000;-4.6212738845;-6.54081539847;1290395000;10203942000;175192000;41130000
021466;62.307.848/0001-15;BANCO RCI BRASIL S.A.;2022;440.999086934;1.73012924853;84.3993500479;;16.1098212479;306035000;38.2853312358;3.96145920861;1784427000;10608167000;183535000;41618000
021466;62.307.848/0001-15;BANCO RCI BRASIL S.A.;2023;454.629789066;1.89877275244;87.5758444743;;18.2889758397;314601000;4.12362063564;4.86335669489;1858010000;11124080000;211221000;46460000
021466;62.307.848/0001-15;BANCO RCI BRASIL S.A.;2024;674.915247314;2.69194590287;86.5647887067;;26.4768364163;336955000;1.79568463033;10.3604432906;1891374000;12276584000;330479000;48966000
021466;62.307.848/0001-15;BANCO RCI BRASIL S.A.;2025;607.652426816;2.0718249413;89.2799793051;;25.3816853065;350232000;14.2490591496;13.3578770772;2160877000;13916475000;288325000;47449000
025526;62.984.091/0001-02;CRUZEIRO DO SUL EDUCACIONAL S.A.;2020;-7.69749825223;-0.947847544554;87.6862908767;0.832243801599;9.7650818893;212905000;;;1800968000;3670738000;-34793000;452004000
025526;62.984.091/0001-02;CRUZEIRO DO SUL EDUCACIONAL S.A.;2021;5.70612771601;1.73690755288;69.5606611115;2.32611766891;17.2107227503;1084985000;1.09091333105;30.1105390796;1820615000;4776017000;82955000;1453788000
025526;62.984.091/0001-02;CRUZEIRO DO SUL EDUCACIONAL S.A.;2022;0.470046122297;0.140325625125;70.1464136245;1.70735956314;15.3647353475;852743000;11.4085075648;-1.43205101657;2028320000;4707622000;6606000;1405394000
025526;62.984.091/0001-02;CRUZEIRO DO SUL EDUCACIONAL S.A.;2023;7.24531061686;2.22451835319;69.297129263;1.08220576491;17.9363448396;522915000;13.2852311272;-4.07452000182;2297787000;4515809000;100455000;1386483000
025526;62.984.091/0001-02;CRUZEIRO DO SUL EDUCACIONAL S.A.;2024;9.81146853832;3.15803502669;67.8128201262;0.92913210592;18.2963628039;555331000;11.7750252743;1.18866851986;2568352000;4569487000;144306000;1470789000
025526;62.984.091/0001-02;CRUZEIRO DO SUL EDUCACIONAL S.A.;2025;18.6631293398;6.27542615531;66.3752737226;1.52528999755;21.5509642534;808247000;10.4281656097;3.52608509445;2836184000;4730611000;296866000;1590655000
024228;64.904.295/0001-03;CAMIL ALIMENTOS S.A.;2020;10.6531067338;4.98250401454;53.2295682466;2.16909709754;5.52694236146;537764000;;;5396112000;4809389000;239628000;2249372000
024228;64.904.295/0001-03;CAMIL ALIMENTOS S.A.;2021;17.0810585711;7.50270764987;56.0758625197;2.37629659707;8.33369608996;1081955000;38.3584884821;28.2239178407;7465979000;6166787000;462676000;2708708000
024228;64.904.295/0001-03;CAMIL ALIMENTOS S.A.;2022;16.6280247905;6.03609646739;63.6992574679;2.45797888395;7.06454351806;1596350000;20.7591797405;28.607814734;9015855000;7930970000;478721000;2879001000
024228;64.904.295/0001-03;CAMIL ALIMENTOS S.A.;2023;11.7917385416;3.83859960857;67.4467035118;1.9880686026;6.7197962508;1225614000;13.1948994299;16.1759658655;10205488000;9213881000;353684000;2999422000
024228;64.904.295/0001-03;CAMIL ALIMENTOS S.A.;2024;11.675432556;3.39373741098;70.9326622829;2.15617361935;5.79660855136;2800256000;10.2313480747;15.275615129;11249647000;10621358000;360461000;3087346000
024228;64.904.295/0001-03;CAMIL ALIMENTOS S.A.;2025;6.27607668925;1.95380312328;68.86903682;1.64209669623;5.22712377514;2530204000;9.00732262977;4.56850244573;12262939000;11106595000;217001000;3457590000
014214;65.654.303/0001-73;DIBENS LEASING S.A. - ARREND.MERCANTIL;2020;;0;43.9132334965;2.32388942374;37.7091968452;104000;;;211105000;9129560000;0;0
014214;65.654.303/0001-73;DIBENS LEASING S.A. - ARREND.MERCANTIL;2021;;0;4.43823261226;19.3059550927;196.55844766;467000;-59.6712536416;-39.5887534558;85136000;5515281000;0;0
014214;65.654.303/0001-73;DIBENS LEASING S.A. - ARREND.MERCANTIL;2022;;0;40.8106755607;0.669507936105;191.167344936;93000;62.7842510806;-73.2969725387;138588000;1472747000;0;0
014214;65.654.303/0001-73;DIBENS LEASING S.A. - ARREND.MERCANTIL;2023;;0;3.55766794335;11.9118191783;93.7263552639;0;-34.5794729702;-34.8836561881;90665000;958999000;0;0
014214;65.654.303/0001-73;DIBENS LEASING S.A. - ARREND.MERCANTIL;2024;;0;7.09042195073;4.68586547579;94.2965497516;113000;4.11845805989;5.93837949779;94399000;1015948000;0;0
014214;65.654.303/0001-73;DIBENS LEASING S.A. - ARREND.MERCANTIL;2025;;0;8.48664358453;2.7949897228;94.9085129538;104000;35.3012214112;4.4480623024;127723000;1061138000;0;0
020451;67.010.660/0001-24;RNI NEGÓCIOS IMOBILIÁRIOS S.A.;2020;0.690998158191;0.273573912113;60.4088796952;1.97306082996;3.84575316086;64377000;;;316765000;1579829000;4322000;625472000
020451;67.010.660/0001-24;RNI NEGÓCIOS IMOBILIÁRIOS S.A.;2021;2.33293215739;0.768603276386;67.0541951272;2.02853992512;4.18694550063;57450000;49.448329203;22.6012435523;473400000;1936890000;14887000;638124000
020451;67.010.660/0001-24;RNI NEGÓCIOS IMOBILIÁRIOS S.A.;2022;4.79251298401;1.43269675505;70.1055216788;1.5819652826;7.41817832949;70556000;40.9148711449;14.1919778614;667091000;2211773000;31688000;661198000
020451;67.010.660/0001-24;RNI NEGÓCIOS IMOBILIÁRIOS S.A.;2023;-42.2835805037;-10.1311439466;76.040004593;1.83470207206;-28.2843227761;87294000;-39.9185418481;-12.9802651538;400798000;1924679000;-194992000;461153000
020451;67.010.660/0001-24;RNI NEGÓCIOS IMOBILIÁRIOS S.A.;2024;-46.8868151096;-8.46781713961;81.9398755923;1.62228200233;-9.25602979428;41626000;35.0585581764;-16.1477316477;541312000;1613887000;-136661000;291470000
020451;67.010.660/0001-24;RNI NEGÓCIOS IMOBILIÁRIOS S.A.;2025;-215.922808991;-19.0484733509;91.1781096958;1.38514151735;-37.2341217357;20894000;-35.4690086309;-35.0688121287;349314000;1047916000;-199612000;92446000
020702;67.571.414/0001-41;VIVER INCORPORADORA E CONSTRUTORA S.A.;2020;79.7420013375;-56.0292567415;170.26316847;0.323356468629;-332.191952012;28993000;;;44011000;323481000;-181244000;-227288000
020702;67.571.414/0001-41;VIVER INCORPORADORA E CONSTRUTORA S.A.;2021;28.8115950679;-17.627958357;161.183555841;0.451223051009;-73.494064518;63467000;54.4636568131;1.58340057067;67981000;328603000;-57926000;-201051000
020702;67.571.414/0001-41;VIVER INCORPORADORA E CONSTRUTORA S.A.;2022;6.89598211582;-3.41466473631;149.516728422;0.511810905227;-37.3694479513;38974000;79.4354304879;11.6152317538;121982000;366771000;-12524000;-181613000
020702;67.571.414/0001-41;VIVER INCORPORADORA E CONSTRUTORA S.A.;2023;-1374.4379369;-22.9120605706;98.3329868919;1.06386360985;-103.294696272;14097000;-42.9948680953;-13.4299058541;69536000;317514000;-72749000;5293000
020702;67.571.414/0001-41;VIVER INCORPORADORA E CONSTRUTORA S.A.;2024;-27.372252896;-14.5101471316;46.9895766828;1.71004880309;-34.8118446499;19637000;62.111711919;-12.1934780829;112726000;278798000;-40454000;147792000
020702;67.571.414/0001-41;VIVER INCORPORADORA E CONSTRUTORA S.A.;2025;43.3212372559;-8.32866648316;119.22536615;0.896322963849;-32.4090482644;7702000;-74.469953693;-24.4234176716;28779000;210706000;-17549000;-40509000
020931;67.620.377/0001-14;MINERVA S.A.;2020;82.9800302831;4.11913762905;95.0359892434;1.76468253013;9.24322994584;4788341000;;;19406344000;16923251000;697092000;840072000
020931;67.620.377/0001-14;MINERVA S.A.;2021;91.5533738655;2.98403116137;96.7406649964;1.90196135318;7.54826933518;6075633000;38.9512625356;18.5910555838;26965360000;20069462000;598879000;654131000
020931;67.620.377/0001-14;MINERVA S.A.;2022;61.6533724865;3.06102842002;95.0350997901;1.59743330077;7.82249683636;5234456000;14.879864389;6.63030229709;30977769000;21400128000;655064000;1062495000
020931;67.620.377/0001-14;MINERVA S.A.;2023;59.97013115;1.38326526464;97.6934096389;1.86073917999;7.62393206;4009951000;-13.1906206674;33.6167428531;26891609000;28594154000;395533000;659550000
020931;67.620.377/0001-14;MINERVA S.A.;2024;-1793.00595067;-3.71081073334;99.7930396867;1.47568042773;7.12637456145;7550512000;26.6895781506;47.3794118896;34068866000;42141896000;-1563806000;87217000
020931;67.620.377/0001-14;MINERVA S.A.;2025;44.805146787;1.84900528394;95.873230161;1.34230875657;7.01868675277;10202560000;60.9389405565;8.86211431968;54830072000;45876559000;848260000;1893220000
015121;69.720.910/0001-45;CCB BRASIL ARRENDAMENTO MERCANTIL S.A.;2020;18.136866166;1.27408155039;0;;73.5930245725;82000;;;8831000;305161000;3888000;21437000
021032;71.208.516/0001-74;ALGAR TELECOM S/A;2020;13.9012836858;3.82061519199;72.5160979492;1.13843058161;21.9445875417;612052000;;;2350771000;5296948000;202376000;1455808000
021032;71.208.516/0001-74;ALGAR TELECOM S/A;2021;14.2861855906;3.68919076189;74.1765166182;0.894567274327;20.089808133;280706000;10.1088536484;17.4452156223;2588407000;6221012000;229505000;1606482000
021032;71.208.516/0001-74;ALGAR TELECOM S/A;2022;3.13600532553;0.704979849496;77.5198133831;1.16742220423;16.6464087371;720872000;8.13229913225;17.2974429241;2798904000;7297088000;51443000;1640399000
021032;71.208.516/0001-74;ALGAR TELECOM S/A;2023;-10.035846862;-2.02335309177;79.8387408697;1.29789990241;8.22054458978;1191155000;-1.86415825623;1.33233969496;2746728000;7394310000;-149613000;1490786000
021032;71.208.516/0001-74;ALGAR TELECOM S/A;2024;-28.5563745865;-5.25884757632;81.5843304605;0.977633980185;4.69422390847;502049000;2.73266956175;-14.8398295446;2821787000;6297007000;-331150000;1159636000
021032;71.208.516/0001-74;ALGAR TELECOM S/A;2025;-20.470147269;-3.23762668904;84.1836668467;1.09452979216;9.09535845925;606822000;3.90504315173;-3.34990893293;2931979000;6086063000;-197044000;962592000
021148;71.476.527/0001-35;CONSTRUTORA TENDA S.A.;2020;13.1557365981;4.714025169;64.1675315262;2.26814626519;11.5953204762;69735000;;;2282369000;4236719000;199720000;1518121000
021148;71.476.527/0001-35;CONSTRUTORA TENDA S.A.;2021;-16.2118143404;-4.42618783712;72.6977638395;2.19856559073;-3.56030069836;87074000;11.2858613134;4.8334100043;2539954000;4441497000;-196589000;1212628000
021148;71.476.527/0001-35;CONSTRUTORA TENDA S.A.;2022;-77.4392011282;-13.4608853795;82.6174790243;1.35672304518;-13.0900618672;83692000;-5.01457900419;-7.05039314447;2412586000;4128354000;-555713000;717612000
021148;71.476.527/0001-35;CONSTRUTORA TENDA S.A.;2023;-11.8585854146;-2.25537359094;80.9810908123;1.63870506588;2.50354191934;52056000;20.3309229184;10.0958154267;2903087000;4545145000;-102510000;864437000
021148;71.476.527/0001-35;CONSTRUTORA TENDA S.A.;2024;10.5307129675;1.88282269916;82.1206531316;1.63953978874;8.98574808618;92687000;13.1347768772;17.6846283232;3284401000;5348937000;100711000;956355000
021148;71.476.527/0001-35;CONSTRUTORA TENDA S.A.;2025;40.2062805429;7.31157669706;81.8148393775;2.10312370729;12.4287479552;30163000;27.066975074;23.8663682148;4173389000;6625534000;484431000;1204864000
019550;71.673.990/0001-77;NATURA COSMETICOS S.A.;2020;16.3046697104;4.33134621098;73.4349343599;1.16062313442;11.0928152713;2951283000;;;18345397000;25448693000;1102271000;6760462000
019550;71.673.990/0001-77;NATURA COSMÉTICOS S.A.;2021;11.9496568934;3.55588403431;70.2427938641;1.56593387287;10.1400502649;2840196000;13.0274858593;3.22965505537;20735341000;26270598000;934152000;7817396000
019550;71.673.990/0001-77;NATURA COSMÉTICOS S.A.;2022;2.06451240398;0.501918957515;75.6882566291;1.41089076716;7.83982383288;2054667000;-2.54717296426;-6.17343388986;20207176000;24648800000;123717000;5992553000
019550;71.673.990/0001-77;NATURA COSMÉTICOS S.A.;2023;68.7074215924;32.9285071342;52.0743081736;2.05538205477;13.2660460573;1598054000;-26.1241105635;-20.6559183409;14928231000;19557364000;6439948000;9373002000
019550;71.673.990/0001-77;NATURA COSMÉTICOS S.A.;2024;8.25891444166;3.74418035254;54.6649819539;1.99769565616;7.50154901516;1741187000;42.4923020015;3.87511323101;21271580000;20315234000;760639000;9209915000
019550;71.673.990/0001-77;NATURA COSMÉTICOS S.A.;2025;-13.7572466365;-6.1620869825;55.2084283627;1.65419424773;6.48827538476;1490706000;2.59457924611;42.6088471341;21823488000;28971321000;-1785238000;12976710000
014460;73.178.600/0001-18;CYRELA BRAZIL REALTY S.A.EMPREEND E PART;2020;31.5613836182;16.000593322;49.3032576912;2.87635346111;57.6635165723;200083000;;;3823695000;11433926000;1829496000;5796628000
014460;73.178.600/0001-18;CYRELA BRAZIL REALTY S.A.EMPREEND E PART;2021;14.9562682559;7.34991333825;50.8573046932;3.10703964025;22.186893177;205944000;25.2932830678;21.0535208991;4790833000;13841170000;1017314000;6801924000
014460;73.178.600/0001-18;CYRELA BRAZIL REALTY S.A.EMPREEND E PART;2022;11.1515013447;5.18468474208;53.5068455645;2.4763200249;16.8743388895;129013000;12.9718986239;19.6440691069;5412295000;16560139000;858591000;7699331000
014460;73.178.600/0001-18;CYRELA BRAZIL REALTY S.A.EMPREEND E PART;2023;13.0085015858;6.36513309386;51.0694367689;2.82782921644;17.9992512034;241792000;15.5276828037;4.89767024299;6252699000;17371200000;1105700000;8499826000
014460;73.178.600/0001-18;CYRELA BRAZIL REALTY S.A.EMPREEND E PART;2024;19.3084641151;9.04409131752;53.1599651654;3.27232739737;25.0172615347;531729000;27.3959933142;22.2768835774;7965688000;21240962000;1921052000;9949274000
014460;73.178.600/0001-18;CYRELA BRAZIL REALTY S.A.EMPREEND E PART;2025;20.8936437627;9.17597009585;56.0824803943;3.84317302737;24.3665566084;726554000;18.3010682819;22.922007958;9423494000;26109817000;2395829000;11466784000
014303;73.903.718/0001-61;SNB PARTICIPACOES SA;2020;-282.249742002;-32.3133270321;88.5515122873;27;-717.551020408;20000;;;245000;8464000;-2735000;969000
014303;73.903.718/0001-61;SNB PARTICIPACOES SA;2021;701.863354037;-13.6177392143;101.940226561;6.08;-30.9027777778;66000;17.5510204082;-1.96124763705;288000;8298000;-1130000;-161000
014303;73.903.718/0001-61;SNB PARTICIPACOES SA;2022;80.2937576499;-8.01368189592;109.980454434;5.25;-12.426035503;35000;17.3611111111;-1.34972282478;338000;8186000;-656000;-817000
014303;73.903.718/0001-61;SNB PARTICIPACOES SA;2023;56.8409931326;-15.8725475734;127.924472636;6.57142857143;-350.95890411;12000;7.98816568047;-17.1878817493;365000;6779000;-1076000;-1893000
014303;73.903.718/0001-61;SNB PARTICIPACOES SA;2024;40.7140620106;-21.8047635022;153.55585374;12.1333333333;-182.608695652;111000;7.12328767123;-12.0519250627;391000;5962000;-1300000;-3193000
014303;73.903.718/0001-61;SNB PARTICIPACOES SA;2025;10.3341757933;-5.60036524121;154.192664739;0.709558823529;189.6073903;112000;10.7416879795;10.214693056;433000;6571000;-368000;-3561000
024171;75.315.333/0001-09;ATACADÃO S.A.;2020;16.6852449399;5.48780487805;67.1098332819;1.02803398058;6.32664241266;5672000000;;;71191000000;51824000000;2844000000;17045000000
024171;75.315.333/0001-09;ATACADÃO S.A.;2021;18.2974559687;5.7124431471;68.780123549;1.0605998074;6.58126583581;6945000000;9.21464791898;13.7002161161;77751000000;58924000000;3366000000;18396000000
024171;75.315.333/0001-09;ATACADÃO S.A.;2022;9.17692449017;2.16479765968;76.4104230998;0.914863563403;4.79444066479;10835000000;32.3327031164;56.6339691806;102890000000;92295000000;1998000000;21772000000
024171;75.315.333/0001-09;ATACADÃO S.A.;2023;-3.06813271234;-0.688829959252;77.5488864455;0.941219877295;2.58604210852;12029000000;6.77325298863;0.510320169023;109859000000;92766000000;-639000000;20827000000
024171;75.315.333/0001-09;ATACADÃO S.A.;2024;8.57875652251;1.93635964387;77.4284345431;0.998810243607;3.6934864575;15207000000;5.25855869797;8.00077614643;115636000000;100188000000;1940000000;22614000000
023280;75.609.123/0001-23;UNIDAS LOCAÇÕES E SERVIÇOS S.A.;2020;-1.46873063072;-0.252275578727;82.8235638687;3.13785394231;10.319674442;421337000;;;815830000;2226137000;-5616000;382371000
023280;75.609.123/0001-23;UNIDAS LOCAÇÕES E SERVIÇOS S.A.;2021;5.6752342061;1.06785403494;81.1839653456;1.35203052925;22.6786522244;213021000;12.4272213574;49.0794142499;917215000;3318712000;35439000;624450000
023280;75.609.123/0001-23;UNIDAS LOCAÇÕES E SERVIÇOS S.A.;2022;10.1903068616;2.03364701694;80.0433191604;1.55060723276;31.710786285;587099000;49.9280975562;51.33154067;1375163000;5022258000;102135000;1002276000
023280;75.609.123/0001-23;UNIDAS LOCAÇÕES E SERVIÇOS S.A.;2023;4.37843151523;0.681295668451;84.4397322173;1.25491179003;20.4833364979;2366999000;188.003094906;197.181825386;3960512000;14925238000;101685000;2322407000
023280;75.609.123/0001-23;UNIDAS LOCAÇÕES E SERVIÇOS S.A.;2024;4.22937421984;0.588498190796;86.085454722;1.45002973243;18.5777792269;3341794000;68.8203191911;14.4899866923;6686149000;17087903000;100562000;2377704000
023280;75.609.123/0001-23;UNIDAS LOCAÇÕES E SERVIÇOS S.A.;2025;0.0717737771087;0.00988331336261;86.229910476;1.51771277475;19.4347156452;3687487000;9.82027172891;1.31148333415;7342747000;17312008000;1711000;2383879000
014311;76.483.817/0001-20;CIA PARANAENSE DE ENERGIA - COPEL;2020;19.3069135318;8.3569051602;56.7154783884;1.18157943038;22.8262178002;3222768000;;;18633249000;46784664000;3909750000;20250518000
014311;76.483.817/0001-20;CIA PARANAENSE DE ENERGIA - COPEL;2021;22.7668477921;10.1914679445;55.2354896141;1.40224082903;22.70669126;3472845000;28.7176863251;5.88413117598;23984287000;49537535000;5048602000;22175235000
014311;76.483.817/0001-20;CIA PARANAENSE DE ENERGIA - COPEL;2022;5.43897005498;2.31234495621;57.4856097232;1.3033078431;13.2993118619;2678457000;-8.57463888753;0.33543251597;21927721000;49703700000;1149321000;21131225000
014311;76.483.817/0001-20;CIA PARANAENSE DE ENERGIA - COPEL;2023;9.61970913373;4.16912684721;56.6605726924;1.47331529213;17.2011429706;5634623000;-2.04422976743;12.3036594861;21479468000;55819074000;2327168000;24191667000
014311;76.483.817/0001-20;CIA PARANAENSE DE ENERGIA - COPEL;2024;10.9192850081;4.87829776568;55.324018358;1.2610064608;17.9428790807;4161939000;5.4543622775;2.80384801797;22651036000;57384156000;2799370000;25636935000
014311;76.483.817/0001-20;CIA PARANAENSE DE ENERGIA - COPEL;2025;11.6401418709;4.44916527925;61.7773964562;0.983668611196;19.3170686395;3130363000;15.3009336968;5.28072592023;26116856000;60414456000;2687939000;23091978000
018627;76.484.013/0001-45;CIA SANEAMENTO DO PARANA - SANEPAR;2020;14.3499871744;7.55328425187;47.3638257648;1.21217937701;32.7217268741;874323000;;;4799655000;13190858000;996343000;6943163000
018627;76.484.013/0001-45;CIA SANEAMENTO DO PARANA - SANEPAR;2021;15.0470168567;8.04360398342;46.543530455;1.48274405925;36.0991404985;983127000;8.43304362501;10.9904223061;5204412000;14640589000;1177631000;7826342000
018627;76.484.013/0001-45;CIA SANEAMENTO DO PARANA - SANEPAR;2022;13.1051873092;6.91315633195;47.2487026028;1.51555050201;31.5237271547;1207932000;9.01610018577;13.7740838159;5673647000;16657196000;1151538000;8786887000
018627;76.484.013/0001-45;CIA SANEAMENTO DO PARANA - SANEPAR;2023;15.4282855442;7.99495104873;48.1799126299;1.40944209233;37.3015807433;1285158000;10.911658762;12.8875772369;6292736000;18803905000;1503363000;9744200000
018627;76.484.013/0001-45;CIA SANEAMENTO DO PARANA - SANEPAR;2024;14.270835844;7.5353374293;47.1976448215;1.78131059409;34.7041033588;1800757000;8.82736857227;9.06245271926;6848219000;20508000000;1545347000;10828707000
018627;76.484.013/0001-45;CIA SANEAMENTO DO PARANA - SANEPAR;2025;16.8416333267;7.85753030954;53.3446064456;1.19881595048;32.4395581459;5608131000;5.22045220809;29.0517066511;7205727000;26465924000;2079568000;12347781000
011312;76.535.764/0001-43;OI S.A. - EM RECUPERAÇÃO JUDICIAL;2020;-135.50348717;-14.2585717372;89.4773396353;1.87617472787;-19.5084003613;4107941000;;;9284303000;73839787000;-10528499000;7769910000
011312;76.535.764/0001-43;OI S.A. - EM RECUPERAÇÃO JUDICIAL;2021;1174.65410571;-10.8947711878;100.927487601;1.75876093793;-19.4318985138;2917251000;12.9161661355;5.56703799809;10483479000;77950476000;-8492526000;-722981000
011312;76.535.764/0001-43;OI S.A. - EM RECUPERAÇÃO JUDICIAL;2022;88.1897474879;-65.0522361183;173.76394419;0.937708154538;-174.196255113;3005731000;0.0167024706207;-62.0065206529;10485230000;29616098000;-19265934000;-21846002000
011312;76.535.764/0001-43;OI S.A. - EM RECUPERAÇÃO JUDICIAL;2023;19.8939904656;-20.7769258268;204.438201389;0.544362643545;-18.5762783375;1790329000;-7.32010647358;-11.7913473949;9717700000;26123961000;-5427756000;-27283395000
011312;76.535.764/0001-43;OI S.A. - EM RECUPERAÇÃO JUDICIAL;2024;-59.0062310112;48.6326143076;182.419455495;0.996394528764;-61.511007505;1525981000;-67.2718750322;-24.3582242371;3180421000;19760628000;9610110000;-16286602000
007595;76.627.504/0001-06;INEPAR S.A. INDUSTRIA E CONSTRUCOES EM RECUPERACAO JUDICIAL;2020;21.0862741442;-33.3042292185;257.942692914;0.219952016501;-4195.22197631;128000;;;7681000;1629781000;-542786000;-2574120000
007595;76.627.504/0001-06;INEPAR S.A. INDUSTRIA E CONSTRUCOES EM RECUPERACAO JUDICIAL;2021;-103.274684672;86.3948516936;183.655401097;0.12194761722;5810.07586631;10201000;217.471683375;-7.53475466949;24385000;1506981000;1301954000;-1260671000
007595;76.627.504/0001-06;INEPAR S.A. INDUSTRIA E CONSTRUCOES EM RECUPERACAO JUDICIAL;2022;22.6184136888;-27.7694572787;222.773673082;0.0897950876742;-763.859354598;1722000;-56.0303465245;-12.405464966;10722000;1320033000;-366566000;-1620653000
007595;76.627.504/0001-06;INEPAR S.A. INDUSTRIA E CONSTRUCOES EM RECUPERACAO JUDICIAL;2023;-42.451097989;40.924305999;196.403409895;0.0995013873067;-1248.09501774;1874000;-39.5355344152;-11.6230427573;6483000;1166605000;477425000;-1124647000
007595;76.627.504/0001-06;INEPAR S.A. INDUSTRIA E CONSTRUCOES EM RECUPERACAO JUDICIAL;2024;17.2393004764;-25.3818158429;247.232284034;0.077150520081;-2009.40481599;126000;-32.0993367268;-20.0376305605;4402000;932845000;-236773000;-1373449000
007595;76.627.504/0001-06;INEPAR S.A. INDUSTRIA E CONSTRUCOES EM RECUPERACAO JUDICIAL;2025;30.2202994914;-138.488252548;558.262343122;0.148947704293;-6079.00968784;85000;47.7283053158;-60.2730357133;6503000;370591000;-513225000;-1698279000
014761;78.876.950/0001-71;CIA HERING;2020;21.1409371151;14.6530063808;30.6889458067;2.25414308875;7.56165608596;467842000;;;1073495000;2340605000;342969000;1622298000
025429;79.430.682/0001-22;FARMÁCIA E DROGARIA NISSEI S.A.;2020;-21.825623134;-0.650594144653;97.0191268279;0.761331909454;7.81172996204;65186000;;;1613151000;1000009000;-6506000;29809000
025429;79.430.682/0001-22;FARMÁCIA E DROGARIA NISSEI S.A.;2021;42.9290972491;1.84093420211;95.7116866646;1.26244903003;5.48493512442;81717000;15.3036510531;8.33532498208;1860022000;1083363000;19944000;46458000
025429;79.430.682/0001-22;FARMÁCIA E DROGARIA NISSEI S.A.;2022;37.8370949516;1.02464134658;97.2919661303;1.28435727038;6.47844528188;116923000;18.6551019289;11.6067283081;2207011000;1209106000;12389000;32743000
025429;79.430.682/0001-22;FARMÁCIA E DROGARIA NISSEI S.A.;2023;4.05620025205;0.518803169385;87.2096263215;1.4443110327;7.52318827167;325195000;15.5407018814;38.0227209194;2549996000;1668841000;8658000;213451000
025429;79.430.682/0001-22;FARMÁCIA E DROGARIA NISSEI S.A.;2024;-11.2407180777;-2.02999241148;81.9407230264;1.15392366589;4.88624073949;127426000;18.1013225119;16.3137171246;3011579000;1941091000;-39404000;350547000
025429;79.430.682/0001-22;FARMÁCIA E DROGARIA NISSEI S.A.;2025;-15.6703194449;-2.37574607882;84.8391981594;1.14814776453;5.63498118066;108713000;15.6928641088;2.9807979121;3484182000;1998951000;-47490000;303057000
008605;80.227.184/0001-66;METALGRAFICA IGUACU S.A.;2020;72.8224919515;-38.6682526015;153.099326273;0.667165581863;-6.11618323934;611798;;;117749170;76732870;-29671260;-40744637
008605;80.227.184/0001-66;METALGRAFICA IGUACU S.A.;2021;18.1175029598;-10.327014822;157.000210487;0.281576994096;-4.95899608886;213206;-58.6023833544;13.7683563771;48745350;87297725;-9015249;-49759887
008605;80.227.184/0001-66;METALGRAFICA IGUACU S.A.;2022;725.280359763;-74.5291832978;110.275913624;0.267096381579;-64.0665629192;1246501;3.08716626304;-12.6552839722;50250200;76249950;-56828465;-7835379
020362;81.243.735/0001-48;POSITIVO TECNOLOGIA S.A.;2020;18.956034915;6.93335599113;63.4240176164;1.61294433276;12.6667010314;544162000;;;2192173000;2824635000;195842000;1033138000
020362;81.243.735/0001-48;POSITIVO TECNOLOGIA S.A.;2021;17.170406741;5.40459908751;68.5237561985;1.61021773271;9.00758196362;359007000;53.5228743352;32.9069419589;3365487000;3754136000;202896000;1181661000
020362;81.243.735/0001-48;POSITIVO TECNOLOGIA S.A.;2022;21.7843022925;7.29451822397;66.5147952593;1.93437675;12.5188379878;426576000;48.3658977141;11.871946035;4993235000;4199825000;306357000;1406320000
020362;81.243.735/0001-48;POSITIVO TECNOLOGIA S.A.;2023;15.7152190485;5.47558149762;65.1574599074;1.84833670671;12.9519937066;591375000;-21.3609814078;9.09580756341;3926631000;4581833000;250882000;1596427000
020362;81.243.735/0001-48;POSITIVO TECNOLOGIA S.A.;2024;5.16596289094;1.9036992944;63.1491875844;1.97441490997;8.39161180438;566929000;-6.06894307104;-2.5065514173;3688326000;4466987000;85038000;1646121000
020362;81.243.735/0001-48;POSITIVO TECNOLOGIA S.A.;2025;0.776272976005;0.273474025444;64.770894531;1.69126683082;6.8557076847;618362000;-9.04009027402;0.146944685534;3354898000;4473551000;12234000;1575992000
026395;82.120.676/0001-83;ALMEIDA JUNIOR SHOPPING CENTERS S.A.;2020;0.133963068329;0.0447292906046;66.6107299853;0.22442298339;85.0507461155;9308000;;;155874000;4321553000;1933000;1442935000
026395;82.120.676/0001-83;ALMEIDA JUNIOR SHOPPING CENTERS S.A.;2021;2.96787989365;0.995394829469;66.4610811375;0.226221432519;106.828948909;16238000;20.5217034271;1.57029197606;187862000;4389414000;43692000;1472162000
026395;82.120.676/0001-83;ALMEIDA JUNIOR SHOPPING CENTERS S.A.;2022;9.71554306419;3.33892401316;65.6331715983;0.196091720692;172.133034418;5053000;23.9431071744;5.05379533578;232842000;4611246000;153966000;1584739000
026395;82.120.676/0001-83;ALMEIDA JUNIOR SHOPPING CENTERS S.A.;2023;9.19897250481;3.31344157523;63.9803078714;0.299816280743;116.456261158;2124000;14.5102687659;-2.52105396242;266628000;4494994000;148939000;1619083000
026395;82.120.676/0001-83;ALMEIDA JUNIOR SHOPPING CENTERS S.A.;2024;10.1541986209;3.72996407769;63.2667804035;1.10242056603;148.862253896;125608000;4.20135919708;5.84590324258;277830000;4757767000;177463000;1747681000
026395;82.120.676/0001-83;ALMEIDA JUNIOR SHOPPING CENTERS S.A.;2025;12.5875947843;5.95040131591;52.7280515627;2.58316738577;211.286088378;110757000;9.68505920887;8.53593713185;304738000;5163887000;307272000;2441070000
016861;82.508.433/0001-17;CIA CATARINENSE DE AGUAS E SANEAM.-CASAN;2020;8.49627347814;2.98619973542;64.8528293834;0.870902062668;24.2400183968;2300000;;;1143679000;3767464000;112504000;1324157000
016861;82.508.433/0001-17;CIA CATARINENSE DE AGUAS E SANEAM.-CASAN;2021;8.0712446583;3.45346371278;57.212748975;1.08192032824;22.8774539712;142000;6.47839122691;3.72152195748;1217771000;3907671000;134950000;1671985000
016861;82.508.433/0001-17;CIA CATARINENSE DE AGUAS E SANEAM.-CASAN;2022;4.94327778169;2.11792897444;57.1553720432;0.755700538526;16.7531227748;351000;15.7823597376;11.150452533;1409964000;4343394000;91990000;1860911000
016861;82.508.433/0001-17;CIA CATARINENSE DE AGUAS E SANEAM.-CASAN;2023;2.53261914435;1.01166495972;60.0545955763;1.25043807178;15.8498158927;46907000;15.8966470066;15.480911932;1634101000;5015791000;50743000;2003578000
016861;82.508.433/0001-17;CIA CATARINENSE DE AGUAS E SANEAM.-CASAN;2024;10.7610268999;4.37373527229;59.3557816278;1.10192443416;28.4067452484;351382000;19.3567594659;10.7807721653;1950410000;5556532000;243028000;2258409000
016861;82.508.433/0001-17;CIA CATARINENSE DE AGUAS E SANEAM.-CASAN;2025;14.8820593938;6.28155717326;57.791075771;1.20192480409;30.2492943195;4786000;11.1622684461;10.893485361;2168120000;6161832000;387059000;2600843000
011223;82.636.986/0001-55;TEKA-TECELAGEM KUEHNRICH S.A. - EM RECUPERAÇÃO JUDICIAL;2020;6.89942228221;-11.5490693056;267.391831275;0.029172041437;-1.54581033922;184000;;;132099000;1002531000;-115783000;-1678155000
011223;82.636.986/0001-55;TEKA-TECELAGEM KUEHNRICH S.A. - EM RECUPERAÇÃO JUDICIAL;2021;4.5581001601;-7.54894404483;265.616019387;0.0364403649983;11.1214883607;610000;72.6455158631;5.86345958379;228063000;1061314000;-80118000;-1757706000
011223;82.636.986/0001-55;TEKA-TECELAGEM KUEHNRICH S.A. - EM RECUPERAÇÃO JUDICIAL;2022;8.32638121259;-14.5191734191;274.375554618;0.0418823912182;-40.4563832026;551000;16.694071375;3.6315360016;266136000;1099856000;-159690000;-1917880000
011223;82.636.986/0001-55;TEKA-TECELAGEM KUEHNRICH S.A. - EM RECUPERAÇÃO JUDICIAL;2023;7.32118425935;-12.8844088833;275.988042738;0.0416459963774;-1.45472870821;314000;11.8413142153;6.94027218109;297650000;1176189000;-151545000;-2069952000
011223;82.636.986/0001-55;TEKA-TECELAGEM KUEHNRICH S.A. - EM RECUPERAÇÃO JUDICIAL;2024;-6.35990688635;12.7870745982;301.057575634;0.0430592929498;-10.6686030939;1691000;12.8889635478;-2.39638357441;336014000;1148003000;146796000;-2308147000
004146;82.640.558/0001-04;KARSTEN S.A.;2020;-42.0546492616;15.8304035613;137.642457705;1.75262914596;22.0725211421;8649000;;;380165000;508572000;80509000;-191439000
004146;82.640.558/0001-04;KARSTEN S.A.;2021;-42.913985398;9.11626830073;121.243117404;1.72177139687;12.2133543881;6294000;44.5890600134;23.9895236073;549677000;630576000;57485000;-133954000
004146;82.640.558/0001-04;KARSTEN S.A.;2022;13.6337846551;-3.51072342884;125.750175154;1.57064883621;3.01722871387;5724000;11.4439934725;-4.48003095582;612582000;602326000;-21146000;-155100000
004146;82.640.558/0001-04;KARSTEN S.A.;2023;-37.3295555162;6.53166447447;117.497300421;1.70747760883;10.1350592653;6158000;9.03503530956;7.16306451988;667929000;645471000;42160000;-112940000
004146;82.640.558/0001-04;KARSTEN S.A.;2024;2165.09416712;16.7591605771;99.2259384912;1.73955987545;12.0049951079;10650000;4.66441792466;9.46006869402;699084000;706533000;118409000;5469000
004146;82.640.558/0001-04;KARSTEN S.A.;2025;92.8022628601;9.57173543424;89.6858814222;1.98112182261;12.2151987121;14337000;8.57607955553;4.30524830404;759038000;736951000;70539000;76010000
005380;82.643.537/0001-34;ELECTRO ACO ALTONA S.A.;2020;13.7453713788;6.04995853566;55.9854850848;1.20810198259;12.7159204197;21563000;;;251771000;417226000;25242000;183640000
005380;82.643.537/0001-34;ELECTRO ACO ALTONA S.A.;2021;19.3445452463;7.38648614563;61.8161809875;1.18651464607;11.5102832751;22696000;53.5323766439;17.8291861006;386550000;491614000;36313000;187717000
005380;82.643.537/0001-34;ELECTRO ACO ALTONA S.A.;2022;17.2032712344;7.21306234478;58.0715653059;0.992644675767;11.9041087818;12611000;27.3162592161;4.34731313592;492141000;512986000;37002000;215087000
005380;82.643.537/0001-34;ELECTRO ACO ALTONA S.A.;2023;20.2454264788;8.79452279553;56.5604468509;1.10389832211;11.105213339;14899000;0.678260904903;9.30590698382;495479000;560724000;49313000;243576000
005380;82.643.537/0001-34;ELECTRO ACO ALTONA S.A.;2024;22.5113248463;10.7545529186;52.2260329323;1.15508447769;17.9138944913;12904000;13.8772783508;10.3437698404;564238000;618724000;66541000;295589000
005380;82.643.537/0001-34;ELECTRO ACO ALTONA S.A.;2025;25.585310128;14.20059459;44.4970785227;1.43441909488;10.1871400979;30061000;-1.45045175972;3.61873791868;556054000;641114000;91042000;355837000
025453;82.901.000/0001-27;INTELBRAS S.A. IND. DE TELECOMUNICAÇÃO ELETRÔNICA BRASILEIRA;2020;33.5941325302;13.4289867535;60.0257969412;1.88945514537;18.1024336855;752981000;;;2134376000;2442150000;327956000;976230000
025453;82.901.000/0001-27;INTELBRAS S.A. IND. DE TELECOMUNICAÇÃO ELETRÔNICA BRASILEIRA;2021;18.9412543854;10.2229992947;46.0278654906;2.33063568498;11.7456364595;940858000;44.6404944583;45.6010482567;3087172000;3555796000;363509000;1919139000
025453;82.901.000/0001-27;INTELBRAS S.A. IND. DE TELECOMUNICAÇÃO ELETRÔNICA BRASILEIRA;2022;21.3161872043;9.60920980186;54.9205976202;2.18838939152;10.9476794886;1556826000;37.1035692213;40.2606336247;4232623000;4987382000;479248000;2248282000
025453;82.901.000/0001-27;INTELBRAS S.A. IND. DE TELECOMUNICAÇÃO ELETRÔNICA BRASILEIRA;2023;20.794870407;11.1605194869;46.3304205872;2.64494403075;12.703853813;1303169000;-3.04650331485;-1.98695427782;4103676000;4888285000;545558000;2623522000
025453;82.901.000/0001-27;INTELBRAS S.A. IND. DE TELECOMUNICAÇÃO ELETRÔNICA BRASILEIRA;2024;17.8124249967;9.48756634547;46.7362453611;2.26945491772;11.4444972884;887969000;15.8996470482;13.9360941516;4756146000;5569521000;528412000;2966536000
025453;82.901.000/0001-27;INTELBRAS S.A. IND. DE TELECOMUNICAÇÃO ELETRÔNICA BRASILEIRA;2025;16.0486249785;9.083024484;43.4030984201;2.41834632273;9.53174606911;1070774000;-6.2186274349;-4.37809642876;4460379000;5325682000;483733000;3014171000
003549;82.981.929/0001-03;CIA INDUSTRIAL SCHLOSSER S.A.;2020;0.581341009776;-4.80333607908;926.251029654;0.0197975946848;-143.540669856;43000;;;209000;19424000;-933000;-160491000
003549;82.981.929/0001-03;CIA INDUSTRIAL SCHLOSSER S.A.;2021;0.2789859575;-2.38906033841;956.337128871;0.0148057516809;-380;258000;-76.0765550239;-3.24341021417;50000;18794000;-449000;-160940000
003549;82.981.929/0001-03;CIA INDUSTRIAL SCHLOSSER S.A.;2022;0.152618713784;-1.31811605851;963.666077265;0.0131976734403;;119000;-100;-0.69703096733;0;18663000;-246000;-161186000
003549;82.981.929/0001-03;CIA INDUSTRIAL SCHLOSSER S.A.;2023;0.0520865629069;-0.450353849453;964.625777397;0.013113779841;;143000;;-0.0589401489578;0;18652000;-84000;-161270000
003549;82.981.929/0001-03;CIA INDUSTRIAL SCHLOSSER S.A.;2024;0.144115292234;-0.332383665717;330.637332489;0.186762594769;;6892000;;204.857387948;0;56862000;-189000;-131145000
003549;82.981.929/0001-03;CIA INDUSTRIAL SCHLOSSER S.A.;2025;0.211530706193;-0.49379207446;333.437538855;0.184930546599;;121000;;-0.990116422215;0;56299000;-278000;-131423000
007544;82.982.075/0001-80;TEXTIL RENAUXVIEW S.A.;2020;5.78086004217;-9.34894188044;261.722335643;0.207986640189;4.50823597012;169000;;;83536000;191519000;-17905000;-309729000
007544;82.982.075/0001-80;TEXTIL RENAUXVIEW S.A.;2021;6.56351001696;-10.3569069019;257.795247896;0.321177601638;19.2476647623;236000;94.0265274852;9.85385262037;162082000;210391000;-21790000;-331987000
007544;82.982.075/0001-80;TEXTIL RENAUXVIEW S.A.;2022;-0.339436951778;0.447863575092;231.943081844;0.412639897914;15.0901738512;178000;31.0589701509;19.1809535579;212423000;250746000;1123000;-330842000
007544;82.982.075/0001-80;TEXTIL RENAUXVIEW S.A.;2023;-5.33152909337;8.51612443866;259.731369547;0.339519139589;35.7860313011;424000;-37.5251267518;-21.5831957439;132711000;196627000;16745000;-314075000
007544;82.982.075/0001-80;TEXTIL RENAUXVIEW S.A.;2024;11.5329064702;-22.5186961238;295.256036993;0.288392451766;5.18762108698;298000;-11.3231005719;-10.9125399869;117684000;175170000;-39446000;-342030000
007544;82.982.075/0001-80;TEXTIL RENAUXVIEW S.A.;2025;14.3350348634;-32.988952064;330.12816068;0.378388619435;-8.11867346675;100000;-1.53206893036;-1.20226066107;115881000;173064000;-57092000;-398269000
013773;83.475.913/0001-91;PBG S/A;2020;30.7399133236;6.3040238157;79.4923825928;1.23775080338;8.67853549385;326325000;;;1331780000;2034288000;128242000;417184000
013773;83.475.913/0001-91;PBG S/A;2021;60.7097431751;10.0225879286;83.4909729404;1.26886534188;15.1005137211;189718000;43.5767919626;6.0492417986;1912127000;2157347000;216222000;356157000
013773;83.475.913/0001-91;PBG S/A;2022;32.7676759894;6.17416131335;81.157768664;1.16716731545;14.3054453514;256088000;14.8815429101;14.9453472251;2196681000;2479770000;153105000;467244000
013773;83.475.913/0001-91;PBG S/A;2023;-9.09430061478;-1.06501561889;88.2891971136;1.00801565285;6.1901997139;486472000;-0.266174287482;32.9158752626;2190834000;3296008000;-35103000;385989000
013773;83.475.913/0001-91;PBG S/A;2024;-27.4890264309;-3.04822261464;88.911129238;0.747830923903;5.40126571659;79440000;9.90362574253;1.54010548518;2407806000;3346770000;-102017000;371119000
013773;83.475.913/0001-91;PBG S/A;2025;-1100.75466003;-8.37433106571;99.239219113;0.858388859316;4.39430147482;171306000;8.23745766893;4.08620849356;2606148000;3483526000;-291722000;26502000
002461;83.878.892/0001-55;CENTRAIS ELET DE SANTA CATARINA S.A.;2020;26.1349402058;4.86240413887;81.3950056875;1.12297475244;7.6945262849;1166205000;;;8858700000;10667254000;518685000;1984642000
002461;83.878.892/0001-55;CENTRAIS ELET DE SANTA CATARINA S.A.;2021;21.4838887619;4.70948705266;78.0789823256;1.14730167319;7.03052051968;844088000;28.027250048;12.102374238;11341550000;11958245000;563172000;2621369000
002461;83.878.892/0001-55;CENTRAIS ELET DE SANTA CATARINA S.A.;2022;18.7488380869;4.64876922364;75.2050276284;0.97902735894;7.95754886941;940684000;-11.0982096803;-2.76109077879;10082841000;11628067000;540562000;2883176000
002461;83.878.892/0001-55;CENTRAIS ELET DE SANTA CATARINA S.A.;2023;18.994757835;4.5278993837;76.1623737295;0.914039975597;7.93169366759;906196000;3.17139782329;5.79798860808;10402608000;12302261000;557034000;2932567000
002461;83.878.892/0001-55;CENTRAIS ELET DE SANTA CATARINA S.A.;2024;19.4973468374;5.49022308897;71.8411785216;1.2782114149;11.4439182884;1019482000;2.46332458168;5.97855142238;10658858000;13037758000;715802000;3671279000
002461;83.878.892/0001-55;CENTRAIS ELET DE SANTA CATARINA S.A.;2025;18.3822964295;5.27433565871;71.3075258092;1.30335528644;11.8818924872;418813000;11.6468199501;6.08442801285;11900276000;13831031000;729495000;3968465000
005410;84.429.695/0001-11;WEG S.A.;2020;20.0829602077;12.0231307911;40.1326763247;2.13465642216;16.1213246564;3892140000;;;17469557000;19927896000;2395957000;11930298000
005410;84.429.695/0001-11;WEG S.A.;2021;26.1049577065;15.2822987143;41.4582513938;2.01137478803;17.6475124195;2714427000;34.8822869406;20.0969083741;23563338000;23932787000;3657480000;14010672000
005410;84.429.695/0001-11;WEG S.A.;2022;28.0218554723;15.1872174748;45.80224179;1.91498056539;16.8922720633;4451002000;26.9120784161;17.5569732017;29904722000;28134660000;4272872000;15248355000
005410;84.429.695/0001-11;WEG S.A.;2023;32.8629997934;18.6295551822;43.3114587854;1.92182786885;19.881258695;6488454000;8.69053054564;11.9482872727;32503601000;31496270000;5867615000;17854776000
005410;84.429.695/0001-11;WEG S.A.;2024;27.3241241369;15.2297144778;44.2627533035;1.76141401742;20.245188998;7347599000;16.8699461946;31.7289348866;37986941000;41489701000;6318763000;23125217000
005410;84.429.695/0001-11;WEG S.A.;2025;36.52145239;15.8892091294;56.4934905662;1.54780998092;19.6027826609;6296498000;7.4161512505;2.78461635576;40804110000;42645030000;6775958000;18553364000
006343;84.683.374/0001-49;TUPY S.A.;2020;-2.98458129508;-1.24662233396;58.2312488519;2.19926977698;5.09233379588;1425113000;;;4257596000;6113319000;-76210000;2553457000
006343;84.683.374/0001-49;TUPY S.A.;2021;7.37000465638;2.70166489407;63.3424262259;1.91548333502;6.14503140472;1272445000;66.3505649667;22.8567984102;7082535000;7510628000;202912000;2753214000
006343;84.683.374/0001-49;TUPY S.A.;2022;16.5511343413;4.90294201318;70.377003098;1.89558289791;7.71173039105;1509829000;43.7114818352;36.3835088091;10178416000;10243258000;502221000;3034360000
006343;84.683.374/0001-49;TUPY S.A.;2023;15.53598398;5.02698900167;67.6429313512;1.90546755411;7.2978636001;1593098000;11.6891862152;0.405017622323;11368190000;10284745000;517013000;3327842000
006343;84.683.374/0001-49;TUPY S.A.;2024;2.35586810911;0.716193043041;69.5996121229;2.2000923638;5.24764395304;2376203000;-6.18462569679;11.9217151227;10665110000;11510863000;82440000;3499347000
006343;84.683.374/0001-49;TUPY S.A.;2025;-26.042740919;-6.96951682885;73.2381593376;2.39915241759;-1.61437985637;1853156000;-9.11534902125;-18.4106265534;9692948000;9391641000;-654552000;2513376000
005207;84.683.408/0001-03;DOHLER S.A.;2020;12.8169884288;9.66732330578;24.5741434542;5.2436676912;13.2636968648;92318000;;;521853000;869072000;84016000;655505000
005207;84.683.408/0001-03;DOHLER S.A.;2021;10.9751321715;8.37634364353;23.6788813782;4.32057630088;12.3812913367;35026000;29.22029767;6.25379715375;674340000;923422000;77349000;704766000
005207;84.683.408/0001-03;DOHLER S.A.;2022;0.49163569823;0.358799659542;27.0192012431;7.24555170678;0.848717718753;41396000;-5.75273600854;5.09366248584;635547000;970458000;3482000;708248000
005207;84.683.408/0001-03;DOHLER S.A.;2023;0.0659412656769;0.0477063657863;27.6532452077;6.03651895944;-0.0169873775695;42409000;-2.74425022854;0.870413763398;618106000;978905000;467000;708206000
005207;84.683.408/0001-03;DOHLER S.A.;2024;-2.21848870603;-1.53819341152;30.6648076532;6.06864154214;-2.73086379622;84806000;1.53064361129;1.98936566878;627567000;998379000;-15357000;692228000
005207;84.683.408/0001-03;DOHLER S.A.;2025;1.46663974534;0.978138480801;33.3075157747;5.09300506402;-0.20158539854;141191000;-0.718010985281;4.87910903575;623061000;1047091000;10242000;698331000
011991;84.683.671/0001-94;WETZEL S.A.;2020;-13.4379661457;13.521567945;200.622131344;0.36512943851;31.8950664552;1357000;;;146264000;183884000;24864000;-185028000
011991;84.683.671/0001-94;WETZEL S.A.;2021;-261.364871666;57.9979272575;122.190406418;0.905883381032;7.54178389912;722000;66.9399168627;21.7387048357;244173000;223858000;129833000;-49675000
011991;84.683.671/0001-94;WETZEL S.A.;2022;-245.752836553;8.97957354309;103.653904333;1.04988962472;2.70967565797;1251000;20.0067165493;19.6030519347;293024000;267741000;24042000;-9783000
011991;84.683.671/0001-94;WETZEL S.A.;2023;437.465469613;-8.45326981204;101.932328469;1.01033689669;-4.4935396276;303000;-8.50715299771;11.9522224837;268096000;299742000;-25338000;-5792000
011991;84.683.671/0001-94;WETZEL S.A.;2024;125.534514356;9.33470363452;92.5640341364;0.882982988716;23.228333792;526000;4.35776736691;17.5123939922;279779000;352234000;32880000;26192000
011991;84.683.671/0001-94;WETZEL S.A.;2025;-432.606721163;-8.69636662406;97.9897754245;0.764535325399;-2.0854318413;35000;-29.3867659832;-6.704066047;197561000;328620000;-28578000;6606000
026255;84.684.455/0001-63;TIGRE S.A. PARTICIPAÇÕES;2020;32.3220015872;11.1818558912;65.404816094;1.23135586779;14.7015178139;394726000;;;3330316000;4021184000;449643000;1391136000
026255;84.684.455/0001-63;TIGRE S.A. PARTICIPAÇÕES;2021;34.2375813261;10.527765186;69.2508501528;1.59616501069;15.7055713014;645818000;69.764310654;34.4621136461;5653688000;5406969000;569233000;1662597000
026255;84.684.455/0001-63;TIGRE S.A. PARTICIPAÇÕES;2022;30.9661224281;9.86857128952;68.131071908;1.40967999023;15.6512120447;1500429000;4.01644024219;14.7613940454;5880765000;6205113000;612356000;1977503000
026255;84.684.455/0001-63;TIGRE S.A. PARTICIPAÇÕES;2023;13.8686959721;5.59303904394;59.6714856596;1.74938461384;10.2923411107;747714000;-16.6834076859;-21.4734042716;4899653000;4872664000;272530000;1965073000
026255;84.684.455/0001-63;TIGRE S.A. PARTICIPAÇÕES;2024;-9.7308805951;-3.63462215198;62.6485792683;2.25771476958;8.26308962831;150959000;-1.56021252934;5.03270900682;4823208000;5117891000;-186016000;1911605000
026255;84.684.455/0001-63;TIGRE S.A. PARTICIPAÇÕES;2025;9.90368055638;4.36730656781;55.9021866371;2.69531959434;13.2111756264;305224000;2.18400284624;-13.8886115394;4928547000;4407087000;192471000;1943429000
014664;84.693.183/0001-68;SCHULZ S.A.;2020;19.103392351;7.95626994061;58.3515336208;2.28097163934;13.6696724922;166764000;;;1051181000;1782481000;141819000;742376000
014664;84.693.183/0001-68;SCHULZ S.A.;2021;21.2129917962;8.83698109401;58.3416560054;2.96360668132;14.099034397;74288000;62.2622555012;22.3457641344;1705670000;2180790000;192716000;908481000
014664;84.693.183/0001-68;SCHULZ S.A.;2022;24.216387755;11.3900558658;52.9655042648;2.70687231679;18.1062646736;71953000;22.7106063893;8.69097895717;2093038000;2370322000;269981000;1114869000
014664;84.693.183/0001-68;SCHULZ S.A.;2023;21.4052706701;11.6755948254;45.4545798303;2.91554525406;15.7991485968;63979000;-7.99201925622;0.41293967655;1925762000;2380110000;277892000;1298241000
014664;84.693.183/0001-68;SCHULZ S.A.;2024;17.9127536706;9.80637113812;45.2548094031;3.16034677151;14.9171123077;26838000;1.04498894464;9.33519879333;1945886000;2602298000;255191000;1424633000
014664;84.693.183/0001-68;SCHULZ S.A.;2025;19.2583101279;9.33784673151;51.5126370408;2.60172485927;12.2896190759;26052000;-0.360863894391;18.879697867;1938864000;3093604000;288876000;1500007000
015407;85.041.333/0001-11;PORTO PONTA DO FELIX S/A;2020;10.7880671132;6.79076470974;37.052999036;0.374072813882;17.0907194995;304;;;95900;213702;14512;134519
015407;85.041.333/0001-11;PORTO PONTA DO FELIX S/A;2021;7.09436359995;3.53777483882;50.1325976745;1.41872327156;11.3126404108;34166;13.7174139729;35.8677036247;109055;290352;10272;144791
015407;85.041.333/0001-11;PORTO PONTA DO FELIX S/A;2022;3.97718955031;1.88666738215;52.5627994773;0.434385815973;10.3055184389;1775000;141954.009445;109009.632446;154917000;316802000;5977000;150282000
015407;85.041.333/0001-11;PORTO PONTA DO FELIX S/A;2023;-3.41748490344;-1.26792118161;62.8989968521;0.310561062349;22.082337552;280000;16.9535945054;22.4357800771;181181000;387879000;-4918000;143907000
015407;85.041.333/0001-11;PORTO PONTA DO FELIX S/A;2024;15.5639372186;6.28937929746;59.5900496828;0.231014384075;23.8476698791;608000;17.0608397128;4.87316920999;212092000;406781000;25584000;164380000
013439;85.778.074/0001-06;METALURGICA RIOSULENSE S.A.;2020;69.7751161085;-2.40633258728;103.44869736;0.453235783481;32.262441817;120000;;;195289000;237249000;-5709000;-8182000
013439;85.778.074/0001-06;METALURGICA RIOSULENSE S.A.;2021;110.961985454;31.2637316208;71.8248267703;1.66303913352;21.1467992126;786000;65.4512030888;19.7122011052;323108000;284016000;88794000;80022000
013439;85.778.074/0001-06;METALURGICA RIOSULENSE S.A.;2022;46.768071468;20.2106096261;56.7854542818;2.16739918267;26.1990473166;1062000;21.8245911584;16.5564616078;393625000;331039000;66905000;143057000
013439;85.778.074/0001-06;METALURGICA RIOSULENSE S.A.;2023;28.6212859114;15.1325629964;47.1282910095;2.39154270817;25.3742315476;6475000;-13.2593204192;8.04739018665;341433000;357679000;54126000;189111000
013439;85.778.074/0001-06;METALURGICA RIOSULENSE S.A.;2024;24.9046970873;14.8676186546;40.3019494574;2.80233810383;22.2969281842;1351000;11.5158757355;10.4434423044;380752000;395033000;58732000;235827000
013439;85.778.074/0001-06;METALURGICA RIOSULENSE S.A.;2025;23.5206528324;14.2118099506;39.5773150864;2.73826590575;22.4856109975;2392000;10.4288355675;14.7959790701;420460000;453482000;64448000;274006000
008753;86.375.425/0001-09;METISA METALURGICA TIMBOENSE S.A.;2020;20.5046577933;16.0558262239;21.6966877199;4.08903944213;19.1091485284;89375187;;;367647302;356264039;57201135;278966543
008753;86.375.425/0001-09;METISA METALURGICA TIMBOENSE S.A.;2021;16.836659935;11.3675498405;32.4833435823;2.5763561491;13.1265688117;65630582;58.2367717199;31.3280078206;581753222;467874465;53185863;315893195
008753;86.375.425/0001-09;METISA METALURGICA TIMBOENSE S.A.;2022;23.9460648162;17.3115225665;27.7061901428;3.14683553829;15.3131082018;87299517;37.2773698192;13.3003193496;798615522;530103263;91768946;383231845
008753;86.375.425/0001-09;METISA METALURGICA TIMBOENSE S.A.;2023;19.657030966;15.8602425801;19.3151671405;4.43180198443;14.3659433106;156009606;-28.2712140924;3.80890430399;572837218;550294389;87278025;444004108
008753;86.375.425/0001-09;METISA METALURGICA TIMBOENSE S.A.;2024;6.64427888406;5.49261117286;17.3332235341;4.93601774866;6.36128473313;168625460;-11.4994120372;0.974424254942;506964306;555656591;30520056;459343392
008753;86.375.425/0001-09;METISA METALURGICA TIMBOENSE S.A.;2025;8.92184633929;6.61501507014;25.855985201;4.90586053721;6.28671455797;230694014;5.05718365111;10.6850331593;532602422;615028682;40684240;456006957
019658;86.550.951/0001-50;POMIFRUTAS S/A EM RECUPERACAO JUDICIAL;2020;-3.28050689074;6.40957130982;295.383564897;0.0596287200231;10.2809606027;1729000;;;12742000;33684000;2159000;-65813000
019658;86.550.951/0001-50;POMIFRUTAS S/A EM RECUPERACAO JUDICIAL;2021;-0.441446965052;0.899494034606;303.760384784;0.049038191913;-3.60601427115;30000;23.1831737561;-4.9459684123;15696000;32018000;288000;-65240000
019658;86.550.951/0001-50;POMIFRUTAS S/A EM RECUPERACAO JUDICIAL;2022;7.38216922203;-16.0167559909;316.965440769;0.0350254073026;-87.0645895326;92000;-63.6021916412;1.39921294272;5713000;32466000;-5200000;-70440000
019658;86.550.951/0001-50;POMIFRUTAS S/A EM RECUPERACAO JUDICIAL;2023;7.17410784882;-17.7693638411;347.687436759;0.0324062877872;-16.4254415084;12000;31.822159986;-5.63358590525;7531000;30637000;-5444000;-75884000
010561;87.043.832/0001-73;SEIVA S.A. - FLORESTAS E INDÚSTRIAS;2020;2.82024919831;2.80271294634;0.621797959452;10.127543036;;4133000;;;0;411066000;11521000;408510000
010561;87.043.832/0001-73;SEIVA S.A. - FLORESTAS E INDÚSTRIAS;2021;15.7861430606;15.7585394978;0.174859449044;38.3793884485;;31955000;;22.8457230712;0;504977000;79577000;504094000
010561;87.043.832/0001-73;SEIVA S.A. - FLORESTAS E INDÚSTRIAS;2022;28.0970513871;27.8885675141;0.742013352761;1.37708978328;;1980000;;-8.94040718686;0;459830000;128240000;456418000
010561;87.043.832/0001-73;SEIVA S.A. - FLORESTAS E INDÚSTRIAS;2023;19.9959521473;19.8419524548;0.770154336484;1.55140466228;;2768000;;-0.378400713307;0;458090000;90894000;454562000
010561;87.043.832/0001-73;SEIVA S.A. - FLORESTAS E INDÚSTRIAS;2024;7.77156822757;7.72856705926;0.553313913645;0.509603841537;;1617000;;33.4687506822;0;611407000;47253000;608024000
010561;87.043.832/0001-73;SEIVA S.A. - FLORESTAS E INDÚSTRIAS;2025;12.6539576283;12.5759027885;0.616841324696;0.625143843498;;2151000;;-6.48062583516;0;571784000;71907000;568257000
013285;87.456.562/0001-22;JOSAPAR-JOAQUIM OLIVEIRA S.A. - PARTICIP;2020;5.50640966839;1.8908319897;65.6612547273;1.76039748522;7.50894614793;10965000;;;1564081000;2031804000;38418000;697696000
013285;87.456.562/0001-22;JOSAPAR-JOAQUIM OLIVEIRA S.A. - PARTICIP;2021;5.13461713721;1.69286198156;67.0304146089;2.20685715585;4.17832152119;4307000;28.0459260102;8.10964049682;2002742000;2196576000;37185000;724202000
013285;87.456.562/0001-22;JOSAPAR-JOAQUIM OLIVEIRA S.A. - PARTICIP;2022;4.96173702075;1.54510310294;68.8596333003;1.73025664146;5.74168993224;39202000;13.1381875449;9.78991849132;2265866000;2411619000;37262000;750987000
013285;87.456.562/0001-22;JOSAPAR-JOAQUIM OLIVEIRA S.A. - PARTICIP;2023;2.97680663997;0.932064952256;68.6890999321;2.0575367544;5.98210417931;4885000;-6.47487538981;-0.97809811583;2119154000;2388031000;22258000;747714000
013285;87.456.562/0001-22;JOSAPAR-JOAQUIM OLIVEIRA S.A. - PARTICIP;2024;3.78444556471;1.25287241223;66.8941621486;1.87716567256;4.95511520333;11606000;4.39161099193;-3.39911835315;2212219000;2306859000;28902000;763705000
013285;87.456.562/0001-22;JOSAPAR-JOAQUIM OLIVEIRA S.A. - PARTICIP;2025;2.18938606705;0.726579158705;66.8135661571;2.9496630153;5.01462158668;12311000;-18.5374504061;0.184016448339;1802130000;2311104000;16792000;766973000
003298;87.762.563/0001-03;CIA HABITASUL DE PARTICIPACOES;2020;0.472955512941;0.104299759458;77.9472367687;0.536322752549;46.3819244872;13473000;;;100910000;1333656000;1391000;294108000
003298;87.762.563/0001-03;CIA HABITASUL DE PARTICIPACOES;2021;41.7418216108;14.3606217209;65.5965619929;1.0554989305;5.57103898828;2335000;164.544643742;-0.844445644154;266952000;1322394000;189904000;454949000
003298;87.762.563/0001-03;CIA HABITASUL DE PARTICIPACOES;2022;12.5734247478;4.53856026135;63.9035477415;0.558830634252;44.2399056882;6209000;-36.4492493032;1.11025912096;169650000;1337076000;60684000;482637000
003298;87.762.563/0001-03;CIA HABITASUL DE PARTICIPACOES;2023;41.1060690924;17.6572389862;57.0446910249;1.67878263902;96.1638770072;217000;87.1394046566;19.058901663;317482000;1591908000;281087000;683809000
003298;87.762.563/0001-03;CIA HABITASUL DE PARTICIPACOES;2024;2.33755559098;0.938893174305;59.8344023163;1.38402648602;12.8863834134;572000;-83.3496072218;0.084866713403;52862000;1593259000;14959000;639942000
003298;87.762.563/0001-03;CIA HABITASUL DE PARTICIPACOES;2025;11.6461861197;4.53728890917;61.0405598661;0.616761945249;113.585945061;1432000;27.0572433884;3.13765684048;67165000;1643250000;74559000;640201000
006211;88.610.126/0001-29;FRAS-LE S.A.;2020;19.0661816841;6.30232725601;66.9449952779;1.76797790906;14.3632738784;443243000;;;1670789000;2888552000;182046000;954811000
006211;88.610.126/0001-29;FRAS-LE S.A.;2021;19.0443553309;6.83323394926;64.119373796;1.95269769357;10.6570995048;363599000;54.5477017146;6.70806687918;2582166000;3082318000;210622000;1105955000
006211;88.610.126/0001-29;FRASLE MOBILITY S.A.;2022;11.4330103158;5.3992484086;52.7749187706;2.65545407516;10.8901693202;567855000;18.4343299385;22.1767513929;3058171000;3765876000;203329000;1778438000
006211;88.610.126/0001-29;FRASLE MOBILITY S.A.;2023;20.8870601156;9.93691460555;52.4254990863;2.13111254026;16.0108562183;1050412000;10.8066553505;3.88018617713;3388657000;3911999000;388732000;1861114000
006211;88.610.126/0001-29;FRASLE MOBILITY S.A.;2024;16.6424826281;7.69471666543;53.764610501;2.05313366493;13.0912840261;844881000;17.0309063443;24.4789173003;3965776000;4869614000;374703000;2251485000
006211;88.610.126/0001-29;FRASLE MOBILITY S.A.;2025;11.4111693783;3.92052235603;65.6431148635;2.40728793007;13.1874355977;1316248000;38.4565845373;48.3209962843;5490878000;7222660000;283166000;2481481000
005312;88.610.191/0001-54;MUNDIAL S.A. - PRODUTOS DE CONSUMO;2020;5.86514294691;-0.807376580223;113.765676089;0.337814418486;9.39412264549;3903000;;;514279000;1109891000;-8961000;-152784000
005312;88.610.191/0001-54;MUNDIAL S.A. - PRODUTOS DE CONSUMO;2021;79.0936237921;-45.8830778402;158.011095763;0.260498562976;13.8160112868;4340000;34.3774488167;12.4474385323;691075000;1248044000;-572641000;-724004000
005312;88.610.191/0001-54;MUNDIAL S.A. - PRODUTOS DE CONSUMO;2022;556.500451135;68.6258673626;87.6683177484;0.76274101462;11.9989595936;2571000;10.1531671671;2.97858088337;761241000;1285218000;881992000;158489000
005312;88.610.191/0001-54;MUNDIAL S.A. - PRODUTOS DE CONSUMO;2023;-4.65514302274;-0.50571344337;89.1364574429;0.756266977732;12.3788222208;1531000;9.82921308758;5.03852264752;836065000;1349974000;-6827000;146655000
005312;88.610.191/0001-54;MUNDIAL S.A. - PRODUTOS DE CONSUMO;2024;2.33166001002;0.263588112162;88.6952595563;0.844515622939;13.7597682426;1728000;16.017295306;7.29628866926;969980000;1448472000;3818000;163746000
005312;88.610.191/0001-54;MUNDIAL S.A. - PRODUTOS DE CONSUMO;2025;-16.335908513;-1.51141056501;90.7479246482;0.774644689472;14.0622546248;2929000;5.03804202148;0.35464958936;1018848000;1453609000;-21970000;134489000
008451;88.611.835/0001-29;MARCOPOLO S.A.;2020;3.47803447551;1.54766042344;55.5018665187;1.8454502918;4.80440776875;1040931000;;;3589662000;5860911000;90707000;2607996000
008451;88.611.835/0001-29;MARCOPOLO S.A.;2021;12.1225979972;5.38538894743;55.5756204351;1.66195484788;6.51604442884;1322975000;-2.51341212627;13.5407788994;3499439000;6654524000;358372000;2956231000
008451;88.611.835/0001-29;MARCOPOLO S.A.;2022;13.6297329015;5.90644120968;56.6650259961;1.81121151699;4.90763934975;1171473000;54.7567481531;11.1326670397;5415618000;7395350000;436802000;3204773000
008451;88.611.835/0001-29;MARCOPOLO S.A.;2023;22.5996868754;10.1869598381;54.9243319421;2.01528908619;11.9788700593;1536121000;23.4063776286;7.62577836073;6683218000;7959303000;810811000;3587709000
008451;88.611.835/0001-29;MARCOPOLO S.A.;2024;29.943076709;12.9465047433;56.7629443388;1.83798054739;16.9606661146;2093398000;28.5883088057;18.6253746088;8593837000;9441753000;1222377000;4082336000
008451;88.611.835/0001-29;MARCOPOLO S.A.;2025;31.7160519149;12.7075283827;59.933448158;1.89069127898;14.9005006653;2221811000;5.39585519251;2.97500898403;9057548000;9722646000;1235508000;3895529000
009539;88.613.658/0001-10;PETTENATI S.A. INDUSTRIA TEXTIL;2020;1.3270687503;0.572926649677;56.8276587366;1.23505227304;0.908435525218;118596366;;;473890208;701368666;4018328;302797274
009539;88.613.658/0001-10;PETTENATI S.A. INDUSTRIA TEXTIL;2021;21.4777104187;10.1842581898;52.5821980496;1.6289217075;12.2008346272;100822581;59.9733442899;2.98246699832;758098014;722286755;73559548;342492503
009539;88.613.658/0001-10;PETTENATI S.A. INDUSTRIA TEXTIL;2022;19.8319522055;10.0678050665;49.2344225007;1.60476065492;11.0897111781;61537897;11.332969011;12.9524598579;844013027;815840657;82137247;414166221
009539;88.613.658/0001-10;PETTENATI S.A. INDUSTRIA TEXTIL;2023;15.9510195788;8.65731096995;45.7256576787;1.68132881037;10.332419409;110907549;-0.338362668424;-2.8636013417;841157202;792478233;68607305;430112349
009539;88.613.658/0001-10;PETTENATI S.A. INDUSTRIA TEXTIL;2024;7.05415544708;3.8707629686;45.1279037209;2.28911813006;5.2946200177;163398300;-11.2591226438;10.7471457831;746450281;877647024;33971636;481583320
009539;88.613.658/0001-10;PETTENATI S.A. INDUSTRIA TEXTIL;2025;11.3241991064;5.6364150444;50.2268108195;2.48038010163;6.42766108336;236167073;14.4246865117;16.7803606658;854123394;1024919360;57768709;510135052
014109;89.086.144/0001-16;RANDON S.A. IMPLEMENTOS E PARTICIPACOES;2020;31.2784047829;9.27912585305;70.3337624874;1.74539053971;18.9154089056;1660364000;;;5363035000;8980458000;833308000;2664164000
014109;89.086.144/0001-16;RANDONCORP S.A.;2021;27.0162211351;8.25306510288;69.4514452573;1.66000437992;12.1503750998;1890759000;68.8867777294;19.3679320142;9057457000;10719787000;884711000;3274740000
014109;89.086.144/0001-16;RANDONCORP S.A.;2022;17.439298913;5.17298594736;70.3371908861;2.00717798406;11.2285614858;2504862000;23.1296709441;20.1735351645;11152417000;12882347000;666402000;3821266000
014109;89.086.144/0001-16;RANDONCORP S.A.;2023;17.0326719533;5.17536348854;69.6150815166;1.81474474207;11.7981862891;2864807000;-2.37234672986;-0.482862323147;10887843000;12820143000;663489000;3895390000
014109;89.086.144/0001-16;RANDONCORP S.A.;2024;15.3448064729;4.48058238969;70.8006588574;1.91245382429;10.7423365446;2252138000;9.440786389;20.4170343498;11915741000;15437636000;691696000;4507688000
014109;89.086.144/0001-16;RANDONCORP S.A.;2025;-1.25931278772;-0.313413961339;75.1123021702;2.15525108843;6.51586143048;3821860000;10.3017093104;23.5767250893;13143266000;19077325000;-59791000;4747907000
020745;89.096.457/0001-55;SLC AGRICOLA S.A.;2020;16.2151252056;5.94838626908;63.3158165992;1.79769175178;20.1630175047;1604053000;;;3873081000;8589691000;510948000;3151058000
020745;89.096.457/0001-55;SLC AGRICOLA S.A.;2021;29.9453453797;8.78850346209;70.6515207934;1.33335925553;30.2538798732;139780000;63.2903881948;49.7881937779;6324369000;12866343000;1130759000;3776076000
020745;89.096.457/0001-55;SLC AGRICOLA S.A.;2022;27.3001442683;8.99043601832;67.0681739629;1.53227843275;26.1248046083;1235775000;51.6310955291;15.5603344322;9589710000;14868389000;1336733000;4896432000
020745;89.096.457/0001-55;SLC AGRICOLA S.A.;2023;17.8940094997;5.91549690161;66.9414677481;1.82343934894;21.2141492486;1613703000;-4.87591387018;6.64449255397;9122124000;15856318000;937980000;5241866000
020745;89.096.457/0001-55;SLC AGRICOLA S.A.;2024;11.7363398888;2.74105852726;76.6446903105;1.36526729699;19.3903296506;1979575000;-14.4538377246;10.8349491982;7803627000;17574342000;481723000;4104542000
020745;89.096.457/0001-55;SLC AGRICOLA S.A.;2025;9.99415606403;2.64843052706;73.5002084209;1.80129219342;18.5726227543;2647586000;25.0599753166;21.4351695216;9759214000;21341432000;565213000;5655435000
020060;89.463.822/0001-12;LUPATECH S.A;2020;14.6776034237;4.17734958151;71.5392938416;2.55350864675;10.9130546294;21015000;;;54586000;492609000;20578000;140200000
020060;89.463.822/0001-12;LUPATECH S.A;2021;-28.4963914221;-8.21826307189;71.1603376366;2.70963506559;-52.4248287067;19176000;71.3864360825;2.11465888768;93553000;503026000;-41340000;145071000
020060;89.463.822/0001-12;LUPATECH S.A;2022;29.2297529115;9.57351396436;67.2473660884;1.52792246102;-53.6171754688;13171000;17.9972849615;13.9308902522;110390000;573102000;54866000;187706000
020060;89.463.822/0001-12;LUPATECH S.A;2023;32.9957446275;10.9056298147;66.9483748957;1.41579704231;-35.1852925153;19907000;-21.8507111151;-15.7621156443;86269000;482769000;52649000;159563000
020060;89.463.822/0001-12;LUPATECH S.A;2024;-22.9599653129;-6.24455822089;72.802405684;1.39270812018;21.5379242571;3515000;42.7245012693;5.39098409384;123127000;508795000;-31772000;138380000
020060;89.463.822/0001-12;LUPATECH S.A;2025;-80.8056935679;-12.534029298;84.4886805068;1.2473265206;-118.87270911;384000;-57.7233263216;-5.63959944575;52054000;480101000;-60176000;74470000
012653;89.637.490/0001-45;KLABIN S.A.;2020;-54.4953305323;-6.77480101437;87.5681073072;2.98490509958;26.9045227493;5208830000;;;11948794000;35270261000;-2389490000;4384761000
012653;89.637.490/0001-45;KLABIN S.A.;2021;48.0491804736;8.09225618003;83.1583887586;2.49372419712;33.4126834463;6405200000;37.9334851701;19.2951393243;16481388000;42075707000;3404874000;7086227000
012653;89.637.490/0001-45;KLABIN S.A.;2022;40.5324618227;9.85532445917;75.6853543654;1.93508012535;33.3983653426;4683945000;21.5474024396;13.0755996566;20032699000;47577358000;4688903000;11568266000
012653;89.637.490/0001-45;KLABIN S.A.;2023;20.7346191318;5.13647320838;75.2275497527;2.70259696838;23.5756168153;9558829000;-10.0283541424;16.5148556589;18023749000;55434690000;2847388000;13732531000
012653;89.637.490/0001-45;KLABIN S.A.;2024;23.6991733432;3.44656730857;85.457014645;1.929105447;22.8932479604;6736171000;8.99654672288;7.13658180464;19645264000;59390832000;2046945000;8637200000
012653;89.637.490/0001-45;KLABIN S.A.;2025;11.6533520597;2.63055765341;77.4266010335;2.05872768637;21.6468050959;10106016000;5.35621715239;7.41856083107;20697507000;63796777000;1678211000;14401101000
013030;89.723.993/0001-33;CONSTRUTORA SULTEPA S.A. - EM RECUPERAÇÃO JUDICIAL;2020;26.4658225348;3.73850500378;85.8742157027;0.198859980434;11.304374948;1723000;;;96184000;1577208000;58964000;222793000
013030;89.723.993/0001-33;CONSTRUTORA SULTEPA S.A. - EM RECUPERAÇÃO JUDICIAL;2021;28.6085992425;5.26578718741;81.5936909641;0.202304109181;-17.6371980544;3024000;13.4980869999;7.49837687864;109167000;1695473000;89280000;312074000
013030;89.723.993/0001-33;CONSTRUTORA SULTEPA S.A. - EM RECUPERAÇÃO JUDICIAL;2022;18.8927394835;3.99464005327;78.8562158666;0.207365996276;-2.42497540177;830000;34.0624914122;7.61864093383;146352000;1824645000;72888000;385799000
013030;89.723.993/0001-33;CONSTRUTORA SULTEPA S.A. - EM RECUPERAÇÃO JUDICIAL;2023;15.0796079148;3.49251941648;76.8394547377;0.252575395504;0.756834079853;941000;34.7005848912;7.49915737034;197137000;1961478000;68505000;454289000
013030;89.723.993/0001-33;CONSTRUTORA SULTEPA S.A. - EM RECUPERAÇÃO JUDICIAL;2024;17.2807560331;4.53059838038;73.7824064427;0.267231573764;0.782591080168;3333000;-4.84688313204;7.16276195807;187582000;2101974000;95232000;551087000
013030;89.723.993/0001-33;CONSTRUTORA SULTEPA S.A. - EM RECUPERAÇÃO JUDICIAL;2025;14.5680446106;4.17468928167;71.3435166267;0.287872327267;0.387935990562;1684000;6.63763047627;6.6416616;200033000;2241580000;93579000;642358000
019615;89.850.341/0001-60;GRENDENE S.A.;2020;9.5789576206;8.66619928627;9.52878559944;9.12424329614;15.879448646;19162000;;;1896785000;4675706000;405206000;4230168000
019615;89.850.341/0001-60;GRENDENE S.A.;2021;14.6789584621;13.1958647446;10.1035350791;8.02161871541;16.7989017078;22146000;23.500871211;-2.59235717558;2342546000;4554495000;601005000;4094330000
019615;89.850.341/0001-60;GRENDENE S.A.;2022;13.0158070379;11.7801000431;9.49389454823;7.27572852657;9.51662304748;127409000;7.26175707969;5.87167183189;2512656000;4821920000;568027000;4364132000
019615;89.850.341/0001-60;GRENDENE S.A.;2023;15.2392317629;13.6839656659;10.2056725772;7.02144490644;11.2971404175;73735000;-3.14603351991;-15.4826085875;2433607000;4075361000;557671000;3659443000
019615;89.850.341/0001-60;GRENDENE S.A.;2024;18.1946504606;16.3383635637;10.2023773466;7.09692237345;21.2116047448;76109000;8.01168800057;10.4211136142;2628580000;4500059000;735236000;4040946000
019615;89.850.341/0001-60;GRENDENE S.A.;2025;20.4444066788;14.3246674021;29.9335626259;2.04645084196;12.5716768801;70158000;-1.68299994674;0.0293996145384;2584341000;4501382000;644808000;3153958000
013765;90.076.886/0001-40;MINUPAR PARTICIPACOES S.A.;2020;-4.41112669646;6.78879089639;253.901516858;0.205931100262;14.5770227048;137000;;;259813000;244123000;16573000;-375709000
013765;90.076.886/0001-40;MINUPAR PARTICIPACOES S.A.;2021;-9.82389056285;12.6661946346;228.932570589;0.248525562117;17.3671334359;859000;23.0284858725;9.34283127768;319644000;266931000;33810000;-344161000
013765;90.076.886/0001-40;MINUPAR PARTICIPACOES S.A.;2022;-1.95039945252;2.20049145988;212.822604469;0.300917546762;12.0101711598;10550000;14.4210434108;11.597379098;365740000;297888000;6555000;-336085000
013765;90.076.886/0001-40;MINUPAR PARTICIPACOES S.A.;2023;-3.67363306856;3.63859124893;199.046126301;0.317358085609;11.5020132259;291000;0.635970908296;9.87250241702;368066000;327297000;11909000;-324175000
013765;90.076.886/0001-40;MINUPAR PARTICIPACOES S.A.;2024;-3.86063275931;3.21329905814;183.232445521;0.356082314861;12.9722616713;379000;-3.58033613537;14.5760578313;354888000;375004000;12050000;-312125000
013765;90.076.886/0001-40;MINUPAR PARTICIPACOES S.A.;2025;272.035354387;118.912175534;56.2879700686;2.82700719791;41.8859890362;40891000;22.9525934943;15.7478320231;436344000;434059000;516149000;189736000
020532;90.400.888/0001-42;BCO SANTANDER (BRASIL) S.A.;2020;97.3635499094;1.43673698616;84.5940281755;0.237934659291;15.39463837;20148725000;;;62774940000;936201485000;13450753000;13814978000
020532;90.400.888/0001-42;BCO SANTANDER (BRASIL) S.A.;2021;134.080288978;1.67087443228;85.3198970727;0.375057852713;31.736353818;16657201000;24.2331860453;-0.533334872888;77987308000;931208396000;15559323000;11604482000
020532;90.400.888/0001-42;BCO SANTANDER (BRASIL) S.A.;2022;157.314866042;1.45511826445;85.7427221262;0.443007996293;16.9882464343;22003439000;47.7485515977;5.82495102417;115225118000;985450829000;14339475000;9115143000
020532;90.400.888/0001-42;BCO SANTANDER (BRASIL) S.A.;2023;82.7871126353;0.851412931007;86.0601046898;0.466354941156;9.2932642901;23122550000;11.3322418121;13.2124245237;128282707000;1.115652776e+12;9498812000;11473781000
020532;90.400.888/0001-42;BCO SANTANDER (BRASIL) S.A.;2024;122.199585859;1.08280574278;87.5287893258;0.448296469369;13.9887312086;37084254000;6.93840285113;11.0378458826;137183478000;1.23879681e+12;13413763000;10976930000
020532;90.400.888/0001-42;BCO SANTANDER (BRASIL) S.A.;2025;109.832206106;1.0208521422;86.9946633089;0.179892354949;10.2951051819;20232729000;18.4505899464;2.52120886556;162494639000;1.270029465e+12;12965123000;11804482000
022780;90.441.460/0001-48;UNICASA INDÚSTRIA DE MÓVEIS S.A.;2020;9.51150383461;7.22898025226;23.9975047274;2.66788639136;11.6803700922;47584000;;;150449000;205188000;14833000;155948000
022780;90.441.460/0001-48;UNICASA INDÚSTRIA DE MÓVEIS S.A.;2021;15.4594381962;9.00540574321;41.7481694424;1.57270398185;13.6695929624;60250000;46.6563420162;40.3722439909;220643000;288027000;25938000;167781000
022780;90.441.460/0001-48;UNICASA INDÚSTRIA DE MÓVEIS S.A.;2022;17.4570290147;11.7978393128;32.4178283553;1.35190995121;10.616335203;23528000;11.3463830713;-3.04277029584;245678000;279263000;32947000;188732000
022780;90.441.460/0001-48;UNICASA INDÚSTRIA DE MÓVEIS S.A.;2023;7.98284165373;4.34359257806;45.5883911209;1.47492225117;3.7958205495;26100000;-11.511409243;25.036614231;217397000;349181000;15167000;189995000
022780;90.441.460/0001-48;UNICASA INDÚSTRIA DE MÓVEIS S.A.;2024;6.47097961348;3.39232917774;47.5762654132;1.42998449447;1.57707263892;10341000;4.21440958247;5.09592446324;226559000;366975000;12449000;192382000
022780;90.441.460/0001-48;UNICASA INDÚSTRIA DE MÓVEIS S.A.;2025;-6.40142340075;-2.78246916733;56.5335864676;1.46062079883;-4.48028523841;38944000;5.47274661346;13.1038899108;238958000;415063000;-11549000;180413000
012572;91.333.666/0001-17;RECRUSUL S.A.;2020;2.11021194605;-3.10776145831;247.272479626;0.771678406607;2.32158513063;1256000;;;28515000;44051000;-1369000;-64875000
012572;91.333.666/0001-17;RECRUSUL S.A.;2021;3.96989195095;-2.46960199381;162.208292425;1.150120984;1.39688722486;4552000;108.87603016;50.2917073392;59561000;66205000;-1635000;-41185000
012572;91.333.666/0001-17;RECRUSUL S.A.;2022;223.652694611;-21.8364714986;109.763562892;1.31514989054;9.5949575522;1555000;24.3951579053;-12.1592024772;74091000;58155000;-12699000;-5678000
012572;91.333.666/0001-17;RECRUSUL S.A.;2023;-1093.86892178;-8.53429221786;99.2198066836;1.34343191857;-4.04779107266;531000;-23.4090510318;4.24898976872;56747000;60626000;-5174000;473000
012572;91.333.666/0001-17;RECRUSUL S.A.;2024;112.828288608;-42.0743806943;137.290630934;0.635778190777;-74.8514153319;5000;-65.0131284473;-22.6948833834;19854000;46867000;-19719000;-17477000
012572;91.333.666/0001-17;RECRUSUL S.A.;2025;73.9602406487;-51.9267852224;170.209053901;0.625666326415;-658.349206349;248000;-92.0670897552;-30.2899694881;1575000;32671000;-16965000;-22938000
024201;91.495.499/0001-00;STARA S.A. - INDÚSTRIA DE IMPLEMENTOS AGRÍCOLAS;2020;21.7338457949;11.9311907391;45.1031775429;3.15701785566;11.277335432;374705000;;;1269369000;1155484000;137863000;634324000
006076;91.669.747/0001-92;DM FINANCEIRA S.A. - CRÉDITO, FINANCIAMENTO E INVESTIMENTO;2020;;0;4.53524533518;26.7526501767;-366.49122807;30000;;;570000;11576000;0;0
006076;91.669.747/0001-92;DM FINANCEIRA S.A. - CRÉDITO, FINANCIAMENTO E INVESTIMENTO;2021;;0;9.36326156665;9.12418300654;-70.2846975089;36000;195.789473684;-5.71008984105;1686000;10915000;0;0
006076;91.669.747/0001-92;DM FINANCEIRA S.A. - CRÉDITO, FINANCIAMENTO E INVESTIMENTO;2022;;0;20.6812097739;8.56449275362;-29.034211323;46000;95.9074733096;60.8520384792;3303000;17557000;0;0
006076;91.669.747/0001-92;DM FINANCEIRA S.A. - CRÉDITO, FINANCIAMENTO E INVESTIMENTO;2023;;0;82.9847533632;4.51889241419;35.1565519907;61000;56.6454738117;376.305746996;5174000;83625000;0;0
006076;91.669.747/0001-92;DM FINANCEIRA S.A. - CRÉDITO, FINANCIAMENTO E INVESTIMENTO;2024;;0;81.7809467555;1.45131590575;-96.5709695971;18497000;7864.8047932;3442.89985052;412099000;2962750000;0;0
007870;91.983.056/0001-69;KEPLER WEBER S.A.;2020;13.0686505;7.13022435175;45.4402399718;1.3871483513;11.9815029728;260376000;;;671243000;948778000;67650000;517651000
007870;91.983.056/0001-69;KEPLER WEBER S.A.;2021;33.4976063081;15.1841719724;54.670874591;1.26122545761;16.7082456966;131818000;82.6728919333;7.33764906016;1226179000;1018396000;154635000;461630000
007870;91.983.056/0001-69;KEPLER WEBER S.A.;2022;64.0360306059;30.0262683136;53.1103536095;1.5892429606;28.5417932457;254454000;48.0535060542;25.0768856123;1815401000;1273778000;382468000;597270000
007870;91.983.056/0001-69;KEPLER WEBER S.A.;2023;33.7665914352;16.6667119787;50.6414142787;1.61524327152;19.9570276179;322923000;-16.7052348214;15.5052136244;1512134000;1471280000;245214000;726203000
007870;91.983.056/0001-69;KEPLER WEBER S.A.;2024;26.888243624;12.4955615641;53.5277880592;1.97754709031;17.9919454836;389817000;6.29329146756;8.34307541732;1607297000;1594030000;199183000;740781000
007870;91.983.056/0001-69;KEPLER WEBER S.A.;2025;20.1838986039;10.3325429812;48.8079920339;1.95581372316;13.0121452057;316431000;-7.27911518531;-5.12060626212;1490300000;1512406000;156270000;774231000
004537;92.012.467/0001-70;GRAZZIOTIN S.A.;2020;11.2264345919;7.91688027272;29.4800124837;2.43137106511;16.8667723231;10056943;;;449964875;896783260;70997257;632411443
004537;92.012.467/0001-70;GRAZZIOTIN S.A.;2021;23.3740563167;16.1124857567;31.0667967151;2.37621576413;29.3533205792;4744000;36.37908959;20.9572087686;613658000;1084724000;174776000;747735000
004537;92.012.467/0001-70;GRAZZIOTIN S.A.;2022;14.3052113206;10.1617745704;28.9645266839;2.4500842292;13.9945570535;125350000;11.194020122;8.02323909123;682351000;1171754000;119071000;832361000
004537;92.012.467/0001-70;GRAZZIOTIN S.A.;2023;10.817437367;7.50436601397;30.6271369147;2.28031891062;8.39192765085;168715000;-0.809260922897;8.77863442327;676829000;1274618000;95652000;884239000
004537;92.012.467/0001-70;GRAZZIOTIN S.A.;2024;10.9812608476;7.73218956422;29.5874155842;2.47178960782;11.1626259964;207188000;7.64786969825;6.18240131553;728592000;1353420000;104649000;952978000
004537;92.012.467/0001-70;GRAZZIOTIN S.A.;2025;9.5494543413;6.63674965077;30.5012683074;2.25995024356;7.49367292549;147062000;2.22662340514;-6.6442789378;744815000;1263495000;83855000;878113000
008192;92.660.570/0001-26;TREVISA INVESTIMENTOS S.A.;2020;8.93196261286;5.49145201584;38.5190886499;1.86305857045;12.8461332517;21720000;;;104584000;153311000;8419000;94257000
008192;92.660.570/0001-26;TREVISA INVESTIMENTOS S.A.;2021;14.7487545359;9.2068469045;37.5754279315;0.960118821894;18.0469565085;14654000;25.5574466458;1.93332507126;131313000;156275000;14388000;97554000
008192;92.660.570/0001-26;TREVISA INVESTIMENTOS S.A.;2022;10.5589361122;7.22518614813;31.5727827939;0.952718312028;14.281042189;13315000;4.78398939937;-0.568229083347;137595000;155387000;11227000;106327000
008192;92.660.570/0001-26;TREVISA INVESTIMENTOS S.A.;2023;15.3480263977;10.8423984753;29.3563993549;0.881557700252;19.7170723135;13612000;-0.743486318544;9.74212771982;136572000;170525000;18489000;120465000
008192;92.660.570/0001-26;TREVISA INVESTIMENTOS S.A.;2024;24.2517257819;17.8261453973;26.4953531242;0.973441754635;15.8039365117;10877000;-0.0776147380136;22.1592141915;136466000;208312000;37134000;153119000
008192;92.660.570/0001-26;TREVISA INVESTIMENTOS S.A.;2025;13.3818053886;9.43311219956;29.5079256825;1.78543708479;18.3699551428;28108000;15.8215233098;16.1406928069;158057000;241935000;22822000;170545000
009342;92.665.611/0001-77;DIMED S.A. DISTRIBUIDORA DE MEDICAMENTOS;2020;5.55598432676;2.55886305564;53.9440195445;2.03106574358;3.26908137675;130107000;;;2819110000;2194373000;56151000;1010640000
009342;92.665.611/0001-77;DIMED S.A. DISTRIBUIDORA DE MEDICAMENTOS;2021;7.59189252482;3.3357412245;56.0617960068;1.71181411922;3.14778781475;54435000;14.4122790526;8.50753267562;3225408000;2381060000;79426000;1046195000
009342;92.665.611/0001-77;DIMED S.A. DISTRIBUIDORA DE MEDICAMENTOS;2022;7.79173081192;3.15920305174;59.4544122737;1.54581872859;3.44031725546;25715000;23.7200068953;14.7861036681;3990475000;2733126000;86345000;1108162000
009342;92.665.611/0001-77;DIMED S.A. DISTRIBUIDORA DE MEDICAMENTOS;2023;7.91748195014;3.01887589481;61.8707574729;1.62204207995;3.73396918236;27953000;11.7916288161;12.5989068927;4461017000;3077470000;92905000;1173416000
009342;92.665.611/0001-77;DIMED S.A. DISTRIBUIDORA DE MEDICAMENTOS;2024;8.54521775893;3.12392207974;63.4424520489;1.69886802965;3.95104706925;79995000;10.7922700138;9.74771484369;4942462000;3377453000;105509000;1234714000
009342;92.665.611/0001-77;DIMED S.A. DISTRIBUIDORA DE MEDICAMENTOS;2025;9.72070856909;3.25296109395;66.5357615566;1.73971317589;4.62060137319;43745000;11.525753764;13.4141614998;5512118000;3830510000;124605000;1281851000
008656;92.690.783/0001-09;METALURGICA GERDAU S.A.;2020;7.30619318642;3.68039731658;49.626334499;2.16042513776;11.836928283;4617274000;;;43814661000;64764475000;2383590000;32624240000
008656;92.690.783/0001-09;METALURGICA GERDAU S.A.;2021;35.6556768069;20.8464578923;41.5339722615;2.38076665672;26.784794568;4162748000;78.8101955188;15.2061620202;78345081000;74612666000;15554098000;43623062000
008656;92.690.783/0001-09;METALURGICA GERDAU S.A.;2022;24.2387380841;15.3301548993;36.7534941542;2.38773597015;21.4642417671;2475896000;5.19130103395;0.210231061841;82412210000;74769525000;11462284000;47289112000
008656;92.690.783/0001-09;METALURGICA GERDAU S.A.;2023;15.300721824;10.0822089273;34.1063183603;2.61319996359;15.1049893794;3005688000;-16.3759265769;0.619151987391;68916447000;75232462000;7585094000;49573439000
008656;92.690.783/0001-09;METALURGICA GERDAU S.A.;2024;7.9145374319;5.30257619424;33.0020706848;3.00793675173;11.1512679373;7861818000;-2.74214803906;15.5731537803;67026656000;86948529000;4610512000;58253714000
008656;92.690.783/0001-09;METALURGICA GERDAU S.A.;2025;2.6248735419;1.72914800269;34.1245216165;2.8972344983;5.33632455947;5958028000;4.22499967774;-5.96917976611;69858532000;81758415000;1413724000;53858747000
000094;92.693.019/0001-89;PANATLANTICA S.A.;2020;30.1829560753;13.3246884293;55.8536003032;2.60454877398;16.4298554765;34850000;;;1436306000;1369593000;182494000;604626000
000094;92.693.019/0001-89;PANATLANTICA S.A.;2021;34.335770661;14.7257951406;57.1123791395;3.25576033818;15.5846161169;65247000;85.7696758212;45.4497065917;2668221000;1992069000;293348000;854351000
000094;92.693.019/0001-89;PANATLANTICA S.A.;2022;6.62717626578;2.93186479509;55.7599695932;2.82702232271;4.42544652126;13098000;-12.633473764;-4.64306206261;2331132000;1899576000;55693000;840373000
000094;92.693.019/0001-89;PANATLANTICA S.A.;2023;1.59630914481;0.857499638927;46.2823575425;2.54277469149;2.96525345534;9445000;-19.3839731083;-17.6246699263;1879266000;1564782000;13418000;840564000
000094;92.693.019/0001-89;PANATLANTICA S.A.;2024;11.0069115796;5.2341710208;52.4465061527;2.28005211223;6.08662266409;25071000;12.2632453309;3.36449422348;2109725000;1617429000;84659000;769144000
000094;92.693.019/0001-89;PANATLANTICA S.A.;2025;6.71994178368;3.5213764058;47.5981114248;2.08390678628;4.4120132951;21699000;-8.58856012039;-12.4478416054;1928530000;1416094000;49866000;742060000
001210;92.702.067/0001-96;BCO ESTADO DO RIO GRANDE DO SUL S.A.;2020;30.7937488884;0.669526539477;85.961829111;2.34246388227;10.6142938124;1263648000;;;7382705000;92582439000;619864000;2012954000
001210;92.702.067/0001-96;BCO ESTADO DO RIO GRANDE DO SUL S.A.;2021;46.8344180382;1.02531775122;86.790789428;1.37387333251;19.2368437538;1464768000;4.00454846835;14.242696717;7678349000;105768675000;1084465000;2315530000
001210;92.702.067/0001-96;BANCO DO ESTADO DO RIO GRANDE DO SUL SA;2022;32.0025321092;0.741020197204;86.9942703572;1.86874463174;5.84195980141;1004366000;69.5237478786;7.4607297482;13016625000;113659790000;842242000;2631798000
001210;92.702.067/0001-96;BANCO DO ESTADO DO RIO GRANDE DO SUL SA;2023;37.9458364239;0.805648216003;88.054120681;3.85952513793;7.90109171927;1123167000;14.5061719148;10.5641731346;14904839000;125667007000;1012434000;2668103000
001210;92.702.067/0001-96;BANCO DO ESTADO DO RIO GRANDE DO SUL SA;2024;25.071445894;0.491966435738;89.2498501807;0.952955101095;4.63424617382;1126982000;10.1669799989;17.7210459067;16420211000;147936515000;727798000;2902896000
001210;92.702.067/0001-96;BANCO DO ESTADO DO RIO GRANDE DO SUL SA;2025;68.0902919118;1.04636052763;90.0295390172;2.36199267406;9.27221241755;1298124000;32.2403104321;10.7627362994;21714138000;163858532000;1714551000;2518055000
003204;92.715.812/0001-31;CPFL TRANSMISSÃO S.A.;2020;10.8106723062;4.95554873733;54.1605868998;3.18895117125;42.8022040535;15478000;;;1327191000;5576557000;276349000;2556261000
003204;92.715.812/0001-31;CPFL TRANSMISSÃO S.A.;2021;3.64039224847;1.61045298841;55.7615531928;1.95513374109;32.177835572;1209000;-6.7119954852;-17.7488188501;1238110000;4586784000;73868000;2029122000
003204;92.715.812/0001-31;CPFL TRANSMISSÃO S.A.;2022;51.1803331117;19.1254862199;62.6311806565;1.83520838129;81.8817893597;-234000;13.7732511651;3.25373943922;1408638000;4736026000;905788000;1769797000
003204;92.715.812/0001-31;CPFL TRANSMISSÃO S.A.;2023;45.2364358307;10.5140525851;76.7575575042;2.27862137862;53.2461246655;374296000;30.09843551;22.2657139129;1832616000;5790536000;608820000;1345862000
003204;92.715.812/0001-31;CPFL TRANSMISSÃO S.A.;2024;18.285852501;6.62322710093;63.7795005699;1.32272663517;48.0957584167;182133000;12.7117192036;35.0277763578;2065573000;7818832000;517859000;2832020000
003204;92.715.812/0001-31;CPFL TRANSMISSÃO S.A.;2025;9.09656271718;3.69525518355;59.3774560959;2.400894449;41.4720850971;92641000;2.00351185845;10.3134457934;2106957000;8625223000;318724000;3503785000
015822;92.721.232/0001-57;BANRISUL ARMAZENS GERAIS SA;2020;13.9951606626;11.5018773467;17.8153247114;2.91239565569;34.7358093094;915;;;34653;71910;8271;59099
015822;92.721.232/0001-57;BANRISUL ARMAZENS GERAIS SA;2021;8.96795245677;7.9046825066;11.856329026;3.35973645681;21.8837974426;1658;-14.9193432026;0.0834376303713;29483;71970;5689;63437
015822;92.721.232/0001-57;BANRISUL ARMAZENS GERAIS SA;2022;14.2093925032;12.0517442994;15.1846618593;2.74074074074;27.8290432249;80000;97671.5971916;113969.751285;28826000;82096000;9894000;69630000
015822;92.721.232/0001-57;BANRISUL ARMAZENS GERAIS SA;2023;17.7041622761;16.6239966359;6.10119599767;15.5142414861;28.285824842;91000;-19.3124262818;-1.51408107581;23259000;80853000;13441000;75920000
015822;92.721.232/0001-57;BANRISUL ARMAZENS GERAIS SA;2024;11.1121115456;9.62026726058;13.425389755;3.05856211732;16.5791117152;96000;17.0342663055;11.0657613199;27221000;89800000;8639000;77744000
006629;92.749.225/0001-63;HERCULES S.A. FABRICA DE TALHERES;2020;30.998646898;-1459.89817565;4809.55451846;0.0231911106503;-10956.8789809;1000;;;1570000;11785000;-172049000;-555021000
006629;92.749.225/0001-63;HERCULES S.A. FABRICA DE TALHERES;2021;-0.0798805578296;4.3563772249;5553.61392467;0.00892834463664;88.6893389377;0;66.6878980892;-13.7123462028;2617000;10169000;443000;-554578000
006629;92.749.225/0001-63;HERCULES S.A. FABRICA DE TALHERES;2022;-58.0363503725;1549.21649171;2769.3899285;0.691388638413;91.5106951872;1000;14.3293847917;29.2752483037;2992000;13146000;203660000;-350918000
006629;92.749.225/0001-63;HERCULES S.A. FABRICA DE TALHERES;2023;0.180343164027;-4.87017975111;2800.50699032;0.491550063602;57.596611964;1000;26.2700534759;-0.973680206907;3778000;13018000;-634000;-351552000
006629;92.749.225/0001-63;HERCULES S.A. FABRICA DE TALHERES;2024;-0.206083305542;6.1359585844;3077.41661716;0.232015810277;84.725594949;14000;8.99947061938;-9.48686434168;4118000;11783000;723000;-350829000
006629;92.749.225/0001-63;HERCULES S.A. FABRICA DE TALHERES;2025;-0.269516356756;7.48947661028;2878.85791438;0.612032816773;87.6323591698;12000;14.6673142302;6.85733684121;4722000;12591000;943000;-349886000
008133;92.754.738/0001-62;LOJAS RENNER S.A.;2020;19.9273955541;7.48685529049;62.429333677;1.57928580038;11.368694923;2066781000;;;7537180000;14642583000;1096269000;5501316000
008133;92.754.738/0001-62;LOJAS RENNER S.A.;2021;6.45596480174;2.9568113372;54.2003181863;1.75818508694;7.69937746156;5489417000;40.2587705216;46.2309279722;10571556000;21411985000;633112000;9806621000
008133;92.754.738/0001-62;LOJAS RENNER S.A.;2022;12.8049772417;6.10766748442;52.3023948489;1.86333920437;10.6049768004;2848351000;25.5362692115;-1.22871840233;13271137000;21148892000;1291704000;10087515000
008133;92.754.738/0001-62;LOJAS RENNER S.A.;2023;9.71670673911;4.76441485131;50.9667732161;1.62716820288;6.51441117205;2532187000;2.83858120069;-3.11247511217;13647849000;20490638000;976259000;10047221000
008133;92.754.738/0001-62;LOJAS RENNER S.A.;2024;11.1080798567;5.8762194574;47.09959297;1.61053510291;8.72340726191;1926110000;5.77759176556;-0.61514922083;14436366000;20364590000;1196668000;10772951000
008133;92.754.738/0001-62;LOJAS RENNER S.A.;2025;13.9396215538;7.42669924993;46.7223753437;1.69421984309;11.3532615768;978066000;9.64989388604;-3.62670203525;15829460000;19626027000;1457566000;10456281000
006173;92.781.335/0001-02;TAURUS ARMAS S.A.;2020;623.631976153;18.0469653921;97.106151371;1.61790040845;24.4939058915;91231000;;;1773188000;1460650000;263603000;42269000
006173;92.781.335/0001-02;TAURUS ARMAS S.A.;2021;83.8864694002;30.3331072496;63.8402862028;1.30022209303;35.525553337;185764000;54.5501097458;43.3348166912;2740464000;2093620000;635060000;757047000
006173;92.781.335/0001-02;TAURUS ARMAS S.A.;2022;50.7682349001;22.8446607529;55.0020582794;1.46957240959;29.9544767543;201219000;-7.31419934726;8.719490643;2540021000;2276173000;519984000;1024231000
006173;92.781.335/0001-02;TAURUS ARMAS S.A.;2023;13.9942572163;7.09377253221;49.3094029745;1.49286853799;12.2728321156;83362000;-29.8475485045;-5.37358100636;1781887000;2153861000;152790000;1091805000
006173;92.781.335/0001-02;TAURUS ARMAS S.A.;2024;5.91735999462;2.91374231686;50.7594211014;1.52522378036;12.4922728517;112614000;-6.12906430093;22.0434837717;1672674000;2628647000;76592000;1294361000
006173;92.781.335/0001-02;TAURUS ARMAS S.A.;2025;1.41672672237;0.68330365894;51.7688451731;1.57528083535;3.56192529335;67547000;-12.5335241655;-1.60698640784;1463029000;2586405000;17673000;1247453000
002429;92.791.243/0001-03;IRANI PAPEL E EMBALAGEM S.A.;2020;11.7992520606;5.11328651901;56.6643165794;2.78197695381;16.0755823835;54260000;;;1029605000;1814117000;92761000;786160000
002429;92.791.243/0001-03;IRANI PAPEL E EMBALAGEM S.A.;2021;29.7996319344;12.0624445102;59.52149833;2.78206024799;27.1400406269;30410000;55.966025806;30.3829907332;1605834000;2365300000;285313000;957438000
002429;92.791.243/0001-03;IRANI PAPEL E EMBALAGEM S.A.;2022;33.6161267815;10.7588516382;67.9949694738;2.60655456655;34.3792428376;735194000;5.03364606802;48.621231979;1686666000;3515338000;378210000;1125085000
002429;92.791.243/0001-03;IRANI PAPEL E EMBALAGEM S.A.;2023;29.9627101267;11.059322205;63.0897133196;3.74745820359;34.5877202061;484152000;-5.47950809467;-1.37318232272;1594245000;3467066000;383434000;1279704000
002429;92.791.243/0001-03;IRANI PAPEL E EMBALAGEM S.A.;2024;22.2839760036;8.41064707674;62.2569730133;2.49376866511;19.5354753083;604232000;2.08405859827;4.42942245691;1627470000;3620637000;304519000;1366538000
002429;92.791.243/0001-03;IRANI PAPEL E EMBALAGEM S.A.;2025;16.6708679596;6.12833526513;63.2392549686;2.77330858045;26.5553625636;839834000;3.615489072;9.0881521677;1686311000;3949686000;242050000;1451934000
016748;92.802.784/0001-90;CIA RIOGRANDENSE DE SANEAMENTO;2020;44.8716353891;26.191399365;41.6303882443;0.896370581512;45.5370034055;233267000;;;3153453000;6927442000;1814394000;4043521000
016748;92.802.784/0001-90;CIA RIOGRANDENSE DE SANEAMENTO;2021;10.8763109752;4.46852319522;58.9150843019;1.38245049682;14.0886349403;678979000;8.1564875075;13.2172741396;3410664000;7843061000;350469000;3222315000
016748;92.802.784/0001-90;CIA RIOGRANDENSE DE SANEAMENTO;2022;20.1055758078;9.354792826;53.4716492807;1.28995143676;23.3071878473;665124000;15.7593946516;8.19363766264;3948164000;8485693000;793819000;3948253000
016748;92.802.784/0001-90;CIA RIOGRANDENSE DE SANEAMENTO;2023;16.1821693998;6.31938688522;60.9484567297;2.01692689708;11.1198277782;47782000;29.3370032248;17.6957262065;5106437000;9987298000;631136000;3900194000
016748;92.802.784/0001-90;CIA RIOGRANDENSE DE SANEAMENTO;2024;26.7947730998;10.0164305708;62.6179683125;1.78313535332;30.1151532532;42023000;24.4866626182;30.4411363314;6356833000;13027545000;1304895000;4869961000
016748;92.802.784/0001-90;CIA RIOGRANDENSE DE SANEAMENTO;2025;44.5624302069;14.9940129293;66.3527934636;1.44579884232;44.4227382186;54447000;13.1380516053;23.4344997465;7191997000;16080485000;2411110000;5410634000
024554;92.934.215/0001-06;BANRISUL SOLUÇÕES EM PAGAMENTOS S.A. - INSTITUIÇÃO DE PAGAME;2020;18.8892320044;7.68721315431;59.3037284285;1.63805807601;54.6734503526;510850000;;;462089000;3182896000;244676000;1295320000
024554;92.934.215/0001-06;BANRISUL SOLUÇÕES EM PAGAMENTOS S.A. - INSTITUIÇÃO DE PAGAME;2021;18.5555890508;7.16545957126;61.3838205209;1.59227210723;53.43487703;724638000;9.21618995475;22.7987342345;504676000;3908556000;280066000;1509335000
013854;93.828.986/0001-73;CEMEPE INVESTIMENTOS S.A.;2020;2.95806507743;-21.9922380336;843.467011643;0;;0;;;0;773000;-170000;-5747000
013854;93.828.986/0001-73;CEMEPE INVESTIMENTOS S.A.;2021;3.00421940928;-23.0271668823;866.494178525;0;;0;;0;0;773000;-178000;-5925000
013854;93.828.986/0001-73;CEMEPE INVESTIMENTOS S.A.;2022;2.74085015592;-21.6041397154;888.227684347;0;;0;;0;0;773000;-167000;-6093000
013854;93.828.986/0001-73;CEMEPE INVESTIMENTOS S.A.;2023;2.41832158873;-19.5342820181;907.761966365;0;;0;;0;0;773000;-151000;-6244000
013854;93.828.986/0001-73;CEMEPE INVESTIMENTOS S.A.;2024;2.49843847595;-20.6718346253;927.390180879;0.0769230769231;;1000;;0.12936610608;0;774000;-160000;-6404000
013854;93.828.986/0001-73;CEMEPE INVESTIMENTOS S.A.;2025;1.58291071154;-13.3247089263;941.785252264;0;;0;;-0.129198966408;0;773000;-103000;-6507000
025950;94.813.102/0001-70;TRÊS TENTOS AGROINDUSTRIAL S/A;2020;34.5810888992;10.608506259;69.3228102507;1.29667935498;10.5214913449;252692000;;;3112439000;2321373000;246263000;712132000
025950;94.813.102/0001-70;TRÊS TENTOS AGROINDUSTRIAL S/A;2021;19.2423890101;9.78946906236;49.1255006994;1.83167738324;6.62245751657;351590000;71.5476833442;89.3534989853;5339317000;4395601000;430306000;2236240000
025950;94.813.102/0001-70;TRÊS TENTOS AGROINDUSTRIAL S/A;2022;20.2647810669;9.39123697856;53.6573479498;1.55419128164;7.80806812358;724314000;28.964790815;38.3653566372;6885839000;6081989000;571174000;2818555000
025950;94.813.102/0001-70;TRÊS TENTOS AGROINDUSTRIAL S/A;2023;17.1187547566;8.33555473592;51.3074703481;1.58793943864;4.90822020483;1028483000;30.6882864964;13.1831872764;8998985000;6883789000;573802000;3351891000
025950;94.813.102/0001-70;TRÊS TENTOS AGROINDUSTRIAL S/A;2024;18.6954454067;8.5085949898;54.4884071778;1.57551773647;9.7093422298;1696858000;42.5246402789;29.1356112164;12825771000;8889423000;756365000;4045718000
025950;94.813.102/0001-70;TRÊS TENTOS AGROINDUSTRIAL S/A;2025;17.2066765477;6.17122323075;64.1347170464;1.35551241994;3.28177083669;2560066000;28.0522940882;47.415135943;16423694000;13104355000;808699000;4699914000
001570;95.426.862/0001-97;EXCELSIOR ALIMENTOS S.A.;2020;25.5177595331;15.7393850659;38.3198785713;1.20236489019;12.9650684537;7094000;;;190859000;148894000;23435000;91838000
001570;95.426.862/0001-97;EXCELSIOR ALIMENTOS S.A.;2021;7.07477486593;4.32264007468;38.9006695394;0.78847019967;1.30305053029;10909000;-8.16204632739;8.63634531949;175281000;161753000;6992000;98830000
001570;95.426.862/0001-97;EXCELSIOR ALIMENTOS S.A.;2022;-1.55347453177;-0.934388797863;39.8516822288;1.21064432157;4.1622187391;13544000;9.55950730541;-6.04749216398;192037000;151971000;-1420000;91408000
001570;95.426.862/0001-97;EXCELSIOR ALIMENTOS S.A.;2023;16.8302878527;10.6466924476;36.7408772754;1.19818514964;5.13625326019;28228000;15.8006009259;9.24057879464;222380000;166014000;17675000;105019000
001570;95.426.862/0001-97;EXCELSIOR ALIMENTOS S.A.;2024;20.7066049764;14.0684162068;32.0583155819;1.47304388456;7.60364282218;35468000;11.1480348952;10.5647716458;247171000;183553000;25823000;124709000
001570;95.426.862/0001-97;EXCELSIOR ALIMENTOS S.A.;2025;15.9458355632;10.6585772247;33.1576123281;1.80165571773;8.42697818128;70925000;14.7052040895;15.7474952738;283518000;212458000;22645000;142012000
025143;96.298.013/0001-68;PACAEMBU CONSTRUTORA S.A.;2020;23.6487622937;13.8156919396;41.579640541;3.96942800789;13.8650644541;338942000;;;682889000;580094000;80144000;338893000
025143;96.298.013/0001-68;PACAEMBU CONSTRUTORA S.A.;2021;6.52838965659;3.76750671528;42.2904128971;6.02423304689;5.78338119912;234374000;-11.7386573806;9.16454919375;602727000;633257000;23858000;365450000
025143;96.298.013/0001-68;PACAEMBU CONSTRUTORA S.A.;2022;6.22121060144;3.28837628519;47.1425017435;3.7399103139;4.9601270909;232361000;42.6611052765;16.159947699;859857000;735591000;24189000;388815000
025143;96.298.013/0001-68;PACAEMBU CONSTRUTORA S.A.;2023;22.4833474358;11.2191425959;50.1002124886;2.67349224336;10.1427361954;374710000;36.6791222261;28.4670421471;1175245000;944992000;106020000;471549000
025143;96.298.013/0001-68;PACAEMBU CONSTRUTORA S.A.;2024;39.3638952936;21.1349452747;46.3088062879;3.43315048449;14.6259114383;346958000;44.002314411;30.7842817717;1692380000;1235901000;261207000;663570000
025143;96.298.013/0001-68;PACAEMBU CONSTRUTORA S.A.;2025;39.6002006162;19.2121361289;51.4847505064;4.88426358348;14.8142879558;533740000;37.0748886184;44.3184365091;2319828000;1783633000;342674000;865334000
025038;96.418.264/0218-02;LOJAS QUERO QUERO S.A.;2020;14.1586015392;3.05882925616;78.3959648297;1.63996704466;9.47269986257;475437000;;;1621164000;2218692000;67866000;479327000
025038;96.418.264/0218-02;LOJAS QUERO QUERO S.A.;2021;12.5994212469;2.5343694629;79.8850327072;1.61818506204;8.06178777993;256351000;25.4411028125;21.3359042174;2033606000;2692070000;68227000;541509000
025038;96.418.264/0218-02;LOJAS QUERO QUERO S.A.;2022;-3.48402263693;-0.616983592518;82.2910567234;1.89117801644;3.78584388248;416779000;13.7225204882;12.6033498386;2312668000;3031361000;-18703000;536822000
025038;96.418.264/0218-02;LOJAS QUERO QUERO S.A.;2023;3.68657292404;0.595300937193;83.8521860422;1.69687015169;4.295268766;421357000;3.69525586898;9.05078609905;2398127000;3305723000;19679000;533802000
025038;96.418.264/0218-02;LOJAS QUERO QUERO S.A.;2024;0.0267400736634;0.00394355103806;85.2522805745;1.55749414872;3.96256277355;489905000;11.1838530653;11.9950764175;2666330000;3702247000;146000;545997000
025038;96.418.264/0218-02;LOJAS QUERO QUERO S.A.;2025;-39.991751783;-4.29411168864;89.262506649;1.60514086981;0.47231183914;438289000;4.57865305495;1.86338188673;2788412000;3771234000;-161941000;404936000
004693;97.191.902/0001-94;CONSERVAS ODERICH S.A.;2020;41.7893803691;20.2827458446;51.4643537055;2.07793010981;25.9228820656;48436000;;;576753000;585685000;118793000;284266000
004693;97.191.902/0001-94;CONSERVAS ODERICH S.A.;2021;26.8064617814;11.552031929;56.9057937476;1.60713652411;21.495843952;79880000;14.434081834;42.0294185441;660002000;831845000;96095000;358477000
004693;97.191.902/0001-94;CONSERVAS ODERICH S.A.;2022;26.0289112781;12.7929700439;50.8509214728;2.48822252775;16.3119512967;64182000;19.2373659474;8.88134207695;786969000;905724000;115869000;445155000
004693;97.191.902/0001-94;CONSERVAS ODERICH S.A.;2023;17.9232591898;9.94826787011;44.4952072346;4.22343916197;16.024409625;74064000;-1.17450623849;0.992355287041;777726000;914712000;90998000;507709000
004693;97.191.902/0001-94;CONSERVAS ODERICH S.A.;2024;6.8826077909;3.55490873317;48.3493925389;2.69120938408;7.00049111893;101282000;-5.74829695805;12.9034056621;733020000;1032741000;36713000;533417000
004693;97.191.902/0001-94;CONSERVAS ODERICH S.A.;2025;12.8266561616;6.62939156931;48.3155119636;3.29546593814;13.5481276448;110220000;12.9639027585;10.3331813107;828048000;1139456000;75539000;588922000
021091;97.837.181/0001-47;DEXCO S.A.;2020;8.75002216498;3.94818637529;54.8779842971;1.74973888808;11.4273279071;1728413000;;;5879616000;11498520000;453983000;5188364000
021091;97.837.181/0001-47;DEXCO S.A.;2021;30.090824426;12.8587141405;57.2669928931;1.38252200454;23.1497700007;1421302000;38.958751728;16.7135509613;8170241000;13420331000;1725682000;5734911000
021091;97.837.181/0001-47;DEXCO S.A.;2022;12.8308947115;4.89556001669;61.8455288835;1.58469457138;17.0765025069;1771730000;3.87270093991;16.426420481;8486650000;15624811000;764922000;5961564000
021091;97.837.181/0001-47;DEXCO S.A.;2023;12.4388270119;4.52702703834;63.605675728;1.59652018347;17.196040474;2785454000;-12.9997230945;14.6931697286;7383409000;17920591000;811270000;6522078000
021091;97.837.181/0001-47;DEXCO S.A.;2024;2.42352602711;0.961055681431;60.344734462;1.39121356032;11.3730922528;1231419000;11.5290646908;1.24727471321;8234647000;18144110000;174375000;7195095000
021091;97.837.181/0001-47;DEXCO S.A.;2025;0.874925655945;0.331907339618;62.06450944;2.23909367089;8.97472732845;2178462000;0.171288459602;4.7215046646;8248752000;19000785000;63065000;7208041000
080047;05.721.735/0001-28;WILSON SONS LTD.;2020;5.26977221164;2.18152633343;58.6030240812;1.44678668137;21.8129152296;510976000;;;1815562000;5401310000;117831000;2235979000
080187;07.857.093/0001-14;AURA MINERALS INC.;2020;23.6905875403;13.8167043913;41.6785068423;1.80061247003;29.3411972268;612057000;;;1570045000;2786417000;384991000;1625080000
080187;07.857.093/0001-14;AURA MINERALS INC.;2021;15.8202955323;7.27021199568;54.045030443;1.85847102008;26.1408797508;901195000;52.9254257044;18.6592315508;2400998000;3306341000;240378000;1519428000
080187;07.857.093/0001-14;AURA MINERALS INC.;2022;21.2449888793;9.05894257526;57.3596266549;1.53676021057;22.4503262955;667351000;-15.4875597564;14.7758201589;2029142000;3794880000;343776000;1618151000
080187;07.857.093/0001-14;AURA MINERALS INC.;2023;10.6216917938;3.61944492454;65.9240260892;1.91968143382;20.9396420251;1148816000;2.53284393108;17.8564012564;2080537000;4472509000;161880000;1524051000
080187;07.857.093/0001-14;AURA MINERALS INC.;2024;-10.7899875707;-2.22694252588;79.3610278854;1.549264721;34.8624069633;1673091000;54.8499738289;49.5649533629;3221711000;6689306000;-148967000;1380604000
080187;07.857.093/0001-14;AURA MINERALS INC.;2025;-31.4106062533;-5.18769129078;83.4842688201;0.973838425036;49.651172821;1573995000;58.6863936585;32.3506653755;5112417000;8853341000;-459284000;1462194000
080209;24.410.913/0001-44;NU HOLDINGS LTD.;2020;;-1.67732623051;93.6800456947;25.8136918621;-26.2066725752;12184140000;;;3805817000;52786869000;-885408000;0
080209;24.410.913/0001-44;NU HOLDINGS LTD.;2021;;-0.806756400388;74.6654598428;26.4277420903;-10.02130188;15086303000;140.764098747;109.502882241;9163041000;110590012000;-892192000;0
080209;24.410.913/0001-44;NU HOLDINGS LTD.;2022;;-1.19238048055;79.1176524736;19.1237831443;-6.4458689991;22031497000;170.142968912;42.8308263499;24753311000;157956628000;-1883444000;0
080195;38.307.135/0001-77;G2D INVESTMENTS, LTD.;2020;24.1040916167;18.7899440834;22.0466616945;0.0160737148037;87.8642672738;1720000;;;104971000;485366000;91200000;378359000
080195;38.307.135/0001-77;G2D INVESTMENTS, LTD.;2021;39.3888650215;34.3808005098;12.7144169018;1.0311836918;;116733000;-100;174.164651006;0;1330702000;457506000;1161511000
080195;38.307.135/0001-77;G2D INVESTMENTS, LTD.;2022;-26.9238363861;-23.92310775;11.1452491133;0.816815742397;108.048801775;91273000;;-24.6173824042;-217697000;1003118000;-239977000;891318000
080195;38.307.135/0001-77;G2D INVESTMENTS, LTD.;2023;-16.7913391373;-15.0487336818;10.3780016665;0.118625506852;115.980763328;3529000;-55.1073280753;-21.0401966668;-97730000;792060000;-119195000;709860000
080195;38.307.135/0001-77;G2D INVESTMENTS, LTD.;2024;-8.88416495774;-8.44851205894;4.90370114546;0.861446121052;126.925977601;4316000;-45.7300726491;9.66972199076;-53038000;868650000;-73388000;826054000
080195;38.307.135/0001-77;G2D INVESTMENTS, LTD.;2025;-15.3201755009;-13.9520171158;8.93043545776;0.281644481556;117.300544058;589000;46.5911233455;-19.9334599666;-77749000;695498000;-97036000;633387000
026891;01.968.293/0001-68;ELETRORIVER S.A.;2021;109.928180115;25.875006241;76.461898838;0.782814821994;1804.78346665;238982000;;;56758000;3825487000;989845000;900447000
026891;01.968.293/0001-68;ELETRORIVER S.A.;2022;26.0389217353;7.21525240932;72.2905100193;0.82749911544;75.0163430486;172939000;1158.62609676;-2.58842861053;714371000;3726467000;268874000;1032585000
026891;01.968.293/0001-68;ELETRORIVER S.A.;2023;30.0166712474;8.19457725813;72.6999133562;0.528134060108;74.1153386818;135650000;0.450746180906;-2.00551890034;717591000;3651732000;299244000;996926000
026891;01.968.293/0001-68;ELETRORIVER S.A.;2024;27.9923497903;7.71696231689;72.4318880883;0.461773626003;71.8536876234;113229000;-2.77776616485;-2.51338269073;697658000;3559950000;274720000;981411000
026891;01.968.293/0001-68;ELETRORIVER S.A.;2025;108.765806283;9.92940402214;90.8708404218;0.121567169373;72.7676432677;52694000;4.41778063177;-5.58580878945;728479000;3361098000;333737000;306840000
027022;02.041.460/0001-93;V. TAL - REDE NEUTRA DE TELECOMUNICAÇÕES S.A.;2021;-6.62993367891;-3.89771410967;41.2103604886;0.215252101182;-6.05877281467;172278000;;;3001796000;18450404000;-719144000;10846926000
027022;02.041.460/0001-93;V. TAL - REDE NEUTRA DE TELECOMUNICAÇÕES S.A.;2022;-1.80934157989;-1.22970967934;32.0355154046;1.68987629919;5.17774510671;4665186000;70.5551942904;95.4017483845;5119719000;36052412000;-443340000;24502836000
027022;02.041.460/0001-93;V. TAL - REDE NEUTRA DE TELECOMUNICAÇÕES S.A.;2023;1.5491625358;1.11703873241;27.8940261854;2.23098868008;6.51142045935;4851695000;13.7310075026;-4.24548848493;5822708000;34521811000;385622000;24892288000
027022;02.041.460/0001-93;V. TAL - REDE NEUTRA DE TELECOMUNICAÇÕES S.A.;2024;3.34081793472;2.44832629387;26.7147644166;1.07073772121;17.0617019344;5705970000;33.110161114;2.26600510616;7750616000;35304077000;864359000;25872676000
027022;02.041.460/0001-93;V. TAL - REDE NEUTRA DE TELECOMUNICAÇÕES S.A.;2025;-84.1786425788;-61.7760397585;26.6131671098;1.24175896832;-202.164601089;1912758000;-9.04150070136;-36.4702354348;7049844000;22428597000;-13855499000;16459637000
027090;02.600.854/0001-34;TIM BRASIL SERVIÇOS E PARTICIPAÇÕES S.A.;2021;11.4814086232;5.79576185468;49.5204635173;1.45757491612;20.7994428184;5228290000;;;18058027000;49898289000;2891986000;25188425000
027090;02.600.854/0001-34;TIM BRASIL SERVIÇOS E PARTICIPAÇÕES S.A.;2022;6.22288955622;2.80553453018;54.9158874695;0.796628487824;14.6681816436;2548465000;19.2311928651;13.2657654855;21530801000;56517679000;1585623000;25480494000
027090;02.600.854/0001-34;TIM BRASIL SERVIÇOS E PARTICIPAÇÕES S.A.;2023;11.308168022;4.35183197059;61.516030164;0.872262697471;19.7834571129;3342973000;10.6967316265;-1.56847205279;23833893000;55631215000;2420977000;21409100000
027090;02.600.854/0001-34;TIM BRASIL SERVIÇOS E PARTICIPAÇÕES S.A.;2024;10.5789861742;4.22382876685;60.0734068721;0.950092602802;21.6312800295;3271892000;6.77202419261;2.11343218012;25447930000;56806943000;2399428000;22681077000
027090;02.600.854/0001-34;TIM BRASIL SERVIÇOS E PARTICIPAÇÕES S.A.;2025;17.4025979607;5.8206942739;66.5527280063;0.926285061124;23.8167340796;3635544000;4.62430932496;2.86895036756;26624721000;58436706000;3401422000;19545484000
026883;03.820.456/0001-96;BSB ENERGÉTICA S.A.;2021;154.376219787;10.1619960322;93.4173825177;1.04005862237;;48899000;;;0;404763000;41132000;26644000
026883;03.820.456/0001-96;BSB ENERGÉTICA S.A.;2022;105.170498248;20.5330752655;80.4763925173;1.02430564098;;41601000;;3.64781365886;0;419528000;86142000;81907000
026883;03.820.456/0001-96;BSB ENERGÉTICA S.A.;2023;128.402656794;22.2108690585;82.7021732937;0.714224465296;;15663000;;1.24401708587;0;424747000;94340000;73472000
026883;03.820.456/0001-96;BSB ENERGÉTICA S.A.;2024;124.531547935;19.7035239143;84.1778856514;0.601611573345;;3869000;;3.79002088302;0;440845000;86862000;69751000
026883;03.820.456/0001-96;BSB ENERGÉTICA S.A.;2025;129.742953621;23.0574220887;82.2283820083;0.547914441934;;4280000;;11.1311231839;0;489916000;112962000;87066000
027367;04.368.865/0001-66;LIGGA TELECOMUNICAÇÕES S.A.;2021;-4.45403686887;-2.36491081359;46.9041033289;1.33554071584;0.783067870111;343990000;;;394091000;1286687000;-30429000;683178000
027367;04.368.865/0001-66;LIGGA TELECOMUNICAÇÕES S.A.;2022;-3.80213445328;-1.57385766321;58.6059440413;1.75749617882;2.28414974997;6825000;20.1115985902;93.3965292258;473349000;2488408000;-39164000;1030053000
027367;04.368.865/0001-66;LIGGA TELECOMUNICAÇÕES S.A.;2023;-6.04868516692;-2.24547024697;62.8767213864;1.17382474874;7.234645843;9870000;30.2375203074;5.1444538034;616478000;2616423000;-58751000;971302000
027367;04.368.865/0001-66;LIGGA TELECOMUNICAÇÕES S.A.;2024;-2.14480710875;-0.626172634875;70.8051771966;1.11106705516;29.6542900725;13690000;-5.03586502681;-3.70696940059;585433000;2519433000;-15776000;735544000
027367;04.368.865/0001-66;LIGGA TELECOMUNICAÇÕES S.A.;2025;-14.3381346792;-5.19242260829;63.7859266601;0.981346095232;7.3883010581;15690000;6.95075269074;8.93244630836;626125000;2744480000;-142505000;993888000
026808;04.368.898/0001-06;COPEL DISTRIBUIÇÃO S.A.;2021;11.3498398371;4.1235103547;63.668999617;1.33575353885;7.86587466818;393317000;;;14836392000;20804701000;857884000;7558556000
026808;04.368.898/0001-06;COPEL DISTRIBUIÇÃO S.A.;2022;-3.47607481205;-1.11875003499;67.8157089394;1.24347628544;3.48476980285;430121000;-6.28921101572;-1.27800923455;13903300000;20538815000;-229778000;6610272000
026808;04.368.898/0001-06;COPEL DISTRIBUIÇÃO S.A.;2023;8.39056947175;2.60692462679;68.9303016253;0.938610118632;7.3088453859;626708000;8.50450612445;6.29204265193;15085707000;21831126000;569121000;6782865000
026808;04.368.898/0001-06;COPEL DISTRIBUIÇÃO S.A.;2024;14.7936804293;4.8118446137;67.4736477059;1.13223785165;11.6396838276;1734522000;12.8913215668;7.95275974313;17030454000;23567303000;1134022000;7665584000
026808;04.368.898/0001-06;COPEL DISTRIBUIÇÃO S.A.;2025;13.4809945437;4.35136607787;67.7222176466;0.922464724654;10.8211971435;400104000;12.7521908694;4.58375317702;19202210000;24647570000;1072506000;7955689000
026387;05.347.060/0001-07;INTERPLAYERS SOLUÇÕES INTEGRADAS S.A.;2021;17.2538734946;6.85588920883;60.2646373235;0.88223202347;11.5532836276;5266000;;;151022000;145860000;10000000;57958000
026387;05.347.060/0001-07;INTERPLAYERS SOLUÇÕES INTEGRADAS S.A.;2022;16.7662375879;9.41996108979;43.8158916666;1.01964823812;15.4848416312;16728000;34.6730939863;78.3120800768;203386000;260086000;24500000;146127000
026387;05.347.060/0001-07;INTERPLAYERS SOLUÇÕES INTEGRADAS S.A.;2023;13.1327593908;7.50213218126;42.8746696867;1.33272323572;12.5574327702;19507000;22.9558573353;9.99900033066;250075000;286092000;21463000;163431000
026697;07.823.262/0001-03;FOZ DO RIO CLARO ENERGIA S.A.;2021;15.0078913178;3.94982031146;73.6817103228;18.3168604651;70.3537393384;2451000;;;81953000;871508000;34423000;229366000
026697;07.823.262/0001-03;FOZ DO RIO CLARO ENERGIA S.A.;2022;-0.391333248842;-0.109549406565;72.0061081216;0.830049483803;47.7873843502;33028000;28.8531231316;58.4738177963;105599000;1381112000;-1513000;386627000
026697;07.823.262/0001-03;FOZ DO RIO CLARO ENERGIA S.A.;2023;-1.97841917259;-0.541146250101;72.6475431699;1.20044783027;43.4099312505;14877000;65.7051676626;-0.104843054003;174983000;1379664000;-7466000;377372000
026697;07.823.262/0001-03;FOZ DO RIO CLARO ENERGIA S.A.;2024;3.88427874029;1.08675634909;72.021669356;2.54261556352;44.0336029759;9326000;28.4364766863;-0.817590369829;224742000;1368384000;14871000;382851000
026697;07.823.262/0001-03;FOZ DO RIO CLARO ENERGIA S.A.;2025;-4.24869094463;-1.16774533181;72.515173567;1.73049909754;36.1157229744;3238000;5.86049781527;-5.6025209298;237913000;1291720000;-15084000;355027000
026522;08.322.396/0001-03;CERRADINHO BIOENERGIA S.A.;2021;29.258249494;8.615856365;70.5523860313;2.17091058221;22.3221079583;872251000;;;1663790000;3075295000;264963000;905601000
026522;08.322.396/0001-03;CERRADINHO BIOENERGIA S.A.;2022;45.5264641436;13.2966564131;70.7935666359;2.69241772891;30.3192262098;1144378000;57.629448428;25.6054459816;2622623000;3862738000;513615000;1128168000
026522;08.322.396/0001-03;CERRADINHO BIOENERGIA S.A.;2023;18.272557261;4.57378432651;74.9691066161;2.4412801706;17.5413547588;1219772000;-5.56938606883;37.4304961921;2476559000;5308580000;242803000;1328785000
026522;08.322.396/0001-03;CERRADINHO BIOENERGIA S.A.;2024;2.99085634463;0.572773425929;80.8491829788;1.96616586778;8.10756429693;1692363000;3.95161189376;32.5225954963;2574423000;7035068000;40295000;1347273000
026522;08.322.396/0001-03;CERRADINHO BIOENERGIA S.A.;2025;13.7112781346;2.63680060108;80.7691115651;1.82010904052;20.0719167879;1470898000;44.201088943;5.94460494198;3712346000;7453275000;196528000;1433331000
026514;09.359.927/0001-97;ASA BRANCA HOLDING S.A.;2021;-15.1632310689;-2.7789705069;81.6729660434;0.650960652539;27.7607093031;71003000;;;131171000;565929000;-15727000;103718000
026514;09.359.927/0001-97;ASA BRANCA HOLDING S.A.;2022;10.3609579685;1.66317772165;83.9476453171;0.865959378557;50.9942438514;119143000;-15.5011397336;12.0117541246;110838000;633907000;10543000;101757000
026514;09.359.927/0001-97;ASA BRANCA HOLDING S.A.;2023;-41.6066744796;-2.63261969583;93.672602464;0.638325668135;18.6229160218;111478000;2.00923870875;-10.6503004384;113065000;566394000;-14911000;35838000
026514;09.359.927/0001-97;ASA BRANCA HOLDING S.A.;2024;1561.58238173;-7.46891689977;100.478291571;0.468108965983;1.39831192957;66772000;-12.3972935922;-9.48738863759;99048000;512658000;-38290000;-2452000
026514;09.359.927/0001-97;ASA BRANCA HOLDING S.A.;2025;89.2210304203;-3.63637015152;104.075687239;0.609666165175;10.3954153649;135170000;7.28939504079;8.87160641207;106268000;558139000;-20296000;-22748000
026921;10.319.900/0001-50;REGENERA RIO S.A.;2021;138.806210466;5.40148154513;96.1086168068;6.90158293187;38.9772476554;318443000;;;367127000;1117212000;60346000;43475000
026921;10.319.900/0001-50;REGENERA RIO S.A.;2022;64.7677331909;6.16627393444;90.4794044339;5.62855256002;26.6848645752;350418000;9.26600331765;14.4499880059;401145000;1278649000;78845000;121735000
026921;10.319.900/0001-50;REGENERA RIO S.A.;2023;-28.1866332516;-2.30398721996;91.8259580724;1.71826969421;19.1611455747;1142000;3.99930199803;-9.13753500765;417188000;1161812000;-26768000;94967000
026921;10.319.900/0001-50;REGENERA RIO S.A.;2024;7.60706711031;0.720225638154;90.5321508577;2.7255004263;28.1168771396;18433000;9.36891761029;-6.55699889483;456274000;1085632000;7819000;102786000
026921;10.319.900/0001-50;REGENERA RIO S.A.;2025;-7.79171481835;-0.763719164332;90.1983172878;1.05317610588;25.4414245674;46445000;-2.17741970833;11.4075487826;446339000;1209476000;-9237000;118549000
026964;10.452.416/0001-02;REAG CAPITAL HOLDING S.A.;2021;19.5076849183;14.4255016871;26.052210975;1.05893633342;30.6801277831;3885000;;;41007000;56310000;8123000;41640000
026964;10.452.416/0001-02;REAG CAPITAL HOLDING S.A.;2022;2.12404187242;1.66385810822;21.665475157;6.33307984791;11.6334778817;7160000;98.510010486;317.325519446;81403000;234996000;3910000;184083000
026964;10.452.416/0001-02;REAG CAPITAL HOLDING S.A.;2023;-16.8896612499;-7.13714030839;57.7425491087;4.75251840566;-17.9641256949;22072000;63.9571023181;512.503191544;133466000;1439358000;-102729000;608236000
026611;12.592.831/0001-89;MNLT S.A.;2021;8.39041073375;8.28026014944;1.31281516258;144.883478261;;229703000;;;0;1541268000;127621000;1521034000
026611;12.592.831/0001-89;MNLT S.A.;2022;16.2867199541;15.7817373736;3.10057876573;54.1129681213;;28205000;;-42.1321924545;0;891898000;140757000;864244000
026611;12.592.831/0001-89;MNLT S.A.;2023;3.67633314351;1.70567823248;53.6038175568;37.5876994065;;24543000;;122.363768054;0;1983258000;33828000;920156000
026611;12.592.831/0001-89;MNLT S.A.;2024;5.30098118829;2.52449768835;52.3767846239;59.3413533835;;33155000;;4.04395192154;0;2063460000;52092000;982686000
026611;12.592.831/0001-89;MNLT S.A.;2025;5.65573082252;4.07910609942;27.8765869976;3.60668250341;;1439249000;;-29.5776511297;0;1453137000;59275000;1048052000
027138;13.522.948/0001-59;SAFIRA HOLDING S.A.;2021;22.636946548;5.37362100242;76.2617233246;1.2427491141;2.57894652571;15300000;;;999284000;304841000;16381000;72364000
027138;13.522.948/0001-59;SAFIRA HOLDING S.A.;2022;24.5824849517;3.78689583894;84.595146315;1.12667295356;5.4020929294;16767000;-32.8019862221;91.3892816255;671499000;583433000;22094000;89877000
027138;13.522.948/0001-59;SAFIRA HOLDING S.A.;2023;23.4859825456;4.47288496523;80.9550869054;1.13498939924;4.12753847991;22174000;25.9616172176;-11.6234426232;845831000;515618000;23063000;98199000
027111;16.838.421/0001-26;XP INVESTIMENTOS S.A.;2021;1589.54210454;0.387768944302;53.4809055489;0.159626065398;5.40939870707;1181559000;;;40608543000;120139327000;465863000;29308000
027111;16.838.421/0001-26;XP INVESTIMENTOS S.A.;2022;-46.6459016812;-0.0206708494783;59.8488143539;0.316573625642;1.64016317568;2688782000;118.61946389;47.1420861214;88778179000;176775512000;-36541000;78337000
027111;16.838.421/0001-26;XP INVESTIMENTOS S.A.;2023;788.984581905;0.33083118112;63.0519497879;0.116616616803;2.18611970448;1881016000;25.2928909479;31.4253633727;111232747000;232327859000;768613000;97418000
027111;16.838.421/0001-26;XP INVESTIMENTOS S.A.;2024;187696.444444;0.530434325203;11.609373441;0.189158118508;12.5025877071;462523000;-93.6248809894;-65.7306668504;7091220000;79617208000;422317000;225000
027103;19.014.221/0001-47;CHINA THREE GORGES BRASIL ENERGIA S.A.;2021;10.945216679;6.10236347762;44.2462981172;0.854698262968;56.5850937059;1317861000;;;6250192000;28609833000;1745876000;15951041000
027103;19.014.221/0001-47;CHINA THREE GORGES BRASIL ENERGIA S.A.;2022;13.8399839442;7.54543660203;45.4808861595;0.832720159862;61.4155761208;2383790000;-4.60849842693;5.54385270267;5962152000;30195920000;2278414000;16462548000
027103;19.014.221/0001-47;CHINA THREE GORGES BRASIL ENERGIA S.A.;2023;14.5351555947;8.82427629376;39.2901146721;0.768089951856;61.6899835457;1698042000;-0.400744563372;-0.27319253727;5938259000;30113427000;2657292000;18281827000
027103;19.014.221/0001-47;CHINA THREE GORGES BRASIL ENERGIA S.A.;2024;12.1053894644;6.78940072628;43.9142313739;0.581824550542;66.0110535032;2742164000;-2.02406126105;11.3209765199;5818065000;33522561000;2275981000;18801386000
027103;19.014.221/0001-47;CHINA THREE GORGES BRASIL ENERGIA S.A.;2025;14.1198994281;8.11893728444;42.5000346087;0.581974998904;59.926861146;878956000;10.150574117;-1.52327860631;6408632000;33011919000;2680217000;18981842000
027057;20.512.706/0001-40;VITRU EDUCAÇÃO S.A.;2021;6.74766665998;4.55224361601;32.5360328925;0.941834132566;13.1638112833;59865000;;;631147000;1256699000;57208000;847819000
027057;20.512.706/0001-40;VITRU EDUCAÇÃO S.A.;2022;4.27694627689;1.65089711919;61.4000968843;1.01069622516;15.5113387068;35130000;108.722532152;348.936539299;1317346000;5641781000;93140000;2177722000
027057;20.512.706/0001-40;VITRU EDUCAÇÃO S.A.;2023;5.45147991341;2.09292461779;61.6081385049;0.30584363728;21.1445459294;12971000;48.9756677441;3.88960507329;1962525000;5861224000;122671000;2250233000
027057;20.512.706/0001-40;VITRU EDUCAÇÃO S.A.;2024;11.2872363838;4.95683165978;56.0846296539;2.28672338246;20.9042916525;21553000;9.13537407167;-0.612329438356;2141809000;5825334000;288752000;2558217000
027057;20.512.706/0001-40;VITRU EDUCAÇÃO S.A.;2025;12.6425396435;6.07001213047;51.9873988799;2.23229816852;26.0262372525;69510000;5.47523145154;4.60763279839;2259078000;6093744000;369891000;2925765000
026972;21.331.849/0001-18;CREDGRID SERVIÇOS FINANCEIROS S.A.;2021;3.88833939523;1.26486484148;67.4703076838;0.579379304317;15.0159312379;449896000;;;1183210000;5084733000;64315000;1654048000
026972;21.331.849/0001-18;CREDGRID SERVIÇOS FINANCEIROS S.A.;2022;4.91616390926;1.48634604405;69.7661414167;0.991829612548;10.9081730047;58408000;228.95808859;12.1218164258;3892265000;5701095000;84738000;1723661000
026816;26.072.786/0001-46;QESTRA TECNOLOGIA ADMINISTRAÇÃO E PARTICIPAÇÕES S.A.;2021;0;0;0;;;118000;;;0;118000;0;118000
026816;26.072.786/0001-46;QESTRA TECNOLOGIA ADMINISTRAÇÃO E PARTICIPAÇÕES S.A.;2022;56.059735784;-179.082568807;419.449541284;0.238407699038;;5000;;823.728813559;0;1090000;-1952000;-3482000
026816;26.072.786/0001-46;QESTRA TECNOLOGIA ADMINISTRAÇÃO E PARTICIPAÇÕES S.A.;2023;40.5599180608;-218.58325667;638.914443422;0.156515478762;;2000;;-0.275229357798;0;1087000;-2376000;-5858000
026816;26.072.786/0001-46;QESTRA TECNOLOGIA ADMINISTRAÇÃO E PARTICIPAÇÕES S.A.;2024;30.9198113208;;;0;;0;;-100;0;0;-2622000;-8480000
026077;26.345.998/0001-50;TC S.A.;2021;0.195854281805;0.185745968802;5.16113965437;11.9946392751;-29.2676004061;318433000;;;91603000;646582000;1201000;613211000
026077;26.345.998/0001-50;ECONOMATICA S.A.;2022;-15.3653663035;-14.0417382546;8.61436052218;4.22965010695;-110.125307811;147613000;-10.0062225036;-9.71276651685;82437000;583781000;-81973000;533492000
026077;26.345.998/0001-50;ECONOMATICA S.A.;2023;-85.9185205284;-78.7443763706;8.34993912108;4.83561409511;-372.632807291;83457000;-34.5099894465;-46.9611035645;53988000;309631000;-243817000;283777000
026077;26.345.998/0001-50;ECONOMATICA S.A.;2024;-44.0802206678;-40.0288770695;9.19084237087;4.21491448692;-200.536180847;33112000;-18.472623546;-29.9873074724;44015000;216781000;-86775000;196857000
026077;26.345.998/0001-50;ECONOMATICA S.A.;2025;-64.7597098895;-59.841741539;7.59417909513;8.24435115446;-423.223640027;9140000;-49.2559354765;-33.7169770413;22335000;143689000;-85986000;132777000
027197;26.982.634/0001-80;TURBI COMPARTILHAMENTO DE VEÍCULOS S.A.;2021;-77.359254759;-17.0722441957;77.9312194141;0.664587741768;-10.3283696067;4158000;;;47142000;44751000;-7640000;9876000
027197;26.982.634/0001-80;TURBI COMPARTILHAMENTO DE VEÍCULOS S.A.;2022;203.435038719;-22.6782749843;111.147674033;1.21237570199;-32.9515747541;4509000;36.320054304;202.864740453;64264000;135535000;-30737000;-15109000
027197;26.982.634/0001-80;TURBI COMPARTILHAMENTO DE VEÍCULOS S.A.;2023;74.5101749871;-20.5495514931;127.579523866;0.416575324448;-6.25833068867;7545000;71.6124113034;112.047072712;110285000;287398000;-59059000;-79263000
027197;26.982.634/0001-80;TURBI COMPARTILHAMENTO DE VEÍCULOS S.A.;2024;-120.235849057;-15.7132827617;86.9312830699;0.344066521666;-9.20938666149;9486000;124.032280002;103.19904801;247074000;583990000;-91764000;76320000
027197;26.982.634/0001-80;TURBI COMPARTILHAMENTO DE VEÍCULOS S.A.;2025;-185.497324141;-8.20671869901;95.5758290654;0.810667434736;17.5921012788;11935000;45.6879315509;60.554461549;359957000;937622000;-76948000;41482000
026620;28.594.234/0001-23;AUREN ENERGIA S.A.;2021;3.44492879302;1.59307427819;53.7559591532;1.46820541151;51.8232439597;1595818000;;;2624114000;19562553000;311646000;9046515000
026620;28.594.234/0001-23;AUREN ENERGIA S.A.;2022;17.5611374963;8.29731709609;52.7518243176;1.49285306706;25.2200715557;3125959000;110.193078502;65.0239260694;5515706000;32282893000;2678614000;15253078000
026620;28.594.234/0001-23;AUREN ENERGIA S.A.;2023;-2.56843889697;-1.09568495908;57.3404311713;1.54200076816;17.3719364143;3238394000;12.0779461414;-10.1860016077;6181890000;28994557000;-317689000;12368953000
026620;28.594.234/0001-23;AUREN ENERGIA S.A.;2024;1.87711354704;0.515351247373;72.5455474878;1.55808731941;16.0257177742;7200549000;30.3800455848;81.9448974509;8059951000;52754117000;271869000;14483354000
026620;28.594.234/0001-23;AUREN ENERGIA S.A.;2025;-4.04977313648;-1.14489001545;71.7295271398;1.32164824636;17.5770845944;3826127000;63.4867507259;-7.63301374185;13176952000;48727388000;-557875000;13775463000
026956;29.980.141/0001-08;OCEÂNICA ENGENHARIA E CONSULTORIA S.A.;2021;-12.3983248772;-1.3188215843;89.3629050911;0.54011914966;5.76729172975;9309000;;;320341000;466932000;-6158000;49668000
026956;29.980.141/0001-08;OCEÂNICA ENGENHARIA E CONSULTORIA S.A.;2022;75.3597429332;6.9492660152;90.7785433645;0.932151454908;26.6423113314;185920000;147.1157298;131.281428559;791613000;1079927000;75047000;99585000
026956;29.980.141/0001-08;OCEÂNICA ENGENHARIA E CONSULTORIA S.A.;2023;18.194869666;1.18291159988;93.4986530731;0.568241201978;24.0141829683;212929000;14.1134620073;64.6864093592;903337000;1778493000;21038000;115626000
026956;29.980.141/0001-08;OCEÂNICA ENGENHARIA E CONSULTORIA S.A.;2024;163.195995082;-5.60158570294;103.432428412;1.23342981053;7.15308308174;203778000;22.1732310312;197.117728324;1103636000;5284218000;-296000000;-181377000
026956;29.980.141/0001-08;OCEÂNICA ENGENHARIA E CONSULTORIA S.A.;2025;26.3203963219;-0.502509446171;101.90920167;1.68415481135;18.906657802;429026000;57.5466911192;9.84535460119;1738742000;5804468000;-29168000;-110819000
026948;35.980.592/0001-30;ELEA DIGITAL INFRAESTRUTURA E REDES DE TELECOMUNICAÇÕES S.A.;2021;8.2350023495;2.78570513943;66.1723819714;2.01619333719;50.5958591457;18090000;;;122680000;679433000;18927000;229836000
026948;35.980.592/0001-30;ELEA DIGITAL INFRAESTRUTURA E REDES DE TELECOMUNICAÇÕES S.A.;2022;-4.54919211231;-1.13835177569;74.9768365989;3.91112464699;33.0085556115;321158000;21.4745679817;16.5969271437;149025000;792198000;-9018000;198233000
026948;35.980.592/0001-30;ELEA DIGITAL INFRAESTRUTURA E REDES DE TELECOMUNICAÇÕES S.A.;2023;-15.7200065381;-3.26325496626;79.2413892555;2.92901010687;28.048515411;246099000;8.04965609797;4.16827611279;161021000;825219000;-26929000;171304000
026948;35.980.592/0001-30;ELEA DIGITAL INFRAESTRUTURA E REDES DE TELECOMUNICAÇÕES S.A.;2024;-6.55557214302;-1.13415142035;82.6994288887;0.734736872141;52.5523677035;98150000;0.891809142907;12.605381117;162457000;929241000;-10539000;160764000
026948;35.980.592/0001-30;ELEA DIGITAL INFRAESTRUTURA E REDES DE TELECOMUNICAÇÕES S.A.;2025;-83.0647824453;-7.42994038325;91.0552460808;0.421462612449;36.9617485347;33677;-99.8643111716;-99.8943469993;220436;981771;-72945;87817
026875;36.146.575/0001-64;EIXO SP CONCESSIONÁRIA DE RODOVIAS S.A.;2021;2.16598331961;0.814750449293;62.3842694485;3.17580043392;8.17039987304;284561000;;;1291785000;2714819000;22119000;1021199000
026875;36.146.575/0001-64;EIXO SP CONCESSIONÁRIA DE RODOVIAS S.A.;2022;3.18603742522;1.11559949858;64.9847333948;1.2542150793;20.6426015583;212552000;-6.36584261313;10.9272846551;1209552000;3011475000;33596000;1054476000
026875;36.146.575/0001-64;EIXO SP CONCESSIONÁRIA DE RODOVIAS S.A.;2023;7.30526563963;2.17996691237;70.1589645072;1.3745486034;22.0371333747;562216000;14.2653643663;26.4921010468;1382099000;3809278000;83041000;1136728000
026875;36.146.575/0001-64;EIXO SP CONCESSIONÁRIA DE RODOVIAS S.A.;2024;3.5201401943;1.03018752593;70.7344745075;0.944083850449;20.0105244541;413015000;-0.177628375391;5.65020457945;1379644000;4024510000;41460000;1177794000
026875;36.146.575/0001-64;EIXO SP CONCESSIONÁRIA DE RODOVIAS S.A.;2025;-0.205636149082;-0.0514478843787;74.9811088137;0.771984695824;10.7493922044;423034000;22.7726862872;16.733664471;1693826000;4697958000;-2417000;1175377000
026859;36.763.716/0001-98;CONCESSIONÁRIA CATARINENSE DE RODOVIAS S.A.;2021;6.00239339926;5.86072254815;2.36023935262;27.8063475456;14.6259370858;84568000;;;317607000;1024430000;60039000;1000251000
026859;36.763.716/0001-98;CONCESSIONÁRIA CATARINENSE DE RODOVIAS S.A.;2022;11.1095507979;10.6681265752;3.97337597836;14.3407888851;24.4018729859;134852000;-11.5778304634;2.79218687465;280835000;1053034000;112339000;1011193000
026859;36.763.716/0001-98;CONCESSIONÁRIA CATARINENSE DE RODOVIAS S.A.;2023;10.3201176793;9.43947962196;8.53321720497;3.92173689379;17.1991048552;135199000;53.7066248865;7.07042697577;431662000;1127488000;106429000;1031277000
026859;36.763.716/0001-98;CONCESSIONÁRIA CATARINENSE DE RODOVIAS S.A.;2024;6.14019029147;4.2886240532;30.1548673637;2.88119600623;10.4896549461;201651000;19.9959690684;28.3251795141;517977000;1446851000;62050000;1010555000
026859;36.763.716/0001-98;CONCESSIONÁRIA CATARINENSE DE RODOVIAS S.A.;2025;1.98572786026;1.06700257587;46.2664246584;2.27661198016;6.19763169237;176837000;5.71202968472;29.5445073473;547564000;1874316000;19999000;1007137000
026328;37.702.340/0001-74;MONTE RODOVIAS S.A.;2021;14.4533429969;5.00228579527;65.3901121952;1.88397345108;91.4624035257;119912000;;;179711000;1594631000;79768000;551900000
026328;37.702.340/0001-74;AUSTRAVIAS S.A.;2022;-8.98908134389;-2.90137467756;67.7233460622;1.33752546697;8.61640881932;117252000;53.29389965;-1.61504448365;275486000;1568877000;-45519000;506381000
026328;37.702.340/0001-74;AUSTRAVIAS S.A.;2023;-1.4196890568;-0.395098676955;72.1700554735;1.00324957859;22.6927653191;136299000;12.2699520121;14.1545831827;309288000;1790945000;-7076000;498419000
026328;37.702.340/0001-74;AUSTRAVIAS S.A.;2024;-10.7248767784;-0.864863200763;91.9359148023;2.3958882446;25.8654957996;191835000;39.2482087892;1.5673848164;430678000;1819016000;-15732000;146687000
026328;37.702.340/0001-74;AUSTRAVIAS S.A.;2025;-10.2133694849;-4.54272344919;55.5217946837;2.52173074563;25.691182982;222904000;20.088093657;2.65891009205;517193000;1867382000;-84830000;830578000
026832;38.482.780/0001-26;ANEMUS WIND HOLDING S.A.;2021;-3.54009487598;-1.24184396965;64.9206020417;18.1150175302;;21822000;;;0;714502000;-8873000;250643000
026832;38.482.780/0001-26;ANEMUS WIND HOLDING S.A.;2022;-9.09098813198;-2.5016718087;72.4818493614;0.487226190665;11.704805492;3278000;;16.9935143639;8740000;835921000;-20912000;230030000
026832;38.482.780/0001-26;ANEMUS WIND HOLDING S.A.;2023;7.38405572715;2.68956673304;63.5760233613;0.308682122978;65.8277540516;11304000;1127.02517162;26.217310009;107242000;1055077000;28377000;384301000
026832;38.482.780/0001-26;ANEMUS WIND HOLDING S.A.;2024;-68.9198039604;-13.9711267894;79.7284292952;0.0442193182272;24.3428905198;4581000;46.8715615151;6.37005640347;157508000;1122286000;-156796000;227505000
026930;38.543.489/0001-10;AMAZONE FUN PARKS S.A.;2021;92.6942019415;-12.8669256809;113.881046939;14.4612215128;;38782;;;0;3479860;-447751;-483041
026930;38.543.489/0001-10;AMAZONE FUN PARKS S.A.;2022;81.0871869324;-17.5514885332;121.645205855;8.39598211113;;57717;;239.081715931;0;11799569;-2071000;-2554041
026999;39.580.673/0001-01;BRK AMBIENTAL - REGIÃO METROPOLITANA DE MACEIÓ S.A.;2021;-14.646105332;-2.66111060405;81.8305922037;1.32200964762;-8.47319526981;10028000;;;317873000;2289871000;-60936000;416056000
026999;39.580.673/0001-01;BRK AMBIENTAL - REGIÃO METROPOLITANA DE MACEIÓ S.A.;2022;-6.28196024136;-1.11722738523;82.2153063327;2.13106822506;0.00485970349538;15916000;100.677314525;23.7928250107;637899000;2834696000;-31670000;504142000
026999;39.580.673/0001-01;BRK AMBIENTAL - REGIÃO METROPOLITANA DE MACEIÓ S.A.;2023;-5.12748056001;-1.0918963018;78.7050133292;7.7210828644;-1.53468206081;481503000;12.6283314443;32.4892686905;718455000;3755668000;-41008000;799769000
026999;39.580.673/0001-01;BRK AMBIENTAL - REGIÃO METROPOLITANA DE MACEIÓ S.A.;2024;-1.38871472957;-0.26059486649;81.234816558;4.39261167855;6.8983627889;495960000;12.1008274701;12.025264214;805394000;4207297000;-10964000;789507000
026999;39.580.673/0001-01;BRK AMBIENTAL - REGIÃO METROPOLITANA DE MACEIÓ S.A.;2025;-1.28726768024;-0.235241109499;81.7255483758;3.20411801561;6.86156290126;353874000;20.6783263844;8.14068985384;971936000;4549800000;-10703000;831451000
027154;39.881.421/0001-04;COMPANHIA ESTADUAL DE GERAÇÃO DE ENERGIA ELÉTRICA - CEEE-G;2021;22.8744362765;14.9030176704;34.8485904078;5.05887542786;28.2028755166;488327000;;;476923000;1406648000;209633000;916451000
027154;39.881.421/0001-04;COMPANHIA ESTADUAL DE GERAÇÃO DE ENERGIA ELÉTRICA - CEEE-G;2022;-1.57352491018;-0.421100883516;73.2383719641;7.07491024107;-27.1431020026;669100000;-9.47511443147;140.385298952;431734000;3381375000;-14239000;904911000
027154;39.881.421/0001-04;COMPANHIA ESTADUAL DE GERAÇÃO DE ENERGIA ELÉTRICA - CEEE-G;2023;7.51706207682;2.20731023633;70.6359982959;0.471522048135;86.4959824807;784415000;-28.0772420055;-2.88385641936;310515000;3283861000;72485000;964273000
027154;39.881.421/0001-04;COMPANHIA ESTADUAL DE GERAÇÃO DE ENERGIA ELÉTRICA - CEEE-G;2024;-7.27130405348;-1.97194411773;72.8804612869;0.421098100924;3.96737357259;699549000;-11.163711898;0.844859145987;275850000;3311605000;-65303000;898092000
027154;39.881.421/0001-04;COMPANHIA ESTADUAL DE GERAÇÃO DE ENERGIA ELÉTRICA - CEEE-G;2025;-0.403915127543;-0.109816101319;72.8120850569;3.79328152377;33.424537865;709888000;31.9619358347;-0.596025190202;364017000;3291867000;-3615000;894990000
026000;40.337.136/0001-06;TERRA SANTA PROPRIEDADES AGRÍCOLAS S.A.;2021;5.46271607209;3.77191912158;30.9515802798;1.10873331055;72.1944622939;23215000;;;104267000;1008081000;38024000;696064000
026000;40.337.136/0001-06;TERRA SANTA PROPRIEDADES AGRÍCOLAS S.A.;2022;17.4528649988;14.0719766917;19.3715376093;0.513047686777;59.058424814;2051000;-8.87720947184;-3.30538915028;95011000;974760000;137168000;785934000
026000;40.337.136/0001-06;TERRA SANTA PROPRIEDADES AGRÍCOLAS S.A.;2023;4.92902644239;3.73678055779;24.1882631091;0.534534212822;64.7875193511;2084000;-3.45749439539;-3.32368993393;91726000;942362000;35214000;714421000
026000;40.337.136/0001-06;TERRA SANTA PROPRIEDADES AGRÍCOLAS S.A.;2024;1.0272489986;0.777709892572;24.2919785143;0.557551490216;29.8922905813;8832000;-25.5042190873;0.0430832312848;68332000;942768000;7332000;713751000
026000;40.337.136/0001-06;TERRA SANTA PROPRIEDADES AGRÍCOLAS S.A.;2025;0.720306885648;0.519169897118;27.9237908922;0.820221700648;-1.02201420672;11639000;41.3305625476;-3.05578891095;96574000;913959000;4745000;658747000
027006;40.480.481/0001-02;RIO ALTO STL HOLDING I S.A.;2021;-0.720739359418;-0.619859041933;13.9967820776;11.8149101956;;36567087;;;0;54380428;-337082;46768918
027006;40.480.481/0001-02;RIO ALTO STL HOLDING I S.A.;2022;-2.75793940689;-1.16193071413;57.8696068803;0.771769237151;;389421000;;1901.54180471;0;1088447000;-12647000;458567000
027006;40.480.481/0001-02;RIO ALTO STL HOLDING I S.A.;2023;-12.7839169284;-3.74355853406;70.716654723;0.149073756852;-80894.1176471;46000;;27.5638593335;34000;1388465000;-51978000;406589000
027006;40.480.481/0001-02;RIO ALTO STL HOLDING I S.A.;2024;-168.265572991;-18.8416407649;88.802438651;0.0264064715597;-110.228237329;3835000;370644.117647;-2.61022063934;126053000;1352223000;-254781000;151416000
026310;40.885.785/0001-41;CIA. SECURITIZADORA DE CRED. FIN. VERT-UME;2021;0;0;99.9910402294;13.1176470588;;709000;;;0;11161000;0;1000
026239;40.997.635/0001-20;PORTO DE VITORIA COMPANHIA SECURITIZADORA DE CREDITOS FINANC;2021;0;0;0;;;1000;;;0;1000;0;1000
026239;40.997.635/0001-20;TRV XLIII SECURITIZADORA DE CREDITOS MERCANTIS S.A.;2022;0;0;99.9990634073;513.317307692;-0.0457177689729;201000;;10676900;6562000;106770000;0;1000
026239;40.997.635/0001-20;TRV XLIII SECURITIZADORA DE CREDITOS MERCANTIS S.A.;2023;0;0;99.9992164299;17;-0.0617782635556;1000;220.679670832;19.528893884;21043000;127621000;0;1000
026239;40.997.635/0001-20;TRV XLIII SECURITIZADORA DE CREDITOS MERCANTIS S.A.;2024;0;0;99.9993337508;0.000606290766392;-0.0267427348904;85000;6.61977854869;17.6091709045;22436000;150094000;0;1000
026239;40.997.635/0001-20;TRV XLIII SECURITIZADORA DE CREDITOS MERCANTIS S.A.;2025;0;0;96;1.04166666667;-0.0144189176199;20000;-7.26510964521;-99.9833437712;20806000;25000;0;1000
027014;41.052.420/0001-07;SOLAR BEBIDAS S.A.;2021;36.9618093684;17.4266934638;52.8521634586;0.747521945714;20.4830406873;527996000;;;4350648000;5659318000;986232000;2668246000
027014;41.052.420/0001-07;SOLAR BEBIDAS S.A.;2022;13.7771444764;7.68640226531;44.209032006;1.19909859026;12.6193866482;908579000;87.0706846428;68.4355076;8138787000;9532301000;732691000;5318163000
027014;41.052.420/0001-07;SOLAR BEBIDAS S.A.;2023;20.7829230954;10.2946881501;50.4656390113;1.06852751669;14.4301093018;818760000;18.6521160954;1.48782544739;9656843000;9674125000;995921000;4792016000
027014;41.052.420/0001-07;SOLAR BEBIDAS S.A.;2024;30.784789697;14.8031342301;51.9141291014;0.957441553012;17.8043103016;891945000;19.2098597854;14.9727132945;11511909000;11122604000;1646494000;5348401000
027014;41.052.420/0001-07;SOLAR BEBIDAS S.A.;2025;31.6010353534;11.5874630964;63.3320143889;0.815955799195;14.7582102798;882968000;9.62430297182;8.17924471644;12619850000;12032349000;1394244000;4412020000
026646;41.096.674/0001-19;CANTU STORE S.A.;2021;240.412155082;-171.218905473;171.218905473;0.584047653639;;100500;;;0;100500;-172075;-71575
026646;41.096.674/0001-19;CANTU STORE S.A.;2022;79.6321262318;15.1879621222;80.9273432208;1.51901631425;26.1071649639;23557000;;1725795.52239;1536379000;1734525000;263439000;330820000
026646;41.096.674/0001-19;CANTU STORE S.A.;2023;9.06720909296;3.51202472018;61.2667505054;2.9042217292;10.2515105756;492970000;52.8018151771;49.1309148038;2347615000;2586713000;90846000;1001918000
026646;41.096.674/0001-19;CANTU STORE S.A.;2024;7.63522989858;2.80005096535;63.3272212816;3.23534241839;11.8134646487;456459000;10.7744668525;15.6010349815;2600558000;2990267000;83729000;1096614000
026646;41.096.674/0001-19;CANTU STORE S.A.;2025;0.496311412434;0.160610879017;67.6390921117;1.21608360828;7.63434934087;376938000;34.5198991909;43.919221929;3498268000;4303569000;6912000;1392674000
026344;41.335.131/0001-07;MOTTU I S.A;2021;109.433962264;-1160;1160;0.0862068965517;;0;;;0;5000;-58000;-53000
026344;41.335.131/0001-07;MOTTU I S.A;2022;-0.392127848476;-0.0273596398852;93.0227756097;1.375224164;49.5464497967;30274000;;3874220;6394000;193716000;-53000;13516000
026344;41.335.131/0001-07;MOTTU I S.A;2023;-176.062091503;-5.17130704486;97.0627935857;0.0586883198001;42.0320786444;4373000;383.640913356;-13.9518676826;30924000;166689000;-8620000;4896000
026344;41.335.131/0001-07;MOTTU I S.A;2024;-7.76626450983;-2.58725052748;66.6860364567;0.0572095495139;45.1973262522;4845000;5.94683740784;-13.2786206648;32763000;144555000;-3740000;48157000
026352;41.508.382/0001-46;RODOVIAS DO BRASIL HOLDING S.A.;2021;-32.0599167077;-1.88830581307;94.1100726172;0.365062540243;28.2295591917;91626000;;;790820000;3791388000;-71593000;223310000
026352;41.508.382/0001-46;RODOVIAS DO BRASIL HOLDING S.A.;2022;-13.3652184606;-0.500461662616;96.2554920887;0.456562785154;39.4948652918;164001000;43.0443084393;8.83586697009;1131223000;4126390000;-20651000;154513000
026352;41.508.382/0001-46;RODOVIAS DO BRASIL HOLDING S.A.;2023;43.9692559381;2.51796899979;94.273341802;0.598134816754;48.3480057549;232524000;11.5811824901;9.67724815153;1262232000;4525711000;113956000;259172000
026352;41.508.382/0001-46;RODOVIAS DO BRASIL HOLDING S.A.;2024;48.2565892346;4.13318842046;91.4349760602;0.785594142887;52.7749118075;205775000;5.88901247948;3.11555466091;1336565000;4666712000;192884000;399705000
026352;41.508.382/0001-46;RODOVIAS DO BRASIL HOLDING S.A.;2025;38.0500673552;5.11954019516;86.5452532649;1.43313951854;57.1614849215;406457000;2.59313987722;-3.52770858797;1371224000;4502084000;230486000;605744000
026220;41.534.746/0001-62;CERES SECURITIZADORA S/A;2021;137.84295175;-14511.9521912;10627.8884462;0.00940920677763;;189000;;;0;251000;-36425000;-26425000
026212;41.811.375/0001-19;CANAL COMPANHIA DE SECURITIZAÇÃO;2021;-917.214569424;-632.114152592;31.0832847991;3.20385984636;;17099;;;0;17170;-108534;11833
027294;41.886.692/0001-02;CONCESSIONARIA ROTA DE SANTA MARIA S.A;2021;2.33630172865;2.18549780103;6.45481385292;6.74270399047;8.59829616871;29312000;;;21481000;81629000;1784000;76360000
027294;41.886.692/0001-02;CONCESSIONARIA ROTA DE SANTA MARIA S.A;2022;0.441227372833;0.42708923956;3.20427383784;2.94888178914;0.160184726235;14363000;670.141054886;232.732239768;165434000;271606000;1160000;262903000
027294;41.886.692/0001-02;CONCESSIONARIA ROTA DE SANTA MARIA S.A;2023;4.95618298886;2.6018668501;47.5026072292;9.42507282339;8.28454037594;69233000;61.9793996397;99.1134216475;267969000;540804000;14071000;283908000
027294;41.886.692/0001-02;CONCESSIONARIA ROTA DE SANTA MARIA S.A;2024;2.95585791317;1.34398116877;54.5316044191;2.38510888627;9.0911663277;84981000;5.50660710754;36.0565010614;282725000;735799000;9889000;334556000
027294;41.886.692/0001-02;CONCESSIONARIA ROTA DE SANTA MARIA S.A;2025;-20.7964776284;-6.57306789632;68.3933596171;1.49251511189;-24.4514046896;27057000;11.4591917941;19.9266375736;315123000;882419000;-58002000;278903000
026433;42.233.757/0001-75;ALVAREZ & MARSAL INVESTIMENTOS I S.A.;2021;100.28953784;-35.7152210741;135.612110539;0.737397269335;;9336000;;;0;969833000;-346378000;-345378000
026433;42.233.757/0001-75;ALVAREZ & MARSAL INVESTIMENTOS I S.A.;2022;56.0607911088;-15.3973556793;127.465462714;0.784526238486;;15880000;;195.092763393;0;2861907000;-440658000;-786036000
026433;42.233.757/0001-75;ALVAREZ & MARSAL INVESTIMENTOS I S.A.;2023;21.4379593195;-7.51153995797;135.038502714;0.740529537801;;9475000;;-0.223417462552;0;2855513000;-214493000;-1000529000
026433;42.233.757/0001-75;ALVAREZ & MARSAL INVESTIMENTOS I S.A.;2024;75.3873519994;-22740.9617097;30265.4867913;0.00330409356008;;13364000;;-99.528070788;0;13476000;-3064572000;-4065101000
026433;42.233.757/0001-75;ALVAREZ & MARSAL INVESTIMENTOS I S.A.;2025;4.74590282824;-1110.95386978;23508.6939828;0.00425374544725;;18116;;-99.864715049;0;18231;-202538;-4267639
026735;42.310.775/0001-03;ÁGUAS DO RIO 1 SPE S.A.;2021;-0.196528998642;-0.0641499119204;67.3585514791;2.65205024462;0.151933445739;5334000;;;269855000;9091205000;-5832000;2967501000
026735;42.310.775/0001-03;ÁGUAS DO RIO 1 SPE S.A.;2022;3.67226132172;1.24334807641;66.1421677956;0.146737506557;13.4237193571;35487000;585.440699635;11.1696744271;1849696000;10106663000;125661000;3421897000
026735;42.310.775/0001-03;ÁGUAS DO RIO 1 SPE S.A.;2023;3.29115673095;1.13601449343;65.482819984;0.388788566826;14.6791725128;56473000;25.3443268515;14.5164927336;2318489000;11573796000;131480000;3994948000
026735;42.310.775/0001-03;ÁGUAS DO RIO 1 SPE S.A.;2024;1.69548979533;0.619930576581;63.4364902526;1.57862978999;14.1860148257;32155000;9.84727553161;11.4683721745;2546797000;12901122000;79978000;4717103000
026735;42.310.775/0001-03;ÁGUAS DO RIO 1 SPE S.A.;2025;-9.36185818937;-2.84804937302;69.5781615635;0.922191419921;13.3921622251;45750000;-6.82033157727;-6.97419960838;2373097000;12001372000;-341805000;3651038000
026727;42.353.180/0001-35;IGUÁ RIO DE JANEIRO S.A.;2021;-39.6073482594;-1.92852707262;95.130885663;0.091355500502;;0;;;0;7502617000;-144690000;365311000
026727;42.353.180/0001-35;IGUÁ RIO DE JANEIRO S.A.;2022;-39.5618472336;-6.77232246977;82.8816828754;0.392404274758;10.4092115651;155476000;;7.03906383599;1062751000;8030731000;-543867000;1374726000
026727;42.353.180/0001-35;IGUÁ RIO DE JANEIRO S.A.;2023;-38.2567925272;-4.44855778378;88.371848527;2.68954863398;19.9822372918;43791000;27.8782141819;6.47898678215;1359027000;8551041000;-380398000;994328000
026727;42.353.180/0001-35;IGUÁ RIO DE JANEIRO S.A.;2024;-71.2021865563;-3.91565723747;94.5006502934;0.991803470316;20.879102711;927322000;20.1666339227;21.6846346544;1633097000;10405303000;-407436000;572224000
026727;42.353.180/0001-35;IGUÁ RIO DE JANEIRO S.A.;2025;-154.792010425;-3.83976429137;97.5194040824;1.28114983574;30.2089892357;29252000;6.19405950779;-12.889879324;1734252000;9064072000;-348039000;224843000
026441;42.500.384/0001-51;SERENA ENERGIA S.A.;2021;13.892159975;5.25103371626;62.201459487;1.66501751572;334.20645145;1194182000;;;238303000;11392633000;598231000;4306249000
026441;42.500.384/0001-51;SERENA ENERGIA S.A.;2022;-0.155300221957;-0.0523866827325;66.2674772306;0.949225223032;24.2736515949;85641000;922.511256677;34.5626774776;2436675000;15330232000;-8031000;5171274000
026441;42.500.384/0001-51;SERENA ENERGIA S.A.;2023;1.18620757545;0.361710486061;69.5069822899;0.500989317086;31.346230014;53570000;24.6501482553;12.1313167341;3037319000;17189991000;62178000;5241747000
026441;42.500.384/0001-51;SERENA ENERGIA S.A.;2024;5.21774506638;1.47518415312;71.727554061;0.991651181861;37.5622669686;1427974000;35.8099034049;17.2877519249;4124980000;20161754000;297423000;5700221000
026441;42.500.384/0001-51;SERENA ENERGIA S.A.;2025;0.367021893084;0.0961542721163;73.8014887046;1.28596125014;18.7099721877;1912778000;54.9876847888;7.48263271142;6393211000;21670384000;20837000;5677318000
026492;42.603.513/0001-37;TRUE SECURITIZADORA DE CREDITOS FINANCEIROS IV S.A.;2021;-126.244343891;-126.244343891;0;;;442;;;0;442;-558;442
026743;42.644.220/0001-06;ÁGUAS DO RIO 4 SPE S.A.;2021;5.10423618581;1.79691379258;64.7956378355;1.58828325543;32.9305468731;15370000;;;699047000;8180526000;146997000;2879902000
026743;42.644.220/0001-06;ÁGUAS DO RIO 4 SPE S.A.;2022;8.93930399747;3.39503271522;62.0212858162;0.345455774422;16.0971989452;87872000;500.224019272;23.408384742;4195848000;10095455000;342744000;3834124000
026743;42.644.220/0001-06;ÁGUAS DO RIO 4 SPE S.A.;2023;11.2741305889;3.77273687672;66.536338683;0.913456318024;18.4093288636;116527000;30.8429666661;26.7670649812;5489972000;12797712000;482824000;4282583000
026743;42.644.220/0001-06;ÁGUAS DO RIO 4 SPE S.A.;2024;9.07814329397;2.69210176868;70.3452382111;2.37989309507;18.1627941498;85267000;11.0496556267;21.236210035;6096595000;15515461000;417692000;4601073000
026743;42.644.220/0001-06;ÁGUAS DO RIO 4 SPE S.A.;2025;-8.28926819397;-1.85376919235;77.6365156855;1.19933236132;13.8360624859;118979000;-17.0990856371;-15.8312021796;5054133000;13059177000;-242087000;2920487000
080217;42.737.954/0001-21;INTER & CO, INC.;2021;-0.651709043889;-0.150350825418;76.9297623183;1.27588040042;-207.023991419;500446000;;;542569000;36626337000;-55068000;8449783000
080217;42.737.954/0001-21;INTER & CO, INC.;2022;-0.198600556572;-0.0303799271089;84.7030000151;1.14241520787;-104.167394082;1331648000;78.4176759085;26.529442461;968039000;46343100000;-14079000;7089104000
080217;42.737.954/0001-21;INTER & CO, INC.;2023;4.63701954404;0.583677732081;87.4126531808;1.11360426205;-93.7158746441;4259379000;34.7447778447;30.2282259927;1304382000;60351797000;352260000;7596690000
080217;42.737.954/0001-21;INTER & CO, INC.;2024;1.51504865983;1.27238160658;0;;15.5186993226;983196000;495.560426317;26.687909558;7768383000;76458430000;972843000;64211997000
080217;42.737.954/0001-21;INTER & CO, INC.;2025;1.65426977447;1.41699573066;0;;13.2576455728;3138372000;57.7026518904;28.974029417;12250946000;98611518000;1397321000;84467541000
026778;42.937.550/0001-81;VERT-11 COMPANHIA SECURITIZADORA DE CRÉDITOS FINANCEIROS;2021;135.714285714;-380;380;0.263157894737;;0;;;0;5000;-19000;-14000
026450;42.938.083/0001-04;VERT-9 COMPANHIA SECURITIZADORA DE CRÉDITOS FINANCEIROS;2021;112.820512821;-880;880;0.113636363636;;0;;;0;5000;-44000;-39000
026751;42.945.876/0001-50;VERT-10 COMPANHIA SECURITIZADORA DE CRÉDITOS FINANCEIROS;2021;112.820512821;-880;880;0.113636363636;;4000;;;0;5000;-44000;-39000
026824;43.335.774/0001-86;TRAVESSIA SECURITIZADORA DE CRÉDITOS MERCANTIS VI S.A.;2021;-38.1215469613;-0.00681686492382;99.982118079;35.1194594313;;58005000;;;0;2024391000;-138000;362000
026824;43.335.774/0001-86;TRAVESSIA SECURITIZADORA DE CRÉDITOS MERCANTIS VI S.A.;2022;0;0;99.9979053687;370.681380435;-0.114795158875;2320;;-99.1462974297;3913057;17282278;0;362
026824;43.335.774/0001-86;TRAVESSIA SECURITIZADORA DE CRÉDITOS MERCANTIS VI S.A.;2023;0;0;99.9953139644;355.666666667;0;16000;-31.2813485722;23.4790922817;2689000;21340000;0;1000
026824;43.335.774/0001-86;TRAVESSIA SECURITIZADORA DE CRÉDITOS MERCANTIS VI S.A.;2024;0;0;99.9967906544;247.293650794;0;80000;74.5258460394;46.0121836926;4693000;31159000;0;1000
026824;43.335.774/0001-86;TRAVESSIA SECURITIZADORA DE CRÉDITOS MERCANTIS VI S.A.;2025;0;0;99.9928474358;88.4873417722;0;1000;19.944598338;-55.1301389647;5629000;13981000;0;1000
026913;44.067.725/0001-72;VIA BRASIL BR 163 CONCESSIONÁRIA DE RODOVIAS S.A.;2021;649.80793854;-9.01276882914;101.386989646;0.00554772807327;;60000;;;0;56309000;-5075000;-781000
026913;44.067.725/0001-72;VIA BRASIL BR 163 CONCESSIONÁRIA DE RODOVIAS S.A.;2022;-22.8069735608;-4.02883585722;82.3350702518;6.52836719609;-9.95361394741;353472000;;1905.02761548;557064000;1129011000;-45486000;199439000
026913;44.067.725/0001-72;VIA BRASIL BR 163 CONCESSIONÁRIA DE RODOVIAS S.A.;2023;-26.8709177067;-5.36497636149;80.0342644786;0.0264697887632;4.92288922391;9109000;90.3941019344;24.6995822007;1060617000;1407872000;-75532000;281092000
026913;44.067.725/0001-72;VIA BRASIL BR 163 CONCESSIONÁRIA DE RODOVIAS S.A.;2024;-7.46739249151;-1.75741444095;76.4654872105;0.533857264826;19.4822498622;1328000;-32.4209398869;5.00706030094;716755000;1478365000;-25981000;347926000
026913;44.067.725/0001-72;VIA BRASIL BR 163 CONCESSIONÁRIA DE RODOVIAS S.A.;2025;0.385943414053;0.0859376543993;77.733094731;1.31067121999;21.1307734878;92278000;5.37854636522;6.10228191279;755306000;1568579000;1348000;349274000
026867;60.665.981/0001-18;UNIÃO QUÍMICA FARMACÊUTICA NACIONAL S.A.;2021;31.2565930155;11.4459532397;63.3806754498;3.1232814597;19.4027310771;758901000;;;3331799000;3916738000;448308000;1434283000
026867;60.665.981/0001-18;UNIÃO QUÍMICA FARMACÊUTICA NACIONAL S.A.;2022;21.329321482;7.93384914045;62.8030870689;2.40715803577;18.667281273;311065000;12.6442501483;18.2343572636;3753080000;4630930000;367411000;1722563000
026867;60.665.981/0001-18;UNIÃO QUÍMICA FARMACÊUTICA NACIONAL S.A.;2023;19.8977090888;6.47219496021;67.4726626502;2.30892612462;16.5684603399;462417000;5.51413772155;5.50181065142;3960030000;4885715000;316213000;1589193000
026867;60.665.981/0001-18;UNIÃO QUÍMICA FARMACÊUTICA NACIONAL S.A.;2024;17.5239709864;5.8522012508;66.6045940424;2.92360359568;16.9239333109;621907000;6.38012843337;18.4316522761;4212685000;5786233000;338622000;1932336000
026867;60.665.981/0001-18;UNIÃO QUÍMICA FARMACÊUTICA NACIONAL S.A.;2025;12.1677564409;3.79579625071;68.8044688506;3.97467257469;14.9747254939;1228159000;4.72086092362;14.0854507587;4411560000;6601250000;250570000;2059295000
027065;62.070.362/0001-06;COMPANHIA DO METROPOLITANO DE SÃO PAULO - METRÔ;2021;-2.23249865166;-2.04783775752;8.27148961553;0.574931325997;-48.6258691674;197483000;;;1545013000;37083260000;-759405000;34015922000
027065;62.070.362/0001-06;COMPANHIA DO METROPOLITANO DE SÃO PAULO - METRÔ;2022;-3.30576103734;-3.00317795016;9.15320507956;0.652381437807;-52.582703861;362566000;40.0880769288;4.80127960702;2164379000;38863731000;-1167147000;35306454000
027065;62.070.362/0001-06;COMPANHIA DO METROPOLITANO DE SÃO PAULO - METRÔ;2023;-2.42851485909;-2.19079873584;9.78853896478;0.730626562485;-36.0341577901;307497000;7.17106384788;5.72567260719;2319588000;41088941000;-900176000;37066934000
027065;62.070.362/0001-06;COMPANHIA DO METROPOLITANO DE SÃO PAULO - METRÔ;2024;-0.851150511333;-0.790155676032;7.16616326839;0.985836406101;-12.2575268057;470878000;30.1943707245;7.03872849875;3019973000;43981080000;-347519000;40829324000
027065;62.070.362/0001-06;COMPANHIA DO METROPOLITANO DE SÃO PAULO - METRÔ;2025;-2.37004884159;-2.17347053043;8.29427257803;0.892379762209;-39.2114795551;642932000;-8.56799050852;10.738622153;2761222000;48704042000;-1058568000;44664396000
026549;68.400.225/0001-79;CLARANET TECHNOLOGY S.A.;2021;2.66981092349;0.727694276581;72.7436025458;0.652770306616;4.43355159674;13849000;;;82011000;348498000;2536000;94988000
026549;68.400.225/0001-79;CLARANET TECHNOLOGY S.A.;2022;;;;;4.99590575369;0;163.57074051;-100;216157000;0;-14716000;0
026549;68.400.225/0001-79;CLARANET TECHNOLOGY S.A.;2023;27.9478467538;10.1353873608;63.7346395588;1.72132532382;23.7654485082;54848000;-4.28392325948;;206897000;329499000;33396000;119494000
026786;80.680.093/0001-81;SENIOR SISTEMAS S.A.;2021;41.2507631714;24.6307437544;40.2902107483;1.92520008521;23.5584359844;121642000;;;582475000;419695000;103374000;250599000
026786;80.680.093/0001-81;SENIOR SISTEMAS S.A.;2022;39.5467119289;24.1597373591;38.90835374;1.81609098503;23.0441054431;146133000;23.2993690716;32.8143056267;718188000;557415000;134670000;340534000
026786;80.680.093/0001-81;SENIOR SISTEMAS S.A.;2023;39.1922584951;25.7877395567;34.2019558277;2.35101321929;25.5296075075;257483000;16.3246949267;22.5637989649;835430000;683189000;176179000;449525000
026786;80.680.093/0001-81;SENIOR SISTEMAS S.A.;2024;35.6994579951;22.2437097514;37.691743795;2.3534314617;23.6228403271;278242000;16.8210382677;27.989326526;975958000;874409000;194501000;544829000
026786;80.680.093/0001-81;SENIOR SISTEMAS S.A.;2025;53.2298156767;24.5880265076;53.8077932546;2.08100112147;24.3503494454;403501000;19.9112051953;14.6409746469;1170283000;1002431000;246478000;463045000
026980;87.870.952/0001-44;BORRACHAS VIPAL S.A.;2021;39.2084062099;9.1025181488;76.784268914;1.47911306093;13.5833801698;246850000;;;2280986000;2226318000;202651000;516856000
026980;87.870.952/0001-44;BORRACHAS VIPAL S.A.;2022;40.5862621806;7.98711121056;80.32065339;1.34780620263;12.4423598265;215857000;20.1546173453;0.367512637458;2740710000;2234500000;178472000;439735000
026980;87.870.952/0001-44;BORRACHAS VIPAL S.A.;2023;47.1746968008;12.1935709516;74.1523066844;1.69580725403;18.9021847578;531500000;-2.61344688055;14.008995301;2669083000;2547531000;310635000;658478000
026980;87.870.952/0001-44;BORRACHAS VIPAL S.A.;2024;30.6686670695;9.12860560309;70.234749419;1.94247540542;15.6645634476;521165000;-0.368141417858;20.6876383447;2659257000;3074555000;280664000;915149000
026980;87.870.952/0001-44;BORRACHAS VIPAL S.A.;2025;15.0766509194;5.10688237588;66.1272095295;2.05089905285;13.0851493603;427524000;6.39434247987;-5.77140431705;2829299000;2897110000;147952000;981332000
080225;23.041.875/0001-37;ALMACENES ÉXITO S.A.;2021;7.57679930622;3.59916667113;52.4975319304;0.894906675151;5.47583205104;3562409000;;;24333964000;23689567000;852627000;11253129000
080225;23.041.875/0001-37;ALMACENES ÉXITO S.A.;2022;3.30707351441;1.53400923926;53.6142987878;0.802096645673;4.633512267;1880435000;2.85936150806;-16.7457682954;25029760000;19722567000;302546000;9148451000
080225;23.041.875/0001-37;ALMACENES ÉXITO S.A.;2023;3.79256352542;1.72264988061;54.5782194797;0.739450029737;3.63772551703;1910289000;-2.37436955049;4.93515372517;24435461000;20695906000;356518000;9400449000
080225;23.041.875/0001-37;ALMACENES ÉXITO S.A.;2024;2.78705751638;1.27258670219;54.339417299;0.758118815672;3.21863721862;1889851000;18.4122329429;19.1191146693;28934575000;24652780000;313728000;11256603000
057886;42.737.954/0001-21;INTER & CO, INC.;2021;-0.651709043889;-0.150350825418;76.9297623183;1.27588040042;-207.023991419;500446000;;;542569000;36626337000;-55068000;8449783000
027189;01.637.895/0001-32;VOTORANTIM CIMENTOS S.A.;2022;6.58096041067;2.69308154012;59.0776821001;1.21821268977;11.5316462929;3943513000;;;25797366000;42533209000;1145454000;17405575000
027189;01.637.895/0001-32;VOTORANTIM CIMENTOS S.A.;2023;14.9217362378;6.07122250782;59.3128948867;1.42608219239;14.9773977897;4856956000;3.42964859281;1.37840058106;26682125000;43119487000;2617880000;17544071000
027189;01.637.895/0001-32;VOTORANTIM CIMENTOS S.A.;2024;4.96821225363;2.09176160024;57.8970967129;1.47610205681;10.6423201065;4070984000;-0.440560862375;19.0407251366;26564574000;51329750000;1073696000;21611315000
027189;01.637.895/0001-32;VOTORANTIM CIMENTOS S.A.;2025;15.9234392224;6.36924803591;60.0008016675;1.39886704432;13.8088115311;4613000000;10.7339421291;-2.7932144614;29416000000;49896000000;3178000000;19958000000
027200;02.031.413/0001-69;PETRO RIO JAGUAR PETRÓLEO S.A.;2022;33.0853244214;14.0955511398;57.3963641394;5.81911582873;63.1389406362;3995290000;;;2810668000;11507262000;1622012000;4902512000
027200;02.031.413/0001-69;PETRO RIO JAGUAR PETRÓLEO S.A.;2023;35.2283399072;11.409247609;67.6134395232;0.444173181214;53.4582754217;672945000;161.257537354;80.0045223616;7343082000;20713592000;2363265000;6708420000
027049;03.279.285/0001-30;ORIZON MEIO AMBIENTE S.A.;2022;-11.6423838073;-3.48952833138;70.027372494;1.37932115961;9.50648936209;28669000;;;551518000;2367340000;-82609000;709554000
027049;03.279.285/0001-30;ORIZON MEIO AMBIENTE S.A.;2023;-1.39969991336;-0.381629247666;72.7349238201;2.05138766427;10.0766074744;249528000;19.4544874329;9.96781197462;658813000;2603312000;-9935000;709795000
027049;03.279.285/0001-30;ORIZON MEIO AMBIENTE S.A.;2024;7.17481309844;2.06341604167;71.240839122;1.12395845878;23.8400960441;50165000;14.5473753554;4.10454067741;754653000;2710166000;55922000;779421000
027049;03.279.285/0001-30;ORIZON MEIO AMBIENTE S.A.;2025;4.40327908969;1.20611462714;72.6087172179;1.53641111019;25.7448829384;202332000;16.2146045931;10.0964295176;877017000;2983796000;35988000;817300000
027391;04.065.053/0001-41;BRZ EMPREENDIMENTOS E CONSTRUÇÕES S.A.;2022;10.9522699609;2.82542054493;74.2024205483;1.71995029301;5.95805737482;163681000;;;869092000;898061000;25374000;231678000
027391;04.065.053/0001-41;BRZ EMPREENDIMENTOS E CONSTRUÇÕES S.A.;2023;3.6827086719;0.859398639932;76.6639526365;1.38502795688;6.23648434275;332243000;-13.3241359948;11.8694609832;753293000;1004656000;8634000;234447000
027391;04.065.053/0001-41;BRZ EMPREENDIMENTOS E CONSTRUÇÕES S.A.;2024;42.2337478854;9.52646921681;77.443467147;1.55186669471;12.0050695783;453995000;39.6221656115;18.6877896514;1051764000;1192404000;113594000;268965000
027391;04.065.053/0001-41;BRZ EMPREENDIMENTOS E CONSTRUÇÕES S.A.;2025;5.09592641261;0.673757509842;86.7785078651;2.01455150894;6.0676377571;334670000;2.96749080592;-3.45923026088;1082975000;1151156000;7756000;152200000
027324;04.212.396/0001-91;VOKE S.A.;2022;-17.2158887464;-1.30761213618;92.4046202003;0.532299092007;26.7307521816;23371000;;;394785000;1139864000;-14905000;86577000
027324;04.212.396/0001-91;VOKE S.A.;2023;11.6254377278;0.888999576853;92.352979753;0.572847834118;35.9370893365;108641000;27.2175994529;12.3711249763;502236000;1280878000;11387000;97949000
027324;04.212.396/0001-91;VOKE S.A.;2024;20.0042281063;1.41109715134;92.9460054953;0.885909681009;40.0707030256;158041000;0.93043907645;25.6470951956;506909000;1609386000;22710000;113526000
027324;04.212.396/0001-91;VOKE S.A.;2025;-47.7325512149;-1.97322140195;95.866088546;0.81794808772;38.1267602198;158368000;5.13898944386;0.958067238065;532959000;1624805000;-32061000;67168000
027430;08.262.121/0001-13;ALUBAR METAIS E CABOS S.A.;2022;42.6119945061;6.29015658552;85.2385304691;1.20404095176;10.3724468918;32423;;;3597184;2135702;134339;315261
027430;08.262.121/0001-13;ALUBAR METAIS E CABOS S.A.;2023;60.625503913;4.97032599842;91.8015922712;0.887513715462;11.0263296753;159445000;93678.3555136;118196.185517;3373380000;2526454000;125573000;207129000
027430;08.262.121/0001-13;ALUBAR METAIS E CABOS S.A.;2024;44.6177917753;5.04139245551;88.7009368798;1.17530429641;8.40665438758;106586000;15.1722011751;-30.37130302;3885196000;1759137000;88685000;198766000
027430;08.262.121/0001-13;ALUBAR METAIS E CABOS S.A.;2025;22.0576614437;8.90937027967;59.6087268706;1.69808472533;14.6868861638;408082000;-35.229805652;9.17574924523;2516449000;1920551000;171109000;775735000
027260;15.114.494/0001-02;CORREDOR LOGÍSTICA E INFRAESTRUTURA S.A.;2022;0.84082692216;0.269271076791;67.9754453985;2.87534626039;43.7728335732;563847000;;;264687000;3341614000;8998000;1070137000
027260;15.114.494/0001-02;CORREDOR LOGÍSTICA E INFRAESTRUTURA S.A.;2023;-2.80643889148;-0.516260763127;81.604418158;1.14550654303;29.8760576222;327421000;229.848840328;-9.24816570675;873067000;3032576000;-15656000;557860000
027260;15.114.494/0001-02;CORREDOR LOGÍSTICA E INFRAESTRUTURA S.A.;2024;0.912796784883;0.172388077703;81.1142983238;1.59591674249;34.9179685782;354528000;9.37052940954;-2.94195429892;954878000;2943359000;5074000;555874000
027260;15.114.494/0001-02;CORREDOR LOGÍSTICA E INFRAESTRUTURA S.A.;2025;-3.36462662083;-0.39768159955;88.1805131931;1.50412208422;35.2093668008;651631000;0.0251341009008;8.1143686516;955118000;3182194000;-12655000;376119000
001244;15.124.464/0001-87;BANCO BESA S.A.;2022;;0;75.7514186528;1.30971362561;79.2175474146;2557000;;;450072000;7585718000;0;0
027405;15.440.708/0001-30;CONCESSIONÁRIA VIARIO S.A.;2022;-24.4201704317;-2.49875838412;89.7676455981;0.659386652462;53.8764733378;72993000;;;158314000;972523000;-24301000;99512000
027405;15.440.708/0001-30;CONCESSIONÁRIA VIARIO S.A.;2023;-39.2023931003;-2.57298062994;93.4366745842;3.16789766477;51.8159110632;66719000;7.72768043256;12.0776578035;170548000;1089981000;-28045000;71539000
027405;15.440.708/0001-30;CONCESSIONÁRIA VIARIO S.A.;2024;-16.2384144659;-0.883520020066;94.5590745825;4.05916972726;54.2398661065;55296000;3.69925182353;3.8815355497;176857000;1132289000;-10004000;61607000
027405;15.440.708/0001-30;CONCESSIONÁRIA VIARIO S.A.;2025;-9.49140464951;-0.543702318899;94.2716348214;1.38021273004;60.8762902231;61575000;11.8609950412;-13.4542506374;197834000;979948000;-5328000;56135000
027120;17.162.280/0001-37;EMPRESA BRASILEIRA DE ENGENHARIA E COMÉRCIO S.A. EBEC;2022;23.547426371;6.28310159209;73.3172471034;0.469655755965;41.6752926188;37774000;;;276298000;622893000;39137000;166205000
027340;27.743.642/0001-37;CONSTRUTORA METROCASA S.A.;2022;68.929159077;36.2949354691;47.3445839829;3.41743438096;31.8824582192;58444000;;;406766000;345106000;125256000;181717000
027340;27.743.642/0001-37;CONSTRUTORA METROCASA S.A.;2023;116.295149932;27.6127227064;76.2563419691;1.63124943834;25.274492441;72287000;68.2426751498;71.9095002695;684354000;593270000;163818000;140864000
027340;27.743.642/0001-37;CONSTRUTORA METROCASA S.A.;2024;147.681995407;24.2520589757;83.5781884522;1.09283048071;25.5220329219;97898000;30.3759457824;53.7418039004;892233000;912104000;221204000;149784000
027340;27.743.642/0001-37;CONSTRUTORA METROCASA S.A.;2025;148.064859243;20.8465922592;85.9206348044;1.1540350455;23.4390916357;187744000;63.4996688085;64.7232113882;1458798000;1502447000;313209000;211535000
027456;29.884.545/0001-90;ECORIOMINAS CONCESSIONÁRIA DE RODOVIAS S.A.;2022;11.0147020734;9.77145227214;11.2871850094;9.2594557922;24.482819707;358323000;;;152413000;513547000;50181000;455582000
027456;29.884.545/0001-90;ECORIOMINAS CONCESSIONÁRIA DE RODOVIAS S.A.;2023;32.0214972162;17.9863661254;43.8303399622;0.949213617159;23.343797666;88943000;928.486415201;190.532122668;1567547000;1492019000;268360000;838062000
027456;29.884.545/0001-90;ECORIOMINAS CONCESSIONÁRIA DE RODOVIAS S.A.;2024;34.0782897532;16.0327251046;52.9532578639;0.304477715968;43.5649364653;155867000;-7.11257780468;61.3059217074;1456054000;2406715000;385862000;1132281000
027456;29.884.545/0001-90;ECORIOMINAS CONCESSIONÁRIA DE RODOVIAS S.A.;2025;23.781599554;9.64503972296;59.4432674679;0.496514486732;29.0983005508;59121000;52.1970339012;63.1767783057;2216071000;3927200000;378780000;1592744000
027227;32.021.201/0001-61;ORIGEM ENERGIA S.A.;2022;15.335298719;8.20697300422;46.4831226661;1.3110093083;33.3944318799;306809000;;;1140780000;2790103000;228983000;1493176000
027227;32.021.201/0001-61;ORIGEM ENERGIA S.A.;2023;18.6845030464;6.48571787526;65.2882505938;2.84699834771;25.787019289;1823416000;39.0262802644;80.2974298798;1585984000;5030484000;326263000;1746169000
027227;32.021.201/0001-61;ORIGEM ENERGIA S.A.;2024;-54.3108072296;-10.0153668746;81.5591640311;1.99435790188;23.7945182046;794909000;-6.37723961906;1.69099036991;1484842000;5115549000;-512341000;943350000
027227;32.021.201/0001-61;ORIGEM ENERGIA S.A.;2025;40.3728473487;9.00341809343;77.6993234694;2.59432481437;32.4116347591;1133360000;20.2076045802;19.9684921403;1784893000;6137047000;552544000;1368603000
027251;35.822.503/0001-27;INSPIRALI EDUCAÇÃO S.A.;2022;13.9781854369;5.86145453038;58.0671285494;1.70662529877;14.2227336364;215453000;;;2823543000;8368213000;490499000;3509032000
027251;35.822.503/0001-27;INSPIRALI EDUCAÇÃO S.A.;2023;6.35708025635;2.83291780188;55.4368092325;1.20259744239;19.9349464119;139617000;6.73905090165;-7.014795154;3013823000;7781200000;220435000;3467551000
027251;35.822.503/0001-27;INSPIRALI EDUCAÇÃO S.A.;2024;13.398484961;6.13502600894;54.2110467951;2.15494525424;25.9312092376;94324000;4.62409371751;-2.07814989976;3153185000;7619495000;467458000;3488887000
027251;35.822.503/0001-27;INSPIRALI EDUCAÇÃO S.A.;2025;16.6957256024;7.81612533065;53.184871884;2.56310338148;28.8332477629;110412000;7.23227466831;3.04974279792;3381232000;7851870000;613712000;3675863000
027308;40.180.943/0001-68;REFINARIA DE MANAUS S.A.;2022;4.88138044748;3.91790017414;19.7378648051;3.41978357711;4.27446592542;212666000;;;3370269000;2215498000;86801000;1778206000
027308;40.180.943/0001-68;REFINARIA DE MANAUS S.A.;2023;61.3583211735;5.89456364181;90.3932123157;1.51686567686;3.52157574763;26851000;220.138985939;64.5367316964;10789545000;3645308000;214875000;350197000
027073;40.263.170/0001-83;SOLVI ESSENCIS AMBIENTAL S.A.;2022;-3.47491219747;-0.659103914015;81.0325016415;1.30977419403;11.1295671189;326956000;;;1514111000;3033816000;-19996000;575439000
027073;40.263.170/0001-83;SOLVI ESSENCIS AMBIENTAL S.A.;2023;9.2337334064;1.62993300607;82.3480608078;1.26827578798;15.3616181633;222333000;46.907921546;5.63979489857;2224349000;3204917000;52238000;565730000
027073;40.263.170/0001-83;SOLVI ESSENCIS AMBIENTAL S.A.;2024;15.2505477912;3.26069934565;78.619132963;1.03004880193;26.3142732132;518983000;20.628282702;113.39064319;2683194000;6838993000;222999000;1462236000
027073;40.263.170/0001-83;SOLVI ESSENCIS AMBIENTAL S.A.;2025;20.3839488156;4.20858570339;79.3534327354;0.994191252471;27.5410067447;432732000;30.9699559555;7.63593412071;3514178000;7361214000;309803000;1519838000
027235;41.570.356/0001-48;VRENTAL LOCAÇÃO DE MÁQUINAS E EQUIPAMENTOS S.A.;2022;-3.2093983057;-0.941403849243;70.6672790482;0.729902581263;27.7151679319;100444000;;;89709000;753343000;-7092000;220976000
027235;41.570.356/0001-48;VRENTAL LOCAÇÃO DE MÁQUINAS E EQUIPAMENTOS S.A.;2023;-13.2765438394;-3.05541462315;76.986370398;0.661390608143;27.7965345494;60057000;159.841264533;15.3805106041;233101000;869211000;-26558000;200037000
027235;41.570.356/0001-48;VRENTAL LOCAÇÃO DE MÁQUINAS E EQUIPAMENTOS S.A.;2024;-26.1323009212;-5.12586468974;80.3849469467;0.271114473961;9.19587353966;26105000;28.7060115572;-6.98150391562;300015000;808527000;-41444000;158593000
027235;41.570.356/0001-48;VRENTAL LOCAÇÃO DE MÁQUINAS E EQUIPAMENTOS S.A.;2025;-55.1480828468;-23.6936658119;57.0362837858;1.37082811254;-25.7915572815;83532000;-20.519307368;-16.0770141257;238454000;678540000;-160771000;291526000
027146;42.292.007/0001-74;RIO+ SANEAMENTO BL 3 S.A.;2022;-12.1360344661;-1.73231724202;85.7258378191;2.90516703333;-13.6373363951;306767000;;;294383000;3123735000;-54113000;445887000
027146;42.292.007/0001-74;RIO+ SANEAMENTO BL 3 S.A.;2023;-24.2937389396;-3.50262216822;85.5822021595;5.14144399051;-4.35357372848;326610000;209.639822952;10.9149783832;911527000;3464690000;-121355000;499532000
027146;42.292.007/0001-74;RIO+ SANEAMENTO BL 3 S.A.;2024;-41.9286282532;-3.55734645848;91.515709894;1.51883105121;-5.20059265033;460030000;14.8427857869;19.7328765344;1046823000;4148373000;-147572000;351960000
027146;42.292.007/0001-74;RIO+ SANEAMENTO BL 3 S.A.;2025;-49.2931101035;-2.75072372517;94.4196588136;1.65480084102;-1.65853857716;243812000;12.2972078374;1.83920298392;1175553000;4224670000;-116209000;235751000
027413;43.513.237/0001-89;AUTOMOB S.A.;2022;9.3428276942;3.06132423032;67.2334294229;1.67149072183;4.49307769519;75142000;;;3189039000;3079419000;94271000;1009020000
027413;43.513.237/0001-89;AUTOMOB S.A.;2023;4.40776468425;1.2316214842;72.0579120614;1.70473438534;3.52195698292;90902000;118.586602422;21.3443185224;6970812000;3736700000;46022000;1044112000
027243;43.514.079/0001-81;CLI SUL S.A.;2022;2.08473482849;1.01376926139;51.3717885109;2.63079716843;63.5885057471;428313000;;;87000000;2384369000;24172000;1159476000
027243;43.514.079/0001-81;CLI SUL S.A.;2023;8.79026922349;2.92296237982;66.7477490677;0.932984326307;28.0542986425;246787000;671.467816092;-8.68825253138;671177000;2177209000;63639000;723971000
027243;43.514.079/0001-81;CLI SUL S.A.;2024;;;;;32.4780914112;0;11.0881332346;-100;745598000;0;57107000;0
027243;43.514.079/0001-81;CLI SUL S.A.;2025;;;;;;0;-100;;0;0;0;0
027421;44.319.688/0001-42;CONCESSIONÁRIA DO SISTEMA RODOVIÁRIO RIO-SÃO PAULO S.A;2022;18.9376022509;11.9677441369;36.8043325744;4.25519165304;53.5567787249;622035000;;;1162372000;3707357000;443687000;2342889000
027421;44.319.688/0001-42;CONCESSIONÁRIA DO SISTEMA RODOVIÁRIO RIO-SÃO PAULO S.A;2023;18.1771502695;12.2079644213;32.8389530795;0.553104571303;38.1333045084;463510000;55.9954128283;7.15768672939;1813247000;3972718000;484988000;2668119000
027421;44.319.688/0001-42;CONCESSIONÁRIA DO SISTEMA RODOVIÁRIO RIO-SÃO PAULO S.A;2024;16.8940244658;8.88839865904;47.3873222036;4.89292809924;30.1015631851;777826000;39.6183752131;52.1003252685;2531626000;6042517000;537083000;3179130000
027421;44.319.688/0001-42;CONCESSIONÁRIA DO SISTEMA RODOVIÁRIO RIO-SÃO PAULO S.A;2025;16.7960837272;7.37596785467;56.0851923909;7.91341468326;28.679235344;590373000;12.4792919649;42.2085200588;2847555000;8592974000;633815000;3773588000
027359;45.456.117/0001-12;ÁGUAS DO SERTÃO S.A.;2022;-12.7564440308;-4.70350523506;63.1283982925;1.58216521441;-31.0295838208;67766000;;;47864000;1322907000;-62223000;487777000
027359;45.456.117/0001-12;ÁGUAS DO SERTÃO S.A.;2023;-58.9729666073;-14.0526880312;76.1709663942;0.0365708998722;-13.6327355393;1635000;313.567608223;-3.0262898299;197950000;1282872000;-180278000;305696000
027359;45.456.117/0001-12;ÁGUAS DO SERTÃO S.A.;2024;-119.116498104;-11.5864214445;90.2730338544;0.920291187176;4.3863687796;46997000;29.4741096236;11.8031261108;256294000;1434291000;-166183000;139513000
027359;45.456.117/0001-12;ÁGUAS DO SERTÃO S.A.;2025;-185.725078744;-10.9063744086;94.1276781346;0.433027250274;2.72908213023;13702000;46.830202814;11.5757541531;376317000;1600321000;-174537000;93976000
027081;47.586.663/0001-01;NOVA SOCIEDADE DE NAVEGAÇÃO S.A.;2022;101.660660611;-6121.7;6121.7;0.0163353316889;;1000;;;0;1000;-61217;-60217
027081;47.586.663/0001-01;NOVA SOCIEDADE DE NAVEGAÇÃO S.A.;2023;98.3291562239;-79.6885578876;181.042654028;0.287327478043;;72000;;443000;0;4431000;-3531000;-3591000
027081;47.586.663/0001-01;NOVA SOCIEDADE DE NAVEGAÇÃO S.A.;2024;515.555555556;-20.6777713957;104.010774624;1.06479665786;;12356000;;1039.44933424;0;50489000;-10440000;-2025000
027081;47.586.663/0001-01;NOVA SOCIEDADE DE NAVEGAÇÃO S.A.;2025;89.5305552683;-45.7939970911;151.149014941;0.460649611957;-7450.89820359;7585000;;-25.1024975737;167000;37815000;-17317000;-19342000
027219;81.616.807/0001-55;GRANJA FARIA S.A.;2022;46.120311976;14.6903011624;68.1478712243;1.42022758375;28.4173597658;65825000;;;1187781000;1160902000;170540000;369772000
027219;81.616.807/0001-55;GRANJA FARIA S.A.;2023;33.9771219195;9.17415022854;72.9990366745;1.26752164568;22.5707537397;200535000;56.4464324652;92.0727158709;1858241000;2229776000;204563000;602061000
027219;81.616.807/0001-55;GRANJA FARIA S.A.;2024;27.5546899845;9.34876378206;66.0719689195;1.43117418631;19.4830816982;178039000;10.8250759724;10.5645589512;2059397000;2465342000;230479000;836442000
027219;81.616.807/0001-55;GRANJA FARIA S.A.;2025;24.631266316;9.42236714169;61.7463145385;1.22995881846;19.5698136266;91722000;23.1707630923;3.25038067741;2536575000;2545475000;239844000;973738000
027472;00.357.038/0001-16;AXIA ENERGIA NORTE S.A.;2023;2.14344283516;1.09603699203;48.8655832546;1.59592109825;35.3436799451;1167433000;;;11196129000;58807048000;644547000;30070641000
027472;00.357.038/0001-16;AXIA ENERGIA NORTE S.A.;2024;6.57980877068;3.45653543525;47.4675396243;1.83105448297;42.7140599591;1378652000;18.7186660675;2.52442020215;13291895000;60291585000;2084000000;31672653000
027472;00.357.038/0001-16;AXIA ENERGIA NORTE S.A.;2025;4.08387411049;2.12809997682;47.8901670511;2.42592606313;30.8873953252;4696970000;-15.2966525841;4.00889941772;11258680000;62708614000;1334502000;32677354000
027383;00.873.894/0001-24;LETS RENT A CAR S/A;2023;9.38123076968;2.65383360196;71.7112427237;1.3146634787;28.6155455229;180730000;;;969501000;2402336000;63754000;679591000
027383;00.873.894/0001-24;LETS RENT A CAR S/A;2024;4.33636815433;1.14346258818;73.6308692553;1.38237013553;19.0787145014;2204000;7.82062112365;-6.61385418193;1045322000;2243449000;25653000;591578000
027383;00.873.894/0001-24;LETS RENT A CAR S/A;2025;6.96969796121;2.13700787797;69.3385869824;1.38408807212;21.9328637531;2826000;0.394710912044;-11.1397228107;1049448000;1993535000;42602000;611246000
027480;02.016.507/0001-69;AXIA ENERGIA SUL S.A.;2023;-8.01024444139;-4.3689969401;45.4573830791;1.44114454935;-22.0739218448;11470000;;;3248512000;14817131000;-647360000;8081651000
027480;02.016.507/0001-69;AXIA ENERGIA SUL S.A.;2024;7.25976483938;3.77655618602;47.9796347461;1.54732684929;64.656261682;805325000;-10.735622956;14.2424872939;2899764000;16927459000;639275000;8805726000
027480;02.016.507/0001-69;AXIA ENERGIA SUL S.A.;2025;12.4061857994;7.17071173776;42.2005130853;0.979170108905;51.2657933416;677666000;9.71251453567;-4.16604760348;3181404000;16222253000;1163251000;9376379000
027510;02.536.066/0001-26;VITAL ENGENHARIA AMBIENTAL S.A.;2023;35.4268945406;17.6579788859;50.1565713991;2.25807403038;26.491163887;236322000;;;2148456000;2174088000;383900000;1083640000
027510;02.536.066/0001-26;VITAL ENGENHARIA AMBIENTAL S.A.;2024;30.1914326095;13.8544057065;54.1114663695;2.0565513491;19.6780567854;508226000;-3.16632037147;-1.84523349561;2080429000;2133971000;295649000;979248000
027510;02.536.066/0001-26;VITAL ENGENHARIA AMBIENTAL S.A.;2025;62.3001047212;17.5693689673;71.7988131065;3.45651438764;24.2247774191;1044335000;10.6866901009;32.4938811258;2302758000;2827381000;496753000;797355000
027693;04.601.397/0001-28;BRISANET SERVIÇOS DE TELECOMUNICAÇÕES S.A.;2023;11.183740488;5.38883869318;51.8154172213;2.13206911033;20.9415491868;323210000;;;1227870000;3195271000;172188000;1539628000
027693;04.601.397/0001-28;BRISANET SERVIÇOS DE TELECOMUNICAÇÕES S.A.;2024;3.99769846619;1.51000289363;62.2281943874;1.12074343761;13.5102122575;238791000;16.2821797096;26.0013626387;1427794000;4026085000;60794000;1520725000
027693;04.601.397/0001-28;BRISANET SERVIÇOS DE TELECOMUNICAÇÕES S.A.;2025;2.63187540757;0.872572488142;66.8459804126;1.4881729302;14.4325010449;82153000;17.4723384466;16.3774734016;1677263000;4685456000;40884000;1553417000
027731;07.682.638/0001-07;CONCESSIONÁRIA DA LINHA 4 DO METRÔ DE SÃO PAULO S.A.;2023;89.9332044812;19.8381331743;77.9412584165;0.387730233998;75.4113878412;145069000;;;1636412000;3858357000;765426000;851105000
027731;07.682.638/0001-07;CONCESSIONÁRIA DA LINHA 4 DO METRÔ DE SÃO PAULO S.A.;2024;72.2154208592;11.3954832525;84.2201525423;0.678043139095;61.0638118105;194698000;-25.5035406731;-0.720850869943;1219069000;3830544000;436509000;604454000
027731;07.682.638/0001-07;CONCESSIONÁRIA DA LINHA 4 DO METRÔ DE SÃO PAULO S.A.;2025;243.377527756;21.3816747723;91.2146059788;0.558071083397;72.981142065;397718000;80.9638338765;19.9066764407;2206074000;4593078000;982077000;403520000
027502;07.714.104/0001-07;GIGA MAIS FIBRA TELECOMUNICAÇÕES S.A.;2023;4.56206569051;1.57173315723;65.5477745422;0.901806077705;21.8370025833;305861000;;;1141196000;4015758000;63117000;1383518000
027502;07.714.104/0001-07;GIGA MAIS FIBRA TELECOMUNICAÇÕES S.A.;2024;3.14992523745;0.870113067578;72.3767073189;1.15204791681;19.7095313659;995910000;47.4953469868;28.4170012237;1683211000;5156916000;44871000;1424510000
027502;07.714.104/0001-07;GIGA MAIS FIBRA TELECOMUNICAÇÕES S.A.;2025;-10.219935857;-2.75969999676;72.9968951335;1.02327837051;14.7565471909;406304000;1.93457623554;-9.6963572802;1715774000;4656883000;-128516000;1257503000
027847;08.100.057/0001-74;TECNOGERA-LOCAÇÃO E TRANSFORMAÇÃO DE ENERGIA S.A.;2023;-3.44859660954;-0.969205029671;71.8956683136;1.21863994873;5.10283832439;12543000;;;299402000;306024000;-2966000;86006000
027847;08.100.057/0001-74;TECNOGERA-LOCAÇÃO E TRANSFORMAÇÃO DE ENERGIA S.A.;2024;40.8475273797;12.0149163395;70.5859396878;1.73479334624;25.1848769419;41113000;61.3295836367;80.8639191697;483024000;553487000;66501000;162803000
027847;08.100.057/0001-74;TECNOGERA-LOCAÇÃO E TRANSFORMAÇÃO DE ENERGIA S.A.;2025;16.5072805903;6.87967193125;58.323408307;1.30248569414;22.6233531673;65533000;40.5319404419;116.321250544;678803000;1197310000;82371000;498998000
027740;08.926.302/0001-05;PRIO FORTE S.A.;2023;47.9546685488;29.6709763936;38.1270326926;7.69458632773;15.1168905661;496414000;;;3542587000;1811329000;537439000;1120723000
027740;08.926.302/0001-05;PRIO FORTE S.A.;2024;28.941449203;13.682852468;52.7222967586;1.34026414506;16.102008451;1922644000;-33.697464593;2500.71483425;2348825000;47107502000;6445650000;22271345000
027740;08.926.302/0001-05;PRIO FORTE S.A.;2025;18.123921954;7.04297838614;61.1398768764;1.03784091993;31.0102076076;2212322000;333.322916778;10.2908789347;10177997000;51955278000;3659199000;20189885000
027375;09.478.309/0001-66;BRASIL BIOFUELS S.A.;2023;-24.7038388519;-12.416803621;49.7373517719;0.535384665435;-10.9300505146;25569000;;;845696000;2795945000;-347167000;1405316000
027375;09.478.309/0001-66;BRASIL BIOFUELS S.A.;2024;-46.8414145615;-17.3372114248;62.9874298478;0.377163516982;-34.5046232533;5273000;-28.0538160285;-7.51577731322;608446000;2585808000;-448307000;957074000
027316;14.292.540/0001-09;BRAZIL TOWER, CESSÃO DE INFRA-ESTRUTURAS S.A;2023;136.88206525;-7.03510204598;105.139535288;0.479047877784;50.8576181993;25628925;;;120252637;948161911;-66704158;-48731116
027316;14.292.540/0001-09;BRAZIL TOWER, CESSÃO DE INFRA-ESTRUTURAS S.A;2024;-52.3898513763;-2.32429748745;95.5634585203;0.457501106358;68.5240386233;16419000;23.5856474399;8.12636408467;148615000;1025213000;-23829000;45484000
027316;14.292.540/0001-09;BRAZIL TOWER, CESSÃO DE INFRA-ESTRUTURAS S.A;2025;-14.7178017199;-1.51959930282;89.6750932528;0.979637398494;57.1695426415;93100000;24.2748040238;33.8072185975;184691000;1371809000;-20846000;141638000
027553;14.796.754/0001-04;ENGELHART CTP (BRASIL) S.A.;2023;1.16471329733;0.745729059867;35.9731651061;9.43084117161;3.6567400507;6270796000;;;15602531000;17053915000;127176000;10919082000
027553;14.796.754/0001-04;ENGELHART CTP (BRASIL) S.A.;2024;3.77908603411;1.42448867726;62.306000329;5.57634551964;-2.45933877964;606435000;24.0905145454;76.5307203654;19361261000;30105399000;428848000;11347929000
027642;15.385.166/0001-40;EQUIPAV SANEAMENTO S.A.;2023;14.0771852132;4.1014304958;70.8646974967;1.9087166416;45.8225932091;138976000;;;8806540000;34523345000;1415951000;10058481000
027642;15.385.166/0001-40;EQUIPAV SANEAMENTO S.A.;2024;24.4570368108;5.71227787785;76.6436223568;1.99595420869;43.3637288693;1844263000;61.3845392174;33.2383637796;14212394000;45998340000;2627553000;10743546000
027642;15.385.166/0001-40;EQUIPAV SANEAMENTO S.A.;2025;25.5060545603;1.80360670019;92.9287115107;1.69347685781;34.4158819062;186660000;32.1414675107;23.6929789205;18780466000;56896717000;1026193000;4023331000
027332;32.431.519/0001-10;HÉLIO VALGAS SOLAR PARTICIPAÇÕES S.A.;2023;-3.64878393638;-1.05321760186;71.1351063746;0.910874498501;30.6040036152;5857000;;;104006000;2920669000;-30761000;843048000
027332;32.431.519/0001-10;HÉLIO VALGAS SOLAR PARTICIPAÇÕES S.A.;2024;38.9384510036;18.322326014;52.9454163128;1.40316425693;33.8700039587;8614000;157.448608734;5.83619711785;267762000;3091125000;566366000;1454516000
027332;32.431.519/0001-10;HÉLIO VALGAS SOLAR PARTICIPAÇÕES S.A.;2025;-60.8992859728;-22.3956273032;63.2251397607;1.17815717916;21.082166517;25160000;23.1212793451;-20.263690404;329672000;2464749000;-551996000;906408000
027707;35.654.688/0001-08;AUTOMOB PARTICIPAÇÕES S.A.;2023;-11.1434880083;-4.56082681791;59.0718201114;2.85709122332;-8.36009312645;24251000;;;2536766000;3893965000;-177597000;1593729000
027707;35.654.688/0001-08;AUTOMOB PARTICIPAÇÕES S.A.;2024;-4.58103120757;-1.18388713913;74.1567545497;1.59142223979;1.55091914792;78741000;382.505363128;128.810531168;12240032000;8909802000;-105482000;2302582000
027707;35.654.688/0001-08;AUTOMOB PARTICIPAÇÕES S.A.;2025;-14.1446306125;-3.38835542404;76.0449352347;1.40848336551;1.65161446385;264820000;4.70070666482;-5.40609095466;12815400000;8428130000;-285575000;2018964000
027499;35.764.708/0001-01;BRASIL TECNOLOGIA E PARTICIPAÇÕES S.A.;2023;12.1102702046;1.94487155081;83.9403124954;0.675046544168;32.0323810904;224575000;;;759085000;2048670000;39844000;329010000
027499;35.764.708/0001-01;BRASIL TECNOLOGIA E PARTICIPAÇÕES S.A.;2024;-3.1392020851;-0.503006009376;83.976628591;0.779269829729;26.3393304578;299235000;44.5853889881;47.7350671411;1097526000;3026604000;-15224000;484964000
027499;35.764.708/0001-01;BRASIL TECNOLOGIA E PARTICIPAÇÕES S.A.;2025;7.69734816319;1.38675606116;81.9839764065;1.14777375117;27.3775595587;620223000;59.8507916897;72.1258545882;1754404000;5209568000;72244000;938557000
027448;44.854.238/0001-50;PARSAN S.A.;2023;-32.4470222967;-5.79960058561;82.1259389149;1.57867529787;;340000;;;0;3744482000;-217165000;669291000
027448;44.854.238/0001-50;PARSAN S.A.;2024;53.8564131949;14.5514111244;72.9810987009;0.129959291807;;30000;;20.058368554;0;4495564000;654168000;1214652000
027448;44.854.238/0001-50;PARSAN S.A.;2025;113.243447493;32.1253125412;71.6316367503;0.702471179182;;17000;;23.3675908073;0;5546069000;1781692000;1573329000
027162;45.736.131/0001-70;UNIDAS LOCADORA S.A.;2023;-1.15958969573;-0.275007395962;76.2840772926;1.17060646535;12.1731122038;871566000;;;3409465000;7517616000;-20674000;1782872000
027162;45.736.131/0001-70;UNIDAS LOCADORA S.A.;2024;0.0726785392129;0.0190364114634;73.8073829365;1.61976475482;10.9613969506;1486618000;22.5248536061;8.37935856261;4177442000;8147544000;1551000;2134055000
027162;45.736.131/0001-70;UNIDAS LOCADORA S.A.;2025;0.277427207506;0.0722106110773;73.9713304522;1.17630801479;12.7994805953;1490101000;0.581480245567;0.843198883001;4201733000;8216244000;5933000;2138579000
027618;46.573.272/0001-81;PORTO SAÚDE PARTICIPAÇÕES S.A.;2023;7.15232876447;4.37449526665;38.8381685084;1.45137552111;1.96673456279;25456000;;;3551013000;2029537000;88782000;1241302000
027618;46.573.272/0001-81;PORTO SAÚDE PARTICIPAÇÕES S.A.;2024;20.1411637317;10.6535715029;47.105481864;0.911685018024;6.89976658574;299627000;83.9521004288;63.4538813532;6532163000;3317357000;353417000;1754700000
027618;46.573.272/0001-81;PORTO SAÚDE PARTICIPAÇÕES S.A.;2025;28.4502381506;14.9739828548;47.3678119125;1.10582180396;7.53972038879;400668000;27.7614780893;34.1356387027;8345588000;4449758000;666306000;2342005000
027596;48.127.008/0001-40;CONCESSIONÁRIA RODOVIAS DO SUL DE MINAS SPE S.A.;2023;-10.0617965129;-1.44991603908;85.5898890698;3.86047538975;-3.29883881169;72975000;;;270671000;314432000;-4559000;45310000
027596;48.127.008/0001-40;CONCESSIONÁRIA RODOVIAS DO SUL DE MINAS SPE S.A.;2024;56.5649706553;7.05332329345;87.5305808317;7.10432412733;25.6205195699;424354000;21.2664082964;110.335462039;328233000;661362000;46648000;82468000
027596;48.127.008/0001-40;CONCESSIONÁRIA RODOVIAS DO SUL DE MINAS SPE S.A.;2025;41.2565312344;7.5504101838;81.6988729835;8.50301356102;29.9420551695;129334000;-11.3011184128;10.8448928121;291139000;733086000;55351000;134163000
027537;48.127.012/0001-08;CONCESSIONÁRIA RODOVIAS DO TRIÂNGULO SPE S.A.;2023;-1.47287171062;-0.282396006394;80.8268429383;1.66791720662;0.89002748953;422565000;;;347405000;1273035000;-3595000;244081000
027537;48.127.012/0001-08;CONCESSIONÁRIA RODOVIAS DO TRIÂNGULO SPE S.A.;2024;23.9419266758;4.06750819017;83.010940409;4.30739479165;37.0247796035;631781000;41.5103409565;38.8545483824;491614000;1767667000;71900000;300310000
027537;48.127.012/0001-08;CONCESSIONÁRIA RODOVIAS DO TRIÂNGULO SPE S.A.;2025;27.3085359938;5.30096532862;80.5886140149;4.24567313789;48.0799568438;251531000;-10.2572343343;10.5381273735;441188000;1953946000;103578000;379288000
027758;48.710.127/0001-20;SPE NOVO NORTE AEROPORTOS S.A;2023;-0.161149450739;-0.0348714945497;78.3607735616;9.65971602434;15.7901896766;222988000;;;51456000;375665000;-131000;81291000
027758;48.710.127/0001-20;SPE NOVO NORTE AEROPORTOS S.A;2024;29.2842877962;8.41585214284;71.2615440696;10.9270143322;27.7498149519;256783000;346.342506219;37.2874768743;229670000;515741000;43404000;148216000
027758;48.710.127/0001-20;SPE NOVO NORTE AEROPORTOS S.A;2025;26.781563519;7.63034145615;71.5089768723;0.599706798163;14.4799758366;30183000;104.698915836;25.0177899372;470132000;644768000;49198000;183701000
027790;48.851.242/0001-15;CONCESSIONARIA DAS RODOVIAS DO LESTE MS S/A;2023;-20.726128933;-4.62202631864;77.6995196084;6.54917035398;-12.2119796341;115315000;;;238438000;451923000;-20888000;100781000
027790;48.851.242/0001-15;CONCESSIONARIA DAS RODOVIAS DO LESTE MS S/A;2024;35.1068556306;7.75082274837;77.9221960807;6.28180887103;23.9844017407;154768000;71.5414489301;55.6537286219;409020000;703435000;54522000;155303000
027790;48.851.242/0001-15;CONCESSIONARIA DAS RODOVIAS DO LESTE MS S/A;2025;23.2966086307;5.60849895796;75.9256849489;7.62642843614;16.4881938854;198527000;9.01985232996;39.8352370866;445913000;983650000;55168000;236807000
027464;49.314.049/0001-08;CONCESSIONÁRIA DE RODOVIAS NOROESTE PAULISTA S.A;2023;83.7020189432;5.34990978935;93.6083862051;6.92123063643;53.5166909945;785491000;;;630280000;2510790000;134325000;160480000
027464;49.314.049/0001-08;CONCESSIONÁRIA DE RODOVIAS NOROESTE PAULISTA S.A;2024;68.8275824929;8.31224709613;87.9230872347;0.293936657721;47.3159676174;424684000;76.3441644983;10.2283743364;1111462000;2767603000;230050000;334241000
027464;49.314.049/0001-08;CONCESSIONÁRIA DE RODOVIAS NOROESTE PAULISTA S.A;2025;34.7792667889;8.0294308226;76.9131682064;2.5607118532;39.2949098081;110873000;42.4661391932;25.0195927667;1583457000;3460046000;277822000;798815000
027782;50.399.553/0001-37;CONCESSIONÁRIA RODOANEL NORTE SPE S.A.;2023;-0.197637541941;-0.196178622917;0.738179097396;130.902348578;;210847000;;;0;219188000;-430000;217570000
027782;50.399.553/0001-37;CONCESSIONÁRIA RODOANEL NORTE SPE S.A.;2024;-9.16594331244;-7.12608346271;22.2547726971;4.08224161723;;91352000;;16.956220231;0;256354000;-18268000;199303000
027782;50.399.553/0001-37;CONCESSIONÁRIA RODOANEL NORTE SPE S.A.;2025;37.7271801074;10.0017512692;73.4892689017;0.669480246521;10.9394762756;351247000;;795.432877973;3163305000;2295478000;229588000;608548000
027715;51.136.974/0001-38;EPR INFRAESTRUTURA PR S.A.;2023;-1.22428423539;-0.604176570257;50.6506289314;57.3702479339;-13.8119332699;485323000;;;19961000;506971000;-3063000;250187000
027715;51.136.974/0001-38;EPR INFRAESTRUTURA PR S.A.;2024;60.7358783526;27.829613113;54.1792860039;1.75440791041;42.0575298862;365807000;4826.18105305;98.510762943;983315000;1006392000;280075000;461136000
027715;51.136.974/0001-38;EPR INFRAESTRUTURA PR S.A.;2025;51.4115492129;18.1949470399;64.6092224054;2.2735825141;48.0932278298;938053000;29.434921668;134.827780825;1272753000;2363288000;429999000;836386000
027723;51.137.031/0001-20;EPR LITORAL PIONEIRO S.A.;2023;-0.159044532469;-0.156870328421;1.3670410507;70.1130196305;-13.7969039627;485179000;;;19961000;506788000;-795000;499860000
027723;51.137.031/0001-20;EPR LITORAL PIONEIRO S.A.;2024;50.6465233532;31.0525386536;38.6877191212;1.35075676225;42.6729825017;365728000;4763.94970192;95.5798085195;970893000;991175000;307785000;607712000
027723;51.137.031/0001-20;EPR LITORAL PIONEIRO S.A.;2025;39.0653114023;19.6444983442;49.7137034392;7.23918452381;49.1643765642;935608000;28.4418571356;133.269906929;1247033000;2312113000;454203000;1162676000
027600;51.430.503/0001-38;PORTO SERVIÇO S.A;2023;1.35436998786;0.90479762878;33.1942056533;1.54649442927;9.13144072036;57163000;;;319840000;1603563000;14509000;1071273000
027600;51.430.503/0001-38;PORTO SERVIÇO S.A;2024;18.7791354636;13.3355921045;28.9871883062;1.48024460056;16.4192961784;36557000;608.195035018;3.43959046199;2265091000;1658719000;221200000;1177903000
027600;51.430.503/0001-38;PORTO SERVIÇO S.A;2025;25.4872066881;15.419718109;39.5001645426;1.68599734123;16.1492230022;41361000;2.11249790847;3.14001346822;2312941000;1710803000;263801000;1035033000
027588;51.742.485/0001-20;CONCESSIONÁRIA RODOVIAS DO CAFÉ SPE S.A.;2023;-0.546301571874;-0.135753012801;75.1505359329;32.9096999501;;457107000;;;0;480284000;-652000;119348000
027588;51.742.485/0001-20;CONCESSIONÁRIA RODOVIAS DO CAFÉ SPE S.A.;2024;18.7779626018;4.19415796554;77.6644673628;1.94452565977;9.94974219456;178364000;;30.0147412781;491068000;624440000;26190000;139472000
027588;51.742.485/0001-20;CONCESSIONÁRIA RODOVIAS DO CAFÉ SPE S.A.;2025;44.3406702924;8.12262175196;81.6813284545;8.30513732871;49.6034163383;144363000;-34.4799498236;84.208090449;321748000;1150269000;93432000;210714000
027626;52.017.473/0001-03;AZEVEDO & TRAVASSOS ENERGIA S.A.;2023;0;0;0;;;1000;;;0;1000;0;1000
027626;52.017.473/0001-03;AZEVEDO & TRAVASSOS ENERGIA S.A.;2024;-24.9945032916;-20.1032965433;19.5691296252;0.0295354214841;-2601.09190173;32000;;19226100;2198000;192262000;-38651000;154638000
027626;52.017.473/0001-03;AZEVEDO & TRAVASSOS ENERGIA S.A.;2025;-3.97313076576;-3.67175535542;7.58533831645;0.6076729847;-277.967281587;12000;30.7097361237;39.5871259011;2873000;268373000;-9854000;248016000
027634;52.270.350/0001-71;B100 S.A.;2023;0;0;0;;;1000;;;0;1000;0;1000
027634;52.270.350/0001-71;B100 S.A.;2024;173.076923077;-0.618939550237;100.357609518;;;0;;2908100;0;29082000;-180000;-104000
027634;52.270.350/0001-71;B100 S.A.;2025;62343.8337802;-2114022.72727;3490.90909091;0.0286458333333;;21000;;-99.9243518327;0;22000;-465085000;-746000
027685;52.475.549/0001-36;R/HOLDINGS S.A.;2023;0;0;0;;;1000;;;0;1000;0;1000
027685;52.475.549/0001-36;R/HOLDINGS S.A.;2024;101;;;;;0;;-100;0;0;-101000;-100000
027685;52.475.549/0001-36;R/HOLDINGS S.A.;2025;100;-5666.66666667;5766.66666667;0.0857142857143;;3000;;;0;3000;-170000;-170000
027570;52.805.925/0001-03;BELORA RDVC CITY DESENVOLVIMENTO IMOBILIÁRIO S.A.;2023;0;0;0;;;1000;;;0;1000;0;1000
027570;52.805.925/0001-03;BELORA RDVC CITY DESENVOLVIMENTO IMOBILIÁRIO S.A.;2024;;;;;;0;;-100;0;0;-149000;0
027570;52.805.925/0001-03;BELORA RDVC CITY DESENVOLVIMENTO IMOBILIÁRIO S.A.;2025;-215.003138732;-67.5276025237;68.5922712934;0;;0;;;0;5072000;-3425000;1593000
027561;52.810.883/0001-07;REVEE MCO S.A.;2023;0;0;0;;;1000;;;0;1000;0;1000
027561;52.810.883/0001-07;REVEE MCO S.A.;2024;101.075268817;;;;;0;;-100;0;0;-94000;-93000
027561;52.810.883/0001-07;REVEE MCO S.A.;2025;-8.2078437862;-7.85307156428;4.32235592147;23.1355311355;;29000;;;0;6316000;-496000;6043000
027650;52.841.191/0001-18;REVEE S.A.;2023;0;0;0;;;1000;;;0;1000;0;1000
027650;52.841.191/0001-18;REVEE S.A.;2024;;;;;;0;;-100;0;0;-115000;0
027650;52.841.191/0001-18;REVEE S.A.;2025;9.11982551006;7.04321735011;22.7702619712;4.15149249439;2199.64726631;9941000;;;1134000;170973000;12042000;132042000
027766;53.153.938/0001-08;UNIÃO PET PARTICIPAÇÕES S.A.;2023;6.6389309897;2.55510505553;61.5133059901;1.12932510238;5.72279908798;98385000;;;2582827000;2298927000;58740000;884781000
027766;53.153.938/0001-08;UNIÃO PET PARTICIPAÇÕES S.A.;2024;11.8177807549;4.75751900067;59.7427038177;1.30795377389;7.67851005524;183445000;6.00504795714;6.78520892573;2737927000;2454914000;116793000;988282000
027766;53.153.938/0001-08;UNIÃO PET PARTICIPAÇÕES S.A.;2025;10.1899614821;4.01489055523;60.5995512124;1.39733541945;7.30337358264;451624000;10.0759443185;10.9341101155;3013799000;2723337000;109339000;1073007000
027529;59.546.515/0001-34;FISIA COMÉRCIO DE PRODUTOS ESPORTIVOS S.A.;2023;17.1785437048;6.67838993361;61.1236549013;1.86624893668;8.99730668571;546460000;;;4044088000;4002866000;267327000;1556168000
027529;59.546.515/0001-34;FISIA COMÉRCIO DE PRODUTOS ESPORTIVOS S.A.;2024;23.9725197882;11.0860514673;53.7551681457;2.08320420262;10.1505985662;70293000;0.381940254515;2.59266735384;4059534000;4106647000;455265000;1899112000
027529;59.546.515/0001-34;FISIA COMÉRCIO DE PRODUTOS ESPORTIVOS S.A.;2025;24.4173573549;9.55671557724;60.860975091;1.76900787945;10.4240335902;33745000;30.8532457174;14.6097290563;5312032000;4706617000;449798000;1842124000
027278;81.106.957/0001-19;DESCARBONIZE SOLUÇÕES S.A.;2023;-92.5937182358;-8.06196476781;91.2931838991;0.720140589922;-15.2989979308;41530000;;;1420361000;3401094000;-274195000;296127000
080233;49.115.815/0001-05;JBS N.V.;2023;-0.00313556742047;-0.00313549973725;0.00215856361734;0.0569948186528;;11;;;0;10747888;-337;10747656
080233;49.115.815/0001-05;JBS N.V.;2024;20.4562179714;20.455928309;0.00141601171119;3334;;181000;;108316.146502;0;11652446000;2383616000;11652281000
080233;49.115.815/0001-05;JBS N.V.;2025;23.8063487653;5.02038566023;78.9115680454;1.59751415448;4.84727460642;25119203000;;2032.33358043;480583047000;248469019000;12474103000;52398220000
027774;04.626.426/0001-06;BTG PACTUAL COMMODITIES SERTRADING S.A.;2024;6.67728484492;4.14128926318;37.979442852;2.62041502888;2.27309290013;333166000;;;15968815000;7063042000;292501000;4380538000
027774;04.626.426/0001-06;BTG PACTUAL COMMODITIES SERTRADING S.A.;2025;8.94523626847;3.03196032338;66.1053075359;3.83925758638;1.87334004974;827145000;-18.5228709832;409.316354058;13010932000;35973228000;1090694000;12193015000
027669;08.845.676/0001-98;CORPÓREOS - SERVIÇOS TERAPÊUTICOS S.A.;2024;5.37759775827;2.68510476591;50.0686944876;1.57835527074;13.062965797;214989000;;;954010000;2018357000;54195000;1007792000
027669;08.845.676/0001-98;CORPÓREOS - SERVIÇOS TERAPÊUTICOS S.A.;2025;7.68448101182;2.68464654663;65.0640486651;1.61504131388;13.0007146889;129802000;6.03966415446;-1.59590201337;1011629000;1986146000;53321000;693879000
027839;10.158.356/0001-01;CPX DISTRIBUIDORA S.A.;2024;8.66344188274;3.19961117108;63.0676673961;3.67377191733;11.0509417003;428536000;;;2391950000;2759054000;88279000;1018983000
027839;10.158.356/0001-01;CPX DISTRIBUIDORA S.A.;2025;-1.26605569782;-0.346549716702;72.6276089355;1.08747708613;6.38246428176;244473000;26.395409603;4.34561991175;3023315000;2878952000;-9977000;788038000
001350;17.157.777/0001-67;BANCO NACIONAL S.A.;2024;;2.64662996542;0;;83.0490451365;10788000;;;899029000;15041997000;398106000;0
027820;17.765.891/0001-70;GRUPO SALTA EDUCAÇÃO S.A.;2024;6.50729540535;1.783761845;72.5882761748;1.14200290683;15.2404625468;176168000;;;2204231000;4282186000;76384000;1173821000
027820;17.765.891/0001-70;GRUPO SALTA EDUCAÇÃO S.A.;2025;9.5577719039;2.36945065943;75.2091734009;1.75845116885;16.8322290073;94696000;26.6472071212;19.2784246177;2791597000;5107724000;121025000;1266247000
027901;18.080.368/0001-72;OZN HEALTH SPE S.A.;2024;59.1233750485;20.4633856892;65.3886712786;2.24030463974;96.1413043478;13274000;;;233680000;953029000;195022000;329856000
027901;18.080.368/0001-72;OZN HEALTH SPE S.A.;2025;25.1507980768;9.03094381448;64.092814125;2.35295087212;55.8925293741;63483000;7.47903115371;-3.05982294348;251157000;923868000;83434000;331735000
027804;21.748.188/0001-20;TERP GLBL BRASIL I PARTICIPAÇÕES S.A.;2024;553.244204133;15.8940263477;97.1271228458;1.79029000727;49.3629663146;658000;;;335932000;939894000;149387000;27002000
027804;21.748.188/0001-20;TERP GLBL BRASIL I PARTICIPAÇÕES S.A.;2025;832.262534643;5.60613080661;99.3263987536;1.44186334174;52.6400978904;1176000;15.3126227927;25.3803088433;387372000;1178442000;66065000;7938000
027677;23.994.857/0001-70;ATOM EDUCAÇÃO E EDITORA S.A.;2024;1.90085724935;1.66310373564;12.5076995543;5.99918798214;3.66361123236;4384000;;;34365000;27599000;459000;24147000
027677;23.994.857/0001-70;ATOM EDUCAÇÃO E EDITORA S.A.;2025;-19.492280285;-17.2672277749;11.4150447133;6.01874633861;-11.2185905913;3132000;-22.9885057471;-17.3448313345;26465000;22812000;-3939000;20208000
027880;27.902.165/0002-96;HIGHLINE BRASIL II INFRAESTRUTURA DE TELECOMUNICAÇÕES S.A.;2024;-11.2151140608;-3.89702346362;65.2520389674;0.714050579489;33.1516603786;5556000;;;588420000;5687315000;-221636000;1976226000
027880;27.902.165/0002-96;HIGHLINE BRASIL II INFRAESTRUTURA DE TELECOMUNICAÇÕES S.A.;2025;-16.3829411675;-5.01038900496;69.4170359661;0.599606434328;33.3377146657;81120000;8.60864688488;-1.63414546231;639075000;5594376000;-280300000;1710926000
027855;28.367.479/0001-18;QUANTUM PARTICIPAÇÕES S.A;2024;-4.60609262617;-1.1301798683;75.4633707998;1.14217674756;;47828000;;;0;678830000;-7672000;166562000
027855;28.367.479/0001-18;QUANTUM PARTICIPAÇÕES S.A;2025;57.1636704547;13.757744658;75.9327129476;1.69149744017;;51789000;;-3.37256750586;0;655936000;90242000;157866000
027545;38.286.323/0001-66;ASSURUÁ 4 E 5 HOLDING ENERGIA S.A.;2024;-4.72042781864;-1.36914583369;70.9953019876;0.952396508026;22.890807487;145238000;;;550981000;3174534000;-43464000;920764000
027545;38.286.323/0001-66;ASSURUÁ 4 E 5 HOLDING ENERGIA S.A.;2025;2.55022793431;0.758581750123;70.254354918;1.09591237215;36.4903078501;115630000;17.645617544;-3.59378730863;648205000;3060448000;23216000;910350000
027952;46.568.486/0001-60;MANTIQUEIRA HOLDING S.A.;2024;0;0;0;;;939;;;0;939;0;939
027952;46.568.486/0001-60;MANTIQUEIRA HOLDING S.A.;2025;21.4422193958;6.2057091732;71.0584568758;1.18300132802;;12332000;;129030144.941;0;1211594000;75188000;350654000
027936;47.155.252/0001-53;VIA ARAUCÁRIA CONCESSIONÁRIA DE RODOVIAS S.A.;2024;4.91767879837;3.40005126383;30.860647813;2.57666035077;-3.21905303389;198277000;;;791475000;1111895000;37805000;768757000
027936;47.155.252/0001-53;VIA ARAUCÁRIA CONCESSIONÁRIA DE RODOVIAS S.A.;2025;6.3123377344;3.85929595789;38.8610666875;1.34744995887;2.99841356767;283808000;11.8967750087;20.6278470539;885635000;1341255000;51763000;820029000
027871;47.815.827/0001-17;CAMINHOS DA SERRA GAUCHA S/A;2024;12.3407610141;8.14987110729;33.9597363731;7.44378667632;13.4504691884;254756000;;;330784000;472486000;38507000;312031000
027871;47.815.827/0001-17;CAMINHOS DA SERRA GAUCHA S/A;2025;5.46809965301;3.729093956;31.8027433178;4.451304241;9.88189713053;278718000;9.8638386379;8.48808218656;363412000;512591000;19115000;349573000
027995;49.703.913/0001-63;PLATÃO CAPITAL S.A.;2024;198.798428971;-19.7958338167;109.957741577;0.0601680712223;-59.1055341055;784000;;;12432000;301715000;-59727000;-30044000
027995;49.703.913/0001-63;PLATÃO CAPITAL S.A.;2025;65.7247484542;-19.9790544688;130.398069127;0.0386433850513;-2.6304552054;0;88.3687258687;-4.42404255672;23418000;288367000;-57613000;-87658000
027863;55.231.969/0001-65;EPR VIA MINEIRA S.A.;2024;29.9932678547;21.1675938279;29.4255166511;2.7895656667;39.0836206538;154754000;;;240730000;317816000;67274000;224297000
027863;55.231.969/0001-65;EPR VIA MINEIRA S.A.;2025;43.9480278147;35.4077864161;19.4325930498;2.60487900608;45.7465522739;137295000;126.694637145;58.0427039545;545722000;502285000;177848000;404678000
027812;58.070.452/0001-20;IGUÁ SERGIPE S.A.;2024;-1.24868891033;-0.329235929452;73.6334705364;0.453767828577;;0;;;0;5065972000;-16679000;1335721000
027812;58.070.452/0001-20;IGUÁ SERGIPE S.A.;2025;-25.2138266439;-5.12366114638;79.6791608876;0.256185498722;4.99266974885;60080000;;3.62368761612;728488000;5249547000;-268969000;1066752000
028010;02.171.304/0001-47;FGR INCORPORAÇÕES S.A.;2025;31.4701529354;11.9063739261;62.1661389744;1.33618836453;47.885411795;272910000;;;1563023000;4500413000;535836000;1702680000
028002;06.267.630/0001-03;COMPANHIA BRASILEIRA DE EDUCAÇÃO E SISTEMA DE ENSINO S.A.;2025;-8.22923169144;-3.29854626741;59.9167165163;1.53508342637;-14.4067497441;663956000;;;1218061000;6034810000;-199061000;2418950000
028045;42.276.907/0001-28;VLI MULTIMODAL S.A;2025;33.311614156;12.2129608937;63.3372287619;1.31592379693;25.2705345931;2479565000;;;9953533000;22713804000;2774028000;8327510000
027928;58.056.046/0001-02;EPR IGUAÇU S.A.;2025;35.7201044039;14.5357934321;59.3064083247;3.82158769342;25.1213486412;449953000;;;791315000;1034701000;150402000;421057000
027944;59.115.685/0001-64;TUPI ENERGIAS RENOVÁVEIS S.A.;2025;-39.8814999711;-5.01312049425;87.4299600118;1.21390711354;21.3841143169;113313000;;;351864000;1236615000;-61993000;155443000
027898;59.196.897/0001-13;CONCESSIONÁRIA DE RODOVIAS PRVIAS S.A.;2025;17.6764537938;7.66705969016;56.6255778472;6.33030764899;41.6453395073;271197000;;;647453000;2192405000;168093000;950943000
027910;59.693.110/0001-29;ORANJEBTC S.A. - EDUCAÇÃO E INVESTIMENTO;2025;-27.7051984753;-25.7456180474;7.07297018514;4.02224633749;;19237000;;;0;1825499000;-469986000;1696382000
027979;61.067.901/0001-95;ÁGUAS DO PARÁ A SPE S.A;2025;-5.87528556929;-1.26338470959;78.4966246374;1.44102006215;-3.71319365798;13090000;;;494480000;2593351000;-32764000;557658000
027960;61.067.902/0001-30;ÁGUAS DO PARÁ B SPE S.A.;2025;1.83630953153;0.973844608632;46.9672954417;8.2027533015;-75.952529669;193000;;;11207000;726810000;7078000;385447000
027987;61.067.904/0001-29;ÁGUAS DO PARÁ D SPE S.A.;2025;2.80993059263;1.54195702267;45.124729176;9.59701412239;-33.7720817458;510000;;;11548000;682639000;10526000;374600000
